index,score
0,0.858564
1,0.161759
2,0.708905
3,0.870753
4,0.294218
5,0.762984
7,0.850819
8,0.219427
9,0.820074
10,0.730561
11,0.861708
12,0.726005
14,0.281506
15,0.079702
16,0.247105
17,0.660504
18,0.380153
19,0.576457
21,0.694760
22,0.881508
23,0.433787
24,0.429021
25,0.856519
26,0.155770
27,0.599602
28,0.674471
29,0.784862
30,0.300040
31,0.400598
32,0.323707
33,0.736294
34,0.303429
36,0.206705
37,0.234527
38,0.594713
39,0.737705
40,0.785417
41,0.137225
42,0.423276
43,0.302029
45,0.220772
46,0.206427
47,0.916720
48,0.469588
49,0.009356
50,0.702071
51,0.808229
52,0.819974
53,0.305962
54,0.957488
55,0.284262
56,0.583846
59,0.509434
60,0.665470
61,0.728550
62,0.140814
63,0.392264
64,0.308929
65,0.678404
66,0.685137
67,0.605891
68,0.830330
69,0.850363
70,0.751794
71,0.868208
72,0.941343
73,0.891553
74,0.667426
75,0.888742
76,0.190793
78,0.566090
79,0.133103
80,0.646003
81,0.892631
82,0.885431
84,0.686326
86,0.426987
87,0.280706
89,0.901920
90,0.613214
91,0.933265
92,0.483022
93,0.145803
94,0.365186
95,0.221738
97,0.617458
98,0.250417
99,0.365519
100,0.263650
101,0.429465
102,0.928387
103,0.424132
104,0.900664
105,0.173937
106,0.251361
107,0.896853
108,0.184215
109,0.133747
111,0.870030
112,0.271084
113,0.658126
114,0.273595
115,0.379164
116,0.431887
117,0.442743
118,0.822429
119,0.174615
120,0.257695
121,0.872986
122,0.410142
124,0.904520
125,0.249183
126,0.679060
127,0.780451
128,0.446165
129,0.038201
130,0.587457
131,0.857775
134,0.842152
135,0.232583
136,0.301084
137,0.757217
138,0.911265
139,0.065990
141,0.720227
142,0.764228
143,0.328230
144,0.786695
145,0.245294
146,0.843530
147,0.369975
148,0.454221
149,0.280440
150,0.219083
151,0.764873
152,0.057212
153,0.115769
154,0.873142
155,0.210882
156,0.452721
157,0.545857
158,0.837541
159,0.655903
160,0.296829
161,0.071279
162,0.822174
163,0.820496
164,0.436587
165,0.118403
166,0.591791
167,0.907331
168,0.356641
169,0.806029
174,0.529090
175,0.856441
176,0.681771
177,0.281206
178,0.288406
179,0.733505
180,0.054212
181,0.177293
182,0.953488
185,0.855575
186,0.374431
187,0.280317
188,0.270717
189,0.798662
190,0.240172
191,0.844008
193,0.332885
194,0.249783
195,0.352908
196,0.168337
197,0.739272
198,0.949932
199,0.269828
201,0.146370
202,0.346074
203,0.439921
204,0.805196
205,0.789895
206,0.889686
207,0.107069
209,0.692326
210,0.173093
212,0.315140
213,0.196627
214,0.642514
215,0.605325
216,0.185960
217,0.513634
218,0.720294
219,0.157715
220,0.119869
221,0.945077
222,0.931554
223,0.761995
224,0.781406
225,0.324329
226,0.162304
227,0.169882
228,0.742750
229,0.786984
230,0.561935
231,0.908354
232,0.693382
233,0.237839
235,0.259828
236,0.349886
237,0.322807
238,0.280695
239,0.926243
240,0.891986
241,0.883153
242,0.443710
243,0.301751
244,0.143114
245,0.758895
246,0.395453
247,0.251117
248,0.759417
249,0.735050
250,0.332218
251,0.912665
252,0.973599
253,0.616936
254,0.140859
255,0.106080
256,0.096313
257,0.254172
258,0.543123
259,0.553512
260,0.629336
261,0.315807
262,0.261017
263,0.257183
264,0.090313
265,0.343063
266,0.805073
267,0.814540
268,0.714749
269,0.158559
270,0.318196
271,0.915109
272,0.611502
273,0.832674
274,0.654759
275,0.762695
276,0.289418
277,0.471210
278,0.963610
280,0.081402
281,0.362430
282,0.806062
283,0.905865
284,0.418432
285,0.433432
287,0.600680
288,0.245805
289,0.306851
290,0.069368
291,0.412965
292,0.604702
293,0.716516
294,0.916043
295,0.668937
296,0.514878
297,0.708427
298,0.698860
299,0.390509
300,0.570635
301,0.594680
302,0.334607
303,0.557924
304,0.240372
305,0.520856
306,0.616403
307,0.913698
309,0.376175
310,0.503578
311,0.271817
312,0.188993
313,0.428698
314,0.300129
315,0.586046
316,0.232172
317,0.344208
318,0.232094
319,0.698860
320,0.148481
321,0.413254
322,0.585924
323,0.260995
324,0.398787
325,0.178315
326,0.184771
327,0.755395
328,0.061612
330,0.689760
331,0.434154
332,0.096135
334,0.750861
335,0.303629
336,0.519567
337,0.397776
338,0.518378
339,0.324441
340,0.336130
341,0.092691
342,0.525078
343,0.926432
344,0.109869
345,0.719094
347,0.742672
348,0.305029
349,0.381808
350,0.423443
351,0.459799
352,0.364186
353,0.254028
354,0.741516
355,0.254239
357,0.625836
358,0.341019
359,0.962310
360,0.322240
361,0.541956
362,0.441754
363,0.891175
364,0.622892
365,0.291573
366,0.441765
367,0.791995
368,0.452943
369,0.710027
370,0.666370
372,0.532967
373,0.277940
374,0.841219
375,0.463433
376,0.029745
377,0.785084
379,0.797707
380,0.317251
381,0.370242
382,0.953032
383,0.968666
384,0.252761
385,0.307818
386,0.299251
387,0.824618
389,0.223072
390,0.275495
391,0.275739
392,0.652948
393,0.501744
394,0.345697
395,0.976544
397,0.804207
398,0.282495
399,0.759784
402,0.095702
403,0.181460
404,0.743117
405,0.240416
406,0.823096
407,0.311618
408,0.787073
409,0.898664
410,0.847330
411,0.724416
412,0.225549
413,0.260239
414,0.636459
415,0.196338
416,0.879308
417,0.590558
418,0.924343
419,0.292240
420,0.939088
421,0.146881
422,0.117680
423,0.914254
424,0.593091
425,0.590591
426,0.234983
427,0.950766
429,0.839052
430,0.924298
431,0.816896
432,0.173015
433,0.937087
434,0.986744
435,0.643237
438,0.610180
439,0.093213
440,0.363819
441,0.423376
442,0.097947
443,0.636347
444,0.843052
445,0.077835
446,0.133725
447,0.745317
448,0.616558
449,0.461099
451,0.797707
452,0.264961
453,0.202527
454,0.762561
455,0.437743
456,0.886242
457,0.112536
458,0.583957
459,0.728450
460,0.846985
461,0.246561
462,0.315874
463,0.218083
464,0.279717
465,0.265150
466,0.411298
467,0.204549
468,0.025312
469,0.911831
470,0.124792
471,0.373342
472,0.229194
473,0.412120
474,0.355886
475,0.940521
477,0.429865
478,0.898998
479,0.845985
480,0.142581
481,0.789195
484,0.949410
485,0.775873
486,0.147714
487,0.853819
489,0.738894
490,0.701527
491,0.575735
492,0.612247
493,0.925543
494,0.182571
495,0.229527
496,0.552234
497,0.829163
498,0.405087
499,0.223749
500,0.904120
501,0.857119
502,0.585835
503,0.072835
504,0.246905
505,0.549857
506,0.716394
507,0.724861
509,0.893375
510,0.812585
511,0.417065
512,0.818807
514,0.604947
515,0.412454
516,0.113314
517,0.716527
518,0.914187
519,0.251150
520,0.913887
521,0.695749
522,0.338396
523,0.262039
524,0.227294
525,0.255528
526,0.814274
527,0.686815
528,0.203471
529,0.845674
530,0.302418
532,0.877275
533,0.152581
534,0.227950
535,0.478466
536,0.247794
537,0.241983
538,0.250583
539,0.098624
540,0.202738
543,0.785051
544,0.762195
545,0.446854
547,0.244094
548,0.494011
549,0.739272
550,0.496889
551,0.067590
553,0.714949
554,0.325607
555,0.802951
556,0.838008
557,0.467677
558,0.937710
559,0.150948
560,0.128158
561,0.732772
562,0.279973
563,0.751983
564,0.306696
565,0.226649
567,0.213549
568,0.298462
569,0.208605
570,0.316040
571,0.285406
573,0.791462
574,0.042356
575,0.954288
576,0.166726
577,0.387831
578,0.810718
579,0.713271
580,0.510000
581,0.192871
583,0.862497
584,0.381875
585,0.954021
586,0.912454
587,0.313129
588,0.368175
589,0.695982
590,0.533490
591,0.593313
592,0.205105
593,0.307140
595,0.142236
596,0.011045
597,0.547245
598,0.062746
599,0.727672
600,0.194371
601,0.427143
602,0.688015
603,0.582191
604,0.520567
605,0.225661
606,0.773595
607,0.189404
609,0.700771
611,0.835985
612,0.507311
614,0.025367
615,0.592702
616,0.567968
618,0.654970
619,0.787718
620,0.568324
621,0.638603
622,0.343441
623,0.782473
624,0.754117
625,0.330152
626,0.649370
627,0.501467
628,0.947543
630,0.820607
632,0.138359
633,0.632370
635,0.807951
636,0.040690
637,0.841719
638,0.502311
639,0.307229
640,0.733861
641,0.199104
642,0.547890
643,0.672048
644,0.374664
645,0.316518
648,0.583646
649,0.875908
650,0.214960
651,0.804551
652,0.430198
653,0.563879
654,0.579880
655,0.154148
656,0.936332
657,0.281395
658,0.892075
659,0.208371
660,0.717638
661,0.827441
662,0.129347
664,0.630181
665,0.781128
666,0.150714
667,0.360041
668,0.426798
669,0.286873
670,0.845130
671,0.251228
672,0.823374
674,0.686815
675,0.834930
676,0.229427
677,0.078257
678,0.330030
679,0.187226
681,0.784362
682,0.911265
683,0.328685
684,0.934810
687,0.052323
688,0.551501
689,0.749883
690,0.282962
691,0.243639
693,0.745661
694,0.251561
695,0.144292
696,0.478966
697,0.896064
698,0.042468
699,0.197304
700,0.244761
701,0.499189
702,0.698416
703,0.777540
704,0.348474
705,0.365830
707,0.353608
708,0.957910
709,0.695115
710,0.638436
711,0.198438
712,0.568657
713,0.363730
714,0.382286
716,0.478044
717,0.507478
718,0.434410
719,0.305362
720,0.300362
721,0.924432
722,0.292106
723,0.588858
724,0.978488
725,0.813007
726,0.673171
727,0.351830
728,0.322696
729,0.599769
730,0.890253
731,0.215816
732,0.609347
733,0.378120
734,0.528345
735,0.942532
736,0.864108
737,0.730083
738,0.379353
739,0.312029
740,0.442843
741,0.497767
742,0.343463
743,0.369975
744,0.273117
745,0.543068
746,0.801096
747,0.271539
748,0.462377
750,0.383342
751,0.743428
752,0.044557
753,0.460332
754,0.307707
755,0.488100
756,0.662048
757,0.049790
758,0.268806
759,0.262317
760,0.155092
761,0.200327
762,0.630025
763,0.244950
764,0.733683
765,0.203627
766,0.162092
767,0.893053
768,0.224216
769,0.620914
770,0.847197
771,0.088613
773,0.148781
774,0.709105
775,0.412654
776,0.775239
777,0.196760
778,0.251039
779,0.310307
780,0.250850
781,0.867475
782,0.042379
783,0.110414
784,0.142592
785,0.876631
786,0.248317
787,0.340108
788,0.741316
789,0.188315
790,0.058724
791,0.837574
792,0.344608
794,0.187104
795,0.200549
796,0.437132
797,0.339752
798,0.828007
799,0.288806
800,0.215249
801,0.783717
802,0.102913
803,0.793340
804,0.658181
805,0.853319
806,0.522445
807,0.846041
808,0.878153
809,0.611202
810,0.955132
812,0.825074
813,0.894609
814,0.653626
815,0.196315
816,0.667682
817,0.866230
818,0.768295
819,0.532167
820,0.720649
821,0.475988
823,0.273873
824,0.215971
825,0.237705
826,0.299562
828,0.790451
829,0.400564
830,0.098047
831,0.557879
832,0.555790
833,0.297295
834,0.258728
835,0.763328
836,0.404276
837,0.231361
838,0.873319
839,0.450454
840,0.954777
841,0.857652
842,0.235916
843,0.620580
844,0.635403
845,0.926021
846,0.140425
847,0.257395
848,0.182737
849,0.835807
850,0.605669
851,0.708016
852,0.779362
854,0.497833
855,0.829363
856,0.810585
857,0.787429
858,0.614314
859,0.720605
860,0.038701
861,0.176782
864,0.485155
865,0.619503
866,0.119792
867,0.192004
868,0.584569
869,0.906998
870,0.215316
871,0.957544
872,0.635825
873,0.909576
874,0.831418
875,0.622136
876,0.831663
877,0.294395
878,0.902631
880,0.174259
881,0.853419
882,0.571402
883,0.244372
884,0.319140
885,0.892853
886,0.630681
887,0.707505
888,0.212449
889,0.341819
890,0.364030
891,0.174537
892,0.574602
893,0.718316
894,0.375831
896,0.488522
897,0.106602
898,0.273351
899,0.813363
901,0.845285
902,0.108436
903,0.421643
904,0.672337
905,0.926587
907,0.187960
908,0.755850
909,0.381320
910,0.101402
911,0.751794
912,0.179515
913,0.587024
914,0.223127
915,0.710060
916,0.268762
917,0.350086
918,0.668182
919,0.271095
920,0.826596
921,0.413587
922,0.620525
923,0.628203
925,0.852808
926,0.086413
927,0.799684
928,0.696438
929,0.102280
930,0.854641
931,0.499633
932,0.515845
933,0.167782
934,0.896064
935,0.243383
937,0.927510
938,0.676193
940,0.200738
941,0.754583
942,0.147659
943,0.897031
944,0.430787
945,0.807318
946,0.646448
947,0.841530
948,0.094880
949,0.138125
950,0.834863
951,0.538168
952,0.260972
953,0.664004
954,0.357463
955,0.323196
956,0.529423
957,0.073135
958,0.881920
959,0.876431
960,0.404398
961,0.491389
962,0.851541
963,0.297029
964,0.887409
965,0.030845
966,0.533934
967,0.907153
968,0.369942
969,0.307751
970,0.365353
971,0.177137
972,0.037879
973,0.306218
974,0.492422
975,0.124658
976,0.617225
977,0.307940
978,0.814763
979,0.433210
980,0.679204
981,0.637703
982,0.567546
983,0.893920
984,0.746172
985,0.338763
986,0.772717
987,0.767706
988,0.615025
989,0.251217
990,0.028223
991,0.171204
992,0.883953
993,0.249617
994,0.316551
996,0.748628
997,0.277917
998,0.150548
999,0.495455
1000,0.843708
1001,0.189449
1002,0.831685
1003,0.527456
1004,0.167559
1005,0.702849
1006,0.359375
1007,0.495533
1008,0.915987
1009,0.391242
1010,0.621347
1011,0.123736
1012,0.468855
1013,0.813074
1014,0.377008
1015,0.171293
1016,0.186560
1017,0.148381
1018,0.546223
1019,0.267839
1020,0.265384
1021,0.825963
1022,0.668570
1023,0.252161
1024,0.245005
1025,0.670659
1026,0.663070
1027,0.309196
1028,0.762650
1029,0.575368
1030,0.822418
1031,0.811096
1032,0.814040
1033,0.864608
1034,0.800618
1035,0.829496
1036,0.497000
1038,0.869853
1039,0.787106
1040,0.593013
1041,0.558635
1042,0.353486
1043,0.389498
1044,0.670026
1046,0.205827
1047,0.355308
1048,0.586535
1049,0.182026
1050,0.539201
1051,0.318418
1052,0.188782
1053,0.803507
1056,0.240883
1057,0.715171
1058,0.955710
1059,0.950521
1061,0.424665
1062,0.250006
1063,0.369719
1064,0.181860
1065,0.120858
1066,0.984189
1067,0.836252
1068,0.919354
1069,0.088224
1070,0.611425
1071,0.302340
1073,0.333319
1074,0.803729
1076,0.350063
1077,0.087280
1078,0.913009
1079,0.836852
1080,0.701760
1081,0.456721
1082,0.373531
1084,0.167048
1085,0.331674
1086,0.886631
1087,0.189893
1090,0.640592
1091,0.588591
1093,0.674326
1095,0.883864
1096,0.358241
1097,0.336652
1098,0.819352
1099,0.068102
1100,0.594424
1101,0.827341
1102,0.902320
1103,0.221805
1104,0.704960
1105,0.479555
1106,0.142737
1107,0.672615
1108,0.620992
1109,0.457121
1110,0.040956
1111,0.126336
1112,0.758950
1113,0.248194
1115,0.817285
1116,0.306273
1117,0.653281
1118,0.633659
1119,0.495700
1120,0.941932
1121,0.642103
1122,0.719138
1123,0.844452
1124,0.437210
1125,0.864475
1126,0.770728
1127,0.518089
1128,0.197971
1129,0.031578
1130,0.983200
1131,0.541245
1132,0.378120
1133,0.675026
1134,0.385031
1135,0.830041
1136,0.478222
1137,0.140359
1138,0.282184
1139,0.199627
1140,0.932643
1141,0.081868
1142,0.117380
1143,0.115303
1144,0.825074
1145,0.781062
1146,0.274873
1148,0.821352
1149,0.399764
1151,0.114647
1152,0.804462
1153,0.277439
1155,0.386942
1156,0.953577
1157,0.506045
1158,0.309385
1159,0.260928
1160,0.515434
1161,0.471144
1162,0.079468
1164,0.769662
1165,0.101624
1167,0.586613
1168,0.369986
1169,0.218172
1170,0.434610
1171,0.472677
1172,0.074379
1173,0.264373
1174,0.660070
1175,0.288795
1176,0.264728
1177,0.725616
1178,0.945221
1179,0.219794
1180,0.085669
1182,0.865086
1183,0.616436
1184,0.237883
1186,0.232005
1187,0.437187
1188,0.505767
1189,0.162126
1190,0.952132
1191,0.396564
1192,0.194704
1193,0.744617
1194,0.273706
1195,0.551701
1196,0.209694
1197,0.353341
1198,0.364641
1199,0.345674
1200,0.330741
1201,0.306640
1202,0.797151
1203,0.630325
1204,0.968088
1205,0.867742
1206,0.210527
1207,0.892875
1208,0.617792
1209,0.352352
1210,0.307407
1212,0.986166
1214,0.878597
1215,0.347841
1216,0.230094
1217,0.898509
1218,0.138325
1219,0.118147
1220,0.092769
1221,0.129958
1222,0.848586
1223,0.427998
1224,0.427098
1225,0.621580
1226,0.124414
1227,0.927354
1228,0.889231
1229,0.214583
1230,0.775473
1232,0.412743
1233,0.379375
1234,0.966144
1235,0.192249
1236,0.125303
1237,0.153770
1238,0.296373
1239,0.850197
1240,0.287595
1241,0.508634
1243,0.307796
1244,0.330407
1245,0.233416
1246,0.353530
1247,0.487277
1248,0.213649
1249,0.012034
1250,0.260839
1251,0.895342
1252,0.647937
1253,0.255039
1254,0.928754
1255,0.503345
1256,0.832085
1258,0.189793
1259,0.291073
1260,0.770262
1261,0.030512
1262,0.851886
1263,0.781362
1264,0.956632
1265,0.266617
1266,0.387798
1267,0.217605
1268,0.205205
1269,0.705305
1270,0.370019
1271,0.146192
1272,0.494767
1273,0.553590
1274,0.268884
1275,0.881086
1276,0.795640
1277,0.218194
1278,0.972310
1279,0.275706
1280,0.538956
1281,0.369175
1282,0.835130
1283,0.979566
1284,0.329374
1285,0.307373
1286,0.193938
1287,0.771506
1288,0.372653
1289,0.678304
1290,0.888664
1292,0.574991
1293,0.174893
1294,0.254706
1295,0.157226
1296,0.316051
1297,0.562457
1298,0.651703
1299,0.216494
1300,0.837474
1301,0.617114
1303,0.846708
1304,0.386153
1306,0.189793
1307,0.107213
1308,0.916687
1309,0.303773
1310,0.623736
1311,0.723061
1312,0.487489
1313,0.864319
1314,0.858519
1315,0.357764
1316,0.615547
1317,0.193182
1318,0.334030
1319,0.108702
1320,0.491766
1321,0.661037
1322,0.530845
1323,0.827396
1324,0.774973
1325,0.708882
1327,0.332063
1328,0.051012
1329,0.746994
1330,0.316529
1331,0.258884
1332,0.519634
1334,0.399153
1335,0.378897
1336,0.902753
1337,0.151359
1338,0.793418
1339,0.646159
1340,0.898476
1341,0.779695
1342,0.825652
1343,0.660970
1344,0.509300
1345,0.909909
1346,0.759717
1347,0.777817
1348,0.574291
1349,0.632058
1350,0.624392
1351,0.933565
1352,0.617325
1353,0.932243
1354,0.136792
1356,0.320563
1357,0.893675
1358,0.964521
1359,0.461032
1360,0.136559
1361,0.149703
1362,0.874486
1363,0.417131
1364,0.182437
1365,0.924732
1367,0.800907
1368,0.544734
1369,0.295818
1370,0.846919
1372,0.235061
1373,0.662004
1375,0.800518
1376,0.221883
1377,0.608302
1378,0.429832
1379,0.362741
1380,0.204416
1381,0.190971
1382,0.590646
1383,0.193993
1384,0.767395
1386,0.731938
1387,0.070713
1388,0.779995
1389,0.703727
1390,0.749328
1391,0.130158
1392,0.201927
1393,0.711538
1394,0.284040
1395,0.822418
1396,0.093013
1398,0.835774
1399,0.260139
1400,0.084013
1401,0.579713
1402,0.785317
1403,0.448888
1404,0.749106
1407,0.480544
1408,0.231094
1410,0.282729
1411,0.211327
1412,0.919387
1413,0.470155
1414,0.325818
1415,0.381497
1416,0.509800
1418,0.335707
1419,0.165481
1420,0.639659
1421,0.340519
1422,0.683604
1424,0.849530
1425,0.837174
1426,0.393587
1427,0.510811
1428,0.216616
1430,0.288384
1431,0.700182
1432,0.601824
1433,0.134070
1434,0.011000
1435,0.546612
1437,0.208049
1438,0.500256
1439,0.215616
1440,0.212560
1441,0.797662
1442,0.791640
1443,0.650981
1444,0.474733
1445,0.551357
1447,0.848852
1448,0.344485
1449,0.524834
1450,0.748861
1451,0.855519
1452,0.241583
1453,0.793918
1454,0.914554
1455,0.355252
1456,0.316507
1457,0.694249
1458,0.084224
1459,0.300940
1460,0.889364
1461,0.883775
1462,0.128170
1464,0.244172
1465,0.633359
1466,0.136703
1467,0.258584
1468,0.874453
1469,0.271939
1470,0.287940
1471,0.481911
1472,0.098058
1473,0.606580
1474,0.294062
1475,0.066968
1476,0.364075
1477,0.108058
1478,0.337719
1479,0.855886
1480,0.200627
1481,0.815818
1482,0.409309
1485,0.312796
1486,0.439032
1488,0.537990
1489,0.327374
1490,0.930998
1492,0.774662
1493,0.045923
1494,0.225261
1495,0.376708
1497,0.653203
1498,0.231327
1499,0.602091
1500,0.728405
1501,0.693827
1503,0.292873
1504,0.378620
1506,0.832007
1507,0.750250
1508,0.920309
1509,0.757506
1510,0.646059
1511,0.736283
1512,0.197982
1513,0.293584
1514,0.830941
1515,0.947688
1516,0.936443
1517,0.526523
1518,0.261217
1519,0.754150
1520,0.317752
1521,0.901987
1522,0.269717
1523,0.605069
1524,0.237605
1526,0.224227
1527,0.282273
1528,0.109314
1529,0.090869
1530,0.095247
1532,0.691226
1533,0.819718
1535,0.743028
1536,0.156848
1537,0.980433
1538,0.827463
1539,0.749417
1540,0.763650
1541,0.443599
1542,0.840730
1543,0.381120
1544,0.094913
1545,0.268184
1546,0.416398
1547,0.861941
1548,0.691138
1549,0.709294
1550,0.273862
1551,0.093969
1552,0.438243
1553,0.312785
1555,0.490766
1557,0.666481
1558,0.840652
1559,0.630936
1560,0.544579
1561,0.186693
1563,0.874786
1564,0.079935
1565,0.765939
1566,0.358675
1567,0.391620
1568,0.655659
1569,0.463821
1570,0.257917
1571,0.263661
1572,0.350886
1573,0.812874
1574,0.207182
1575,0.258628
1576,0.524034
1577,0.380486
1578,0.570968
1579,0.435043
1581,0.755617
1582,0.105069
1583,0.861586
1584,0.385397
1585,0.156181
1586,0.729883
1587,0.634825
1588,0.263606
1589,0.185171
1590,0.164793
1591,0.547746
1592,0.464344
1593,0.776539
1594,0.912687
1596,0.363153
1597,0.899798
1598,0.722983
1599,0.138448
1600,0.920398
1601,0.983900
1602,0.182160
1603,0.758439
1604,0.231527
1605,0.353575
1606,0.690404
1607,0.204282
1608,0.546868
1609,0.035101
1610,0.586780
1611,0.705905
1612,0.443454
1613,0.455121
1614,0.880408
1615,0.468599
1617,0.282529
1619,0.719816
1620,0.174237
1621,0.351663
1622,0.112236
1623,0.615569
1624,0.450088
1625,0.751006
1626,0.893909
1627,0.325418
1628,0.281395
1629,0.550790
1630,0.708605
1631,0.168904
1632,0.005700
1633,0.721283
1634,0.803396
1635,0.256961
1636,0.496355
1637,0.184315
1638,0.628925
1639,0.848586
1640,0.054690
1641,0.878375
1642,0.938610
1644,0.803073
1645,0.776428
1646,0.176193
1647,0.641670
1648,0.642681
1649,0.846774
1650,0.214171
1651,0.705871
1652,0.321285
1653,0.456877
1654,0.772551
1655,0.962933
1656,0.059701
1659,0.218160
1661,0.802196
1662,0.836796
1663,0.680704
1664,0.693638
1665,0.903220
1666,0.513400
1667,0.725861
1668,0.146159
1669,0.599280
1671,0.211927
1672,0.367719
1673,0.192371
1674,0.619225
1675,0.171193
1676,0.146514
1677,0.138714
1678,0.271006
1679,0.243772
1680,0.257228
1681,0.267595
1683,0.266561
1684,0.408476
1685,0.353230
1686,0.141481
1688,0.218972
1689,0.250650
1690,0.813829
1691,0.276384
1693,0.649926
1694,0.761984
1695,0.229127
1696,0.648914
1697,0.254572
1698,0.632625
1700,0.087280
1701,0.149437
1703,0.826874
1704,0.873986
1705,0.354519
1706,0.264584
1707,0.792351
1708,0.869097
1709,0.897620
1710,0.635547
1711,0.303151
1712,0.072224
1713,0.693904
1714,0.528456
1715,0.377875
1716,0.254595
1718,0.082780
1719,0.247028
1721,0.769728
1722,0.680737
1723,0.270317
1724,0.738805
1725,0.739716
1726,0.560490
1727,0.900709
1728,0.282184
1729,0.166448
1732,0.037556
1733,0.234150
1734,0.725338
1735,0.231683
1736,0.703449
1737,0.930510
1738,0.165093
1739,0.763473
1740,0.246294
1741,0.962210
1742,0.212894
1743,0.341174
1744,0.809207
1746,0.361541
1748,0.496822
1749,0.618903
1750,0.176993
1751,0.852286
1752,0.552879
1754,0.452466
1755,0.919754
1756,0.398109
1757,0.269973
1759,0.459077
1760,0.717905
1761,0.067935
1762,0.647281
1763,0.253072
1765,0.639803
1766,0.055846
1767,0.816951
1768,0.920265
1770,0.096269
1771,0.127803
1774,0.811307
1775,0.846241
1776,0.941099
1777,0.898398
1778,0.820052
1779,0.524645
1780,0.559824
1782,0.433465
1783,0.209882
1785,0.334474
1786,0.710638
1787,0.302518
1788,0.360864
1789,0.837196
1790,0.226405
1791,0.514478
1792,0.362008
1793,0.574191
1794,0.258639
1795,0.710427
1796,0.713838
1797,0.190860
1798,0.752861
1799,0.433165
1801,0.806251
1802,0.309696
1803,0.794151
1804,0.245317
1805,0.372130
1806,0.124314
1807,0.472388
1808,0.240905
1809,0.797884
1810,0.831407
1811,0.395064
1812,0.803629
1813,0.066724
1815,0.727338
1816,0.729116
1817,0.681426
1818,0.362719
1819,0.505378
1820,0.173748
1821,0.590180
1822,0.387742
1824,0.051601
1826,0.837274
1827,0.241961
1828,0.787862
1831,0.237127
1832,0.754639
1833,0.381408
1834,0.410009
1835,0.207082
1836,0.652026
1837,0.470710
1838,0.072946
1839,0.648159
1840,0.146314
1841,0.623658
1842,0.410787
1843,0.487522
1844,0.508389
1845,0.516856
1846,0.721660
1847,0.366497
1848,0.146548
1849,0.098258
1850,0.290473
1851,0.452777
1852,0.421143
1853,0.176804
1857,0.421609
1858,0.266773
1859,0.147581
1861,0.179226
1862,0.910354
1863,0.371842
1864,0.526112
1865,0.579491
1866,0.826329
1867,0.948832
1868,0.975733
1869,0.908209
1870,0.766639
1871,0.607347
1872,0.022934
1873,0.637070
1874,0.798284
1875,0.963388
1876,0.437010
1877,0.494800
1878,0.271028
1879,0.615091
1880,0.132570
1881,0.285251
1882,0.385842
1883,0.402631
1884,0.611291
1885,0.061024
1886,0.489400
1887,0.332052
1888,0.605291
1889,0.394764
1890,0.184315
1891,0.410431
1892,0.225461
1893,0.770239
1896,0.262050
1897,0.200871
1898,0.271228
1899,0.161604
1900,0.105969
1901,0.197038
1902,0.260172
1903,0.822163
1904,0.676315
1905,0.312096
1906,0.269806
1907,0.724905
1909,0.274451
1910,0.877353
1911,0.364208
1912,0.144314
1913,0.253728
1914,0.370953
1916,0.067990
1917,0.908287
1918,0.164026
1919,0.767206
1920,0.629325
1921,0.758861
1922,0.538701
1923,0.906998
1924,0.430198
1925,0.382997
1927,0.267284
1928,0.315685
1929,0.688649
1930,0.798173
1931,0.195393
1932,0.307073
1933,0.569379
1934,0.374519
1935,0.396464
1936,0.500856
1937,0.581724
1938,0.688526
1940,0.791995
1941,0.354208
1942,0.686160
1943,0.401753
1944,0.836430
1945,0.323541
1948,0.704238
1949,0.546679
1950,0.436832
1951,0.402309
1952,0.385575
1953,0.781351
1954,0.309451
1955,0.768806
1956,0.822596
1957,0.131881
1958,0.830030
1959,0.849452
1960,0.923798
1961,0.399009
1962,0.430865
1963,0.299662
1964,0.404342
1966,0.747405
1967,0.293518
1968,0.821674
1969,0.688304
1970,0.205405
1971,0.770517
1972,0.845241
1975,0.662092
1977,0.482944
1978,0.962755
1979,0.238205
1980,0.442143
1981,0.499889
1982,0.781051
1983,0.813640
1984,0.441754
1985,0.196360
1986,0.375297
1987,0.272639
1988,0.541412
1989,0.804085
1990,0.311662
1991,0.748150
1993,0.886475
1994,0.948854
1995,0.197804
1996,0.933354
1997,0.090269
1998,0.122925
1999,0.846963
2000,0.279440
2001,0.839308
2002,0.717271
2003,0.030101
2004,0.359741
2005,0.735827
2006,0.309640
2007,0.499411
2008,0.348841
2010,0.556668
2011,0.713716
2013,0.543668
2014,0.293962
2015,0.368586
2016,0.212516
2017,0.687960
2018,0.743839
2019,0.207894
2020,0.622936
2021,0.505345
2022,0.859086
2023,0.797896
2024,0.329230
2025,0.803973
2026,0.785295
2027,0.202016
2028,0.270773
2029,0.409009
2030,0.502900
2031,0.356675
2032,0.775551
2033,0.759572
2034,0.166348
2035,0.039956
2036,0.818240
2037,0.339852
2038,0.913831
2039,0.588969
2040,0.903409
2041,0.346663
2042,0.494422
2043,0.352675
2044,0.865619
2046,0.255183
2047,0.226916
2048,0.920220
2050,0.242139
2051,0.804373
2052,0.296384
2053,0.062635
2054,0.403565
2055,0.334185
2056,0.770173
2057,0.164548
2058,0.733572
2059,0.417609
2060,0.281551
2062,0.680582
2063,0.115191
2064,0.905087
2066,0.596402
2067,0.865375
2068,0.485733
2069,0.857675
2070,0.276773
2071,0.800162
2072,0.718505
2073,0.566024
2074,0.256750
2075,0.328652
2077,0.256117
2078,0.674715
2079,0.019523
2081,0.773917
2082,0.305085
2083,0.842274
2084,0.929410
2085,0.303307
2086,0.144081
2088,0.519445
2089,0.399120
2090,0.124281
2091,0.426843
2093,0.032267
2094,0.333807
2095,0.743717
2096,0.848252
2097,0.132847
2098,0.516111
2099,0.746328
2100,0.186449
2101,0.933965
2102,0.645048
2103,0.555612
2104,0.401909
2105,0.201427
2106,0.926498
2107,0.018345
2108,0.886153
2109,0.959644
2110,0.122614
2111,0.175104
2112,0.434687
2114,0.624881
2115,0.899031
2116,0.307307
2117,0.515934
2119,0.779306
2120,0.745405
2121,0.188793
2122,0.450543
2123,0.568913
2124,0.286362
2125,0.968888
2126,0.697427
2127,0.817029
2128,0.907865
2129,0.210649
2130,0.775273
2131,0.160270
2132,0.449710
2135,0.334407
2136,0.125403
2137,0.929465
2138,0.442032
2139,0.895098
2140,0.880542
2142,0.227449
2143,0.254761
2144,0.301118
2145,0.855241
2146,0.759961
2147,0.766717
2149,0.113491
2150,0.685326
2152,0.289584
2153,0.256695
2154,0.567268
2155,0.991733
2157,0.893164
2158,0.431965
2159,0.426876
2160,0.784240
2162,0.816551
2163,0.087313
2164,0.582213
2165,0.513923
2166,0.732450
2167,0.174237
2168,0.722961
2169,0.932699
2170,0.700516
2171,0.122469
2172,0.115136
2173,0.304373
2174,0.450177
2175,0.242250
2176,0.485433
2177,0.445588
2178,0.273028
2179,0.771439
2180,0.145159
2182,0.216194
2183,0.721560
2184,0.233861
2185,0.131781
2186,0.451543
2187,0.293251
2189,0.938921
2191,0.340196
2192,0.863586
2193,0.396453
2194,0.396631
2195,0.155892
2196,0.664004
2197,0.646481
2198,0.345708
2199,0.847030
2200,0.838341
2201,0.431210
2203,0.776339
2204,0.261328
2205,0.720060
2206,0.354452
2207,0.933099
2208,0.371053
2209,0.842697
2210,0.861541
2212,0.372519
2213,0.253317
2214,0.822296
2216,0.422643
2218,0.537101
2219,0.881686
2220,0.575991
2222,0.824574
2223,0.370342
2224,0.216449
2226,0.214883
2227,0.364797
2228,0.787984
2229,0.648314
2230,0.521212
2231,0.583635
2232,0.428010
2233,0.935876
2234,0.242505
2235,0.653103
2236,0.181160
2237,0.720560
2240,0.874153
2241,0.134003
2242,0.375186
2243,0.930521
2244,0.837908
2245,0.449566
2246,0.051012
2247,0.615036
2248,0.890586
2249,0.254217
2250,0.786117
2252,0.834885
2253,0.657103
2254,0.522012
2255,0.144025
2256,0.211694
2257,0.841041
2258,0.072757
2260,0.852486
2261,0.262472
2262,0.560446
2263,0.462366
2264,0.628614
2265,0.451643
2266,0.852630
2267,0.330674
2268,0.260417
2269,0.917220
2272,0.277173
2273,0.965410
2274,0.818085
2276,0.230738
2277,0.202216
2278,0.850441
2279,0.882597
2280,0.270662
2281,0.264584
2283,0.239561
2284,0.809229
2285,0.909998
2286,0.544668
2287,0.763917
2288,0.828574
2289,0.210060
2290,0.876631
2291,0.902142
2293,0.372130
2294,0.803351
2295,0.819463
2296,0.734383
2297,0.742350
2298,0.852352
2299,0.726738
2300,0.640025
2301,0.272173
2302,0.127836
2303,0.336041
2304,0.593635
2305,0.392642
2306,0.156837
2307,0.917409
2308,0.474466
2310,0.831374
2312,0.808107
2313,0.213594
2314,0.698093
2316,0.713283
2317,0.872442
2318,0.555779
2319,0.831852
2320,0.787784
2321,0.215971
2322,0.387809
2323,0.134136
2324,0.719983
2325,0.860308
2326,0.834685
2327,0.795429
2328,0.702693
2329,0.903998
2330,0.356730
2331,0.283540
2332,0.749861
2333,0.397220
2334,0.872275
2335,0.822985
2336,0.540679
2337,0.748339
2338,0.340285
2339,0.499933
2340,0.779962
2341,0.698082
2342,0.048334
2343,0.196771
2345,0.856130
2346,0.088602
2347,0.749883
2348,0.234739
2349,0.412498
2350,0.377820
2351,0.352352
2352,0.798418
2353,0.770328
2354,0.730638
2355,0.807451
2356,0.844952
2357,0.905909
2358,0.140859
2359,0.770917
2360,0.223583
2361,0.388309
2363,0.880453
2364,0.753272
2365,0.201916
2366,0.294084
2367,0.519889
2368,0.903542
2369,0.414865
2370,0.535790
2371,0.284295
2372,0.399387
2373,0.274451
2374,0.925009
2375,0.231450
2376,0.235172
2377,0.364441
2378,0.326018
2380,0.215694
2381,0.767762
2382,0.156315
2383,0.423143
2385,0.293218
2386,0.690626
2387,0.460710
2388,0.350930
2389,0.384564
2390,0.158392
2391,0.962188
2392,0.205505
2393,0.261117
2394,0.211838
2395,0.746150
2396,0.740416
2397,0.208727
2398,0.208649
2399,0.595191
2400,0.519934
2402,0.346130
2405,0.861464
2406,0.943032
2407,0.886875
2408,0.369964
2409,0.504545
2410,0.374453
2411,0.298396
2412,0.397642
2413,0.721572
2414,0.323574
2415,0.132525
2416,0.482133
2417,0.339552
2418,0.597613
2419,0.803496
2421,0.270906
2423,0.811196
2424,0.310740
2425,0.845819
2426,0.078168
2427,0.377319
2429,0.339741
2430,0.365864
2432,0.442465
2433,0.306762
2434,0.988500
2435,0.394142
2436,0.091713
2437,0.352052
2438,0.795773
2439,0.236027
2440,0.773517
2441,0.193582
2442,0.691293
2443,0.636659
2445,0.401320
2446,0.175871
2447,0.202582
2448,0.521056
2449,0.932165
2450,0.521900
2451,0.050101
2452,0.552923
2453,0.101080
2454,0.186071
2455,0.314751
2456,0.241983
2457,0.434354
2459,0.065101
2461,0.598269
2462,0.164037
2463,0.721249
2464,0.420932
2465,0.957910
2466,0.693004
2467,0.628870
2468,0.584857
2469,0.741472
2470,0.924987
2471,0.389098
2472,0.542634
2473,0.015723
2474,0.936132
2475,0.760317
2477,0.387142
2478,0.308562
2479,0.758184
2480,0.174404
2482,0.995311
2483,0.767595
2486,0.912531
2487,0.650892
2488,0.655548
2489,0.886397
2491,0.066213
2492,0.268450
2493,0.866897
2494,0.790006
2495,0.650314
2496,0.909054
2497,0.907420
2498,0.374519
2499,0.346785
2500,0.467355
2501,0.736661
2503,0.302107
2504,0.667104
2505,0.829585
2507,0.453210
2509,0.398331
2510,0.621625
2511,0.291729
2512,0.034534
2513,0.352897
2514,0.512778
2515,0.974022
2516,0.228250
2517,0.268239
2518,0.834863
2520,0.147548
2521,0.742728
2522,0.446432
2523,0.847274
2524,0.255395
2525,0.951077
2526,0.238361
2527,0.520223
2528,0.046745
2529,0.526989
2530,0.265084
2531,0.585380
2532,0.488989
2533,0.477477
2534,0.843330
2536,0.680660
2537,0.796407
2538,0.580391
2539,0.261328
2540,0.038379
2541,0.330263
2542,0.388564
2543,0.794751
2544,0.603358
2545,0.173004
2546,0.160670
2547,0.246139
2548,0.825852
2549,0.177482
2550,0.565113
2552,0.155637
2553,0.327174
2554,0.691838
2555,0.874831
2556,0.827552
2557,0.704438
2559,0.610547
2560,0.163326
2561,0.811118
2564,0.242917
2565,0.622158
2566,0.936899
2567,0.529545
2568,0.772228
2569,0.562257
2570,0.192949
2572,0.129847
2573,0.886031
2574,0.103858
2575,0.663770
2576,0.689160
2577,0.250317
2579,0.262261
2580,0.529423
2581,0.812818
2582,0.206516
2583,0.180071
2584,0.298340
2585,0.202416
2586,0.191338
2587,0.189460
2589,0.285873
2590,0.671848
2591,0.489678
2593,0.857241
2594,0.623692
2595,0.155292
2596,0.474899
2597,0.206982
2598,0.092647
2599,0.713605
2600,0.644281
2601,0.276706
2602,0.188526
2603,0.270862
2604,0.499467
2605,0.217760
2606,0.461655
2607,0.884775
2608,0.299551
2609,0.559024
2610,0.303940
2612,0.587680
2613,0.063035
2614,0.882709
2615,0.137903
2616,0.121914
2617,0.107514
2618,0.589724
2619,0.106980
2620,0.276739
2621,0.307807
2622,0.808151
2623,0.292651
2624,0.918798
2625,0.254728
2626,0.837541
2627,0.704771
2628,0.186704
2631,0.308851
2632,0.841385
2634,0.473899
2635,0.850408
2636,0.133125
2637,0.554068
2638,0.227472
2639,0.026667
2640,0.733105
2641,0.900631
2642,0.107347
2643,0.296318
2644,0.826574
2645,0.786106
2647,0.246805
2648,0.836707
2649,0.344552
2650,0.214138
2651,0.284584
2652,0.918443
2653,0.827429
2654,0.648759
2656,0.484455
2657,0.089624
2658,0.948110
2659,0.585869
2660,0.046034
2661,0.216783
2662,0.053023
2663,0.842474
2664,0.147348
2665,0.688749
2667,0.186282
2668,0.515700
2669,0.632470
2670,0.160770
2671,0.549146
2672,0.258472
2673,0.545445
2674,0.208971
2675,0.549746
2677,0.942677
2678,0.787918
2679,0.219549
2680,0.910809
2681,0.797918
2682,0.058924
2683,0.344308
2684,0.293484
2685,0.264906
2686,0.323141
2687,0.596524
2688,0.544923
2689,0.164748
2690,0.309996
2692,0.574179
2693,0.684737
2694,0.793073
2696,0.605436
2697,0.718549
2698,0.249472
2699,0.593869
2700,0.785473
2701,0.261750
2702,0.105269
2703,0.122814
2704,0.581813
2705,0.401620
2707,0.902309
2708,0.587057
2709,0.320663
2710,0.252772
2711,0.280762
2712,0.113447
2713,0.441143
2714,0.070313
2715,0.242105
2716,0.351497
2717,0.338452
2718,0.658904
2719,0.292051
2720,0.110814
2721,0.222738
2722,0.480533
2723,0.830463
2724,0.743605
2725,0.856786
2727,0.789262
2728,0.278495
2729,0.193960
2730,0.398198
2731,0.348008
2733,0.737894
2734,0.785351
2737,0.492000
2738,0.693927
2739,0.528845
2740,0.912998
2741,0.214560
2742,0.699282
2743,0.600302
2744,0.745128
2745,0.309118
2746,0.375931
2747,0.628414
2748,0.074146
2749,0.275595
2750,0.598747
2752,0.808585
2753,0.569446
2754,0.865786
2755,0.655826
2756,0.258417
2757,0.151214
2758,0.262661
2759,0.846697
2760,0.907309
2762,0.691193
2763,0.285006
2764,0.991378
2765,0.824318
2766,0.315729
2767,0.338230
2768,0.780062
2770,0.688615
2771,0.192371
2772,0.233605
2774,0.855808
2775,0.323152
2776,0.295440
2777,0.667181
2778,0.114714
2779,0.968777
2780,0.222738
2781,0.242872
2782,0.776051
2783,0.217749
2784,0.718816
2785,0.204205
2786,0.753850
2787,0.834307
2788,0.529534
2789,0.720005
2790,0.354897
2791,0.213027
2792,0.454443
2793,0.258761
2794,0.281251
2795,0.610125
2796,0.343208
2797,0.058124
2798,0.885386
2800,0.279984
2801,0.212227
2802,0.811118
2803,0.297796
2804,0.089269
2805,0.166415
2806,0.476077
2807,0.290251
2808,0.834896
2809,0.534012
2811,0.675193
2812,0.773439
2813,0.775184
2814,0.531801
2815,0.074291
2816,0.117547
2817,0.137436
2818,0.791662
2819,0.311807
2820,0.140270
2821,0.580324
2822,0.591402
2823,0.258339
2824,0.573802
2825,0.927209
2826,0.923732
2827,0.931876
2828,0.727661
2829,0.679060
2830,0.696171
2831,0.161937
2832,0.273073
2834,0.234816
2835,0.836330
2836,0.947388
2837,0.758450
2838,0.615303
2839,0.314107
2840,0.354252
2842,0.787762
2843,0.344341
2844,0.319863
2845,0.413331
2846,0.933621
2847,0.298118
2848,0.926109
2849,0.335130
2850,0.630814
2851,0.921432
2852,0.515167
2853,0.668126
2854,0.205371
2855,0.862430
2857,0.965110
2858,0.660815
2859,0.698138
2860,0.108280
2861,0.916987
2862,0.801073
2863,0.450277
2864,0.687171
2865,0.703516
2866,0.148459
2867,0.386464
2868,0.083646
2869,0.357497
2870,0.372819
2871,0.306029
2872,0.357552
2873,0.631358
2874,0.311562
2875,0.374486
2876,0.715738
2877,0.247483
2878,0.413098
2879,0.156948
2880,0.371586
2881,0.527956
2882,0.698493
2883,0.916820
2884,0.675671
2885,0.749350
2886,0.230538
2887,0.161015
2888,0.252106
2889,0.847930
2890,0.153970
2891,0.523678
2892,0.181348
2893,0.836641
2895,0.848830
2896,0.073535
2897,0.803129
2898,0.700493
2899,0.915743
2900,0.868497
2901,0.874753
2902,0.097469
2903,0.890942
2904,0.121336
2905,0.920154
2906,0.691293
2908,0.764495
2909,0.269706
2910,0.679626
2911,0.125758
2912,0.804907
2914,0.278617
2915,0.412998
2917,0.250294
2919,0.554479
2920,0.276328
2921,0.607213
2922,0.814129
2923,0.273184
2924,0.286595
2925,0.299540
2926,0.364019
2927,0.945488
2928,0.775751
2929,0.326663
2930,0.902009
2931,0.620292
2932,0.456510
2934,0.312829
2936,0.744628
2937,0.292629
2938,0.062246
2939,0.259995
2940,0.440888
2941,0.855041
2943,0.788673
2944,0.568724
2945,0.782884
2946,0.386486
2948,0.620580
2949,0.754117
2950,0.776551
2951,0.686493
2953,0.696449
2954,0.179904
2955,0.788118
2956,0.446488
2957,0.419109
2958,0.712394
2960,0.688804
2961,0.685515
2962,0.119580
2963,0.368208
2964,0.068479
2965,0.722827
2966,0.487600
2967,0.713071
2968,0.115158
2969,0.265528
2970,0.498278
2971,0.772073
2972,0.342552
2973,0.273084
2974,0.219383
2975,0.970688
2976,0.777506
2977,0.336563
2978,0.266006
2979,0.087746
2980,0.739605
2981,0.828963
2982,0.748417
2983,0.185904
2984,0.333330
2985,0.356175
2986,0.565413
2987,0.910209
2988,0.206738
2989,0.784151
2992,0.805007
2993,0.111547
2994,0.576835
2995,0.519723
2996,0.495911
2997,0.481933
2998,0.822941
3001,0.523989
3002,0.815818
3003,0.905520
3004,0.453588
3005,0.562168
3006,0.436854
3007,0.334263
3008,0.521500
3009,0.719316
3010,0.238516
3011,0.289462
3012,0.344908
3013,0.332941
3014,0.285129
3016,0.284540
3017,0.249528
3018,0.789762
3019,0.347541
3021,0.533345
3022,0.278506
3023,0.540945
3024,0.866053
3025,0.592424
3026,0.811585
3027,0.257461
3028,0.334330
3029,0.601591
3031,0.352252
3032,0.181148
3033,0.408742
3034,0.623403
3035,0.899442
3036,0.413809
3037,0.865964
3039,0.794662
3040,0.419432
3041,0.589258
3042,0.844841
3043,0.757128
3044,0.090269
3045,0.243905
3046,0.602491
3047,0.288351
3048,0.602380
3049,0.344808
3050,0.296995
3052,0.403409
3053,0.914409
3054,0.366497
3055,0.371664
3056,0.714516
3057,0.242505
3058,0.163959
3059,0.307840
3060,0.187793
3061,0.708160
3062,0.661604
3063,0.058679
3064,0.792462
3065,0.313040
3066,0.989344
3067,0.940410
3068,0.687449
3069,0.270450
3070,0.462421
3071,0.060268
3072,0.806962
3073,0.277595
3074,0.142870
3075,0.172226
3076,0.139803
3077,0.866497
3078,0.299529
3079,0.258172
3081,0.936099
3082,0.141014
3083,0.247250
3084,0.267550
3085,0.184026
3086,0.839774
3087,0.166704
3088,0.816696
3089,0.715560
3090,0.485555
3091,0.230583
3092,0.883709
3093,0.812318
3094,0.242672
3097,0.719705
3098,0.795229
3099,0.362152
3100,0.682982
3101,0.740272
3102,0.536023
3103,0.240039
3104,0.766306
3106,0.619292
3107,0.896020
3108,0.501456
3109,0.666637
3110,0.638681
3111,0.368853
3112,0.559324
3115,0.066179
3116,0.108480
3118,0.186437
3119,0.870130
3120,0.372875
3121,0.197282
3122,0.254906
3123,0.861519
3124,0.707438
3125,0.627958
3126,0.208538
3127,0.472133
3128,0.241672
3129,0.256595
3130,0.917265
3131,0.427854
3132,0.750261
3133,0.881453
3134,0.490244
3135,0.339630
3136,0.848374
3137,0.714071
3138,0.125358
3140,0.040756
3141,0.891142
3142,0.224383
3143,0.733327
3145,0.637170
3147,0.792273
3148,0.588669
3149,0.139192
3150,0.088835
3151,0.780095
3152,0.775884
3153,0.351474
3154,0.828452
3155,0.326329
3156,0.917643
3157,0.786762
3158,0.887375
3159,0.300929
3160,0.785851
3161,0.348986
3162,0.198471
3163,0.415265
3164,0.831863
3165,0.926165
3166,0.891575
3167,0.642737
3168,0.945665
3169,0.531912
3171,0.288595
3172,0.491066
3173,0.274495
3174,0.392353
3175,0.951932
3176,0.692271
3177,0.688871
3178,0.578280
3179,0.348308
3180,0.616069
3181,0.195204
3182,0.346808
3183,0.830274
3184,0.016156
3185,0.111714
3186,0.290795
3188,0.507945
3189,0.972188
3191,0.868175
3192,0.721127
3193,0.131347
3194,0.216883
3195,0.789606
3196,0.278062
3197,0.114536
3198,0.247005
3199,0.845319
3200,0.374564
3201,0.793818
3202,0.356863
3203,0.452177
3204,0.316974
3205,0.403753
3206,0.306307
3207,0.823452
3208,0.144570
3209,0.392587
3210,0.307240
3211,0.898098
3212,0.847908
3213,0.241183
3214,0.457243
3215,0.208149
3216,0.533212
3217,0.778595
3218,0.562257
3219,0.783940
3220,0.955232
3221,0.120169
3222,0.425487
3223,0.668604
3224,0.359419
3225,0.752561
3226,0.542001
3227,0.341185
3228,0.439343
3229,0.678348
3230,0.170370
3231,0.359030
3232,0.812174
3233,0.299496
3234,0.411442
3235,0.197182
3236,0.566213
3237,0.894531
3238,0.218227
3239,0.181004
3240,0.911398
3241,0.184926
3242,0.589213
3243,0.761628
3244,0.224172
3246,0.734516
3247,0.704738
3248,0.245650
3249,0.282995
3250,0.770517
3251,0.552801
3252,0.520723
3253,0.551179
3254,0.177904
3255,0.890809
3257,0.679560
3258,0.041390
3259,0.598469
3260,0.210438
3261,0.164348
3262,0.267106
3263,0.296895
3264,0.334474
3265,0.822152
3267,0.322274
3268,0.710849
3269,0.234250
3270,0.259706
3271,0.441865
3272,0.887309
3273,0.254561
3274,0.839963
3275,0.340619
3276,0.190138
3277,0.828685
3278,0.694971
3279,0.327229
3280,0.186982
3281,0.818374
3282,0.614569
3283,0.147537
3284,0.259072
3285,0.332896
3286,0.332418
3288,0.897253
3290,0.561924
3291,0.030523
3292,0.236594
3293,0.551046
3295,0.216405
3296,0.540390
3297,0.129892
3299,0.359864
3300,0.302673
3301,0.089180
3302,0.095858
3303,0.901587
3304,0.239716
3306,0.446588
3307,0.736772
3308,0.692527
3309,0.518667
3310,0.206027
3311,0.236794
3312,0.837663
3313,0.580457
3314,0.553423
3315,0.702060
3316,0.438132
3317,0.128470
3318,0.374075
3319,0.168293
3320,0.240528
3321,0.852708
3322,0.327474
3323,0.351386
3324,0.184137
3326,0.374286
3327,0.720005
3328,0.786117
3329,0.005256
3330,0.087924
3331,0.782795
3332,0.755239
3333,0.200371
3334,0.868919
3335,0.932654
3336,0.924254
3337,0.568046
3338,0.560968
3340,0.889820
3341,0.277006
3342,0.728005
3343,0.313518
3344,0.858308
3345,0.558424
3346,0.870386
3347,0.946332
3348,0.678304
3349,0.938276
3350,0.811507
3351,0.805785
3352,0.166581
3353,0.365919
3354,0.763717
3355,0.896764
3356,0.862975
3357,0.478455
3358,0.281673
3360,0.893487
3361,0.919076
3362,0.283540
3364,0.428076
3365,0.698316
3366,0.327285
3367,0.394620
3368,0.777473
3369,0.570979
3370,0.131647
3371,0.308507
3372,0.354441
3373,0.880842
3374,0.252472
3375,0.503333
3376,0.555312
3377,0.975655
3378,0.648403
3379,0.862008
3380,0.844552
3381,0.435643
3382,0.898298
3383,0.840363
3385,0.520400
3386,0.417076
3387,0.807751
3388,0.564235
3389,0.968122
3390,0.668737
3391,0.580446
3392,0.604013
3394,0.298784
3395,0.110580
3396,0.793329
3397,0.613991
3398,0.653159
3399,0.969222
3400,0.817974
3401,0.253117
3402,0.833919
3403,0.598747
3404,0.694549
3407,0.724761
3408,0.743183
3409,0.318607
3410,0.379675
3411,0.203471
3412,0.147892
3413,0.286462
3414,0.609558
3415,0.618692
3416,0.787084
3417,0.164104
3418,0.088946
3419,0.277317
3420,0.223405
3421,0.690493
3422,0.535334
3423,0.054901
3424,0.270928
3425,0.209738
3426,0.124847
3427,0.101613
3428,0.805185
3429,0.595435
3430,0.804451
3431,0.737694
3432,0.534567
3433,0.742050
3434,0.269462
3435,0.832852
3436,0.121458
3437,0.793251
3438,0.921609
3440,0.359819
3441,0.359686
3442,0.247083
3443,0.708149
3444,0.473655
3445,0.517134
3446,0.876408
3447,0.324674
3448,0.467499
3449,0.763706
3450,0.490966
3451,0.811529
3452,0.770062
3453,0.742872
3454,0.652981
3455,0.686749
3456,0.304607
3457,0.662748
3458,0.798140
3459,0.688360
3460,0.832919
3462,0.363841
3464,0.701560
3465,0.147481
3466,0.243194
3467,0.192193
3469,0.248694
3470,0.732138
3471,0.370253
3472,0.574324
3473,0.938254
3474,0.145403
3475,0.775039
3476,0.046723
3477,0.727650
3478,0.022389
3479,0.193515
3480,0.720983
3481,0.269928
3482,0.159270
3483,0.387653
3484,0.055357
3486,0.761372
3487,0.634170
3488,0.072224
3489,0.305140
3490,0.859919
3491,0.330996
3492,0.140370
3493,0.262172
3494,0.467844
3495,0.278640
3496,0.799496
3497,0.378342
3498,0.082368
3499,0.820407
3500,0.243028
3501,0.426609
3503,0.244961
3504,0.395609
3506,0.692115
3507,0.197904
3508,0.738983
3509,0.878186
3510,0.230550
3511,0.336341
3512,0.176126
3513,0.287884
3514,0.578113
3515,0.898698
3516,0.463244
3517,0.482711
3518,0.194338
3519,0.665048
3520,0.237905
3521,0.261739
3522,0.716149
3523,0.228505
3524,0.670759
3525,0.710627
3526,0.336652
3527,0.844830
3528,0.255772
3529,0.080813
3530,0.501344
3531,0.493444
3532,0.697415
3534,0.931976
3535,0.864375
3537,0.269695
3538,0.873486
3539,0.904242
3540,0.627903
3541,0.246672
3542,0.163659
3543,0.376231
3544,0.313629
3545,0.206038
3546,0.703093
3547,0.518845
3548,0.668804
3549,0.571124
3550,0.548823
3551,0.742294
3552,0.575524
3553,0.972010
3554,0.227594
3555,0.184393
3556,0.792962
3558,0.209094
3559,0.892853
3560,0.794907
3561,0.467544
3562,0.283140
3563,0.378220
3564,0.322107
3565,0.833519
3566,0.332474
3567,0.483489
3569,0.380964
3570,0.127125
3571,0.182037
3572,0.777184
3573,0.310662
3574,0.209860
3575,0.367564
3576,0.622914
3577,0.575313
3578,0.562935
3579,0.378108
3581,0.305307
3583,0.565957
3584,0.760061
3585,0.312551
3586,0.217471
3587,0.800929
3588,0.406809
3589,0.929121
3590,0.771262
3591,0.693615
3592,0.348152
3593,0.827441
3594,0.591202
3595,0.832963
3596,0.499567
3597,0.808818
3598,0.257750
3599,0.947566
3600,0.534623
3601,0.206182
3602,0.856108
3603,0.347097
3604,0.218616
3605,0.804862
3607,0.116791
3608,0.922943
3609,0.900998
3610,0.846630
3611,0.097924
3612,0.844552
3613,0.274939
3614,0.873397
3615,0.840608
3616,0.899298
3617,0.844885
3618,0.879564
3619,0.586224
3620,0.800762
3621,0.856841
3622,0.085046
3623,0.412076
3624,0.266684
3625,0.082846
3626,0.722338
3627,0.954688
3628,0.297495
3629,0.696393
3630,0.165159
3631,0.336196
3632,0.375842
3633,0.775951
3634,0.902865
3635,0.415331
3636,0.916276
3637,0.795318
3639,0.178371
3640,0.472222
3641,0.048079
3642,0.188504
3643,0.688082
3644,0.550868
3645,0.279140
3646,0.322841
3647,0.806862
3648,0.287518
3649,0.259839
3650,0.162515
3651,0.173482
3652,0.772562
3653,0.867419
3654,0.164637
3655,0.568213
3656,0.287440
3658,0.352752
3659,0.796318
3660,0.891198
3661,0.152637
3662,0.626536
3663,0.636036
3664,0.822007
3668,0.890453
3669,0.085046
3670,0.908731
3671,0.610547
3672,0.229361
3673,0.887286
3674,0.122736
3675,0.784751
3676,0.826396
3677,0.256672
3678,0.708216
3679,0.472522
3682,0.901298
3683,0.375619
3684,0.365530
3686,0.815007
3687,0.498233
3688,0.179671
3690,0.226561
3691,0.603158
3692,0.119758
3693,0.346774
3694,0.298073
3695,0.676959
3697,0.059635
3698,0.801818
3699,0.282806
3701,0.093091
3703,0.458077
3704,0.462477
3705,0.121403
3706,0.826174
3707,0.408831
3708,0.788562
3709,0.756650
3710,0.827796
3711,0.301151
3712,0.503056
3713,0.949477
3714,0.903976
3715,0.836052
3716,0.725049
3717,0.590080
3718,0.279806
3719,0.196093
3721,0.279228
3722,0.623703
3723,0.643814
3724,0.895131
3725,0.352852
3726,0.862119
3727,0.255739
3728,0.092091
3729,0.510811
3730,0.816718
3731,0.921176
3733,0.188338
3734,0.877219
3735,0.339485
3737,0.321129
3738,0.638325
3739,0.874486
3741,0.168470
3742,0.428654
3743,0.827229
3744,0.557190
3745,0.897487
3746,0.647948
3747,0.599491
3748,0.696060
3749,0.116658
3750,0.237728
3751,0.511745
3752,0.809351
3753,0.357352
3754,0.780162
3755,0.299518
3756,0.156670
3757,0.241305
3758,0.907298
3759,0.771895
3760,0.623292
3761,0.556512
3762,0.488555
3763,0.661892
3764,0.924843
3766,0.293495
3767,0.338385
3768,0.454810
3769,0.841408
3770,0.346174
3771,0.230638
3772,0.486789
3773,0.206982
3774,0.248250
3775,0.338285
3776,0.317418
3777,0.395175
3778,0.242872
3779,0.946821
3780,0.241150
3781,0.777895
3782,0.555346
3783,0.454555
3784,0.558946
3785,0.523201
3786,0.082480
3787,0.732550
3788,0.342530
3789,0.178771
3790,0.600069
3791,0.961110
3792,0.829896
3793,0.330863
3794,0.415787
3795,0.315351
3796,0.713149
3797,0.642637
3798,0.412065
3800,0.108636
3801,0.399853
3802,0.830852
3803,0.752350
3804,0.347441
3805,0.376031
3806,0.179593
3807,0.294084
3808,0.813107
3809,0.154637
3811,0.567579
3812,0.888853
3813,0.321363
3814,0.661937
3815,0.702393
3816,0.373853
3817,0.230072
3818,0.120114
3819,0.301884
3820,0.111736
3821,0.685760
3822,0.394264
3823,0.916965
3824,0.165404
3825,0.324107
3826,0.531145
3827,0.675059
3828,0.669382
3829,0.952788
3830,0.746983
3831,0.448688
3832,0.134859
3833,0.034867
3834,0.878608
3835,0.228450
3837,0.766739
3839,0.622992
3840,0.784517
3841,0.466210
3842,0.333219
3843,0.771073
3844,0.242283
3845,0.278651
3846,0.750861
3847,0.246617
3848,0.630003
3849,0.559979
3850,0.751572
3851,0.595569
3853,0.279251
3854,0.848541
3855,0.214683
3856,0.805796
3857,0.912165
3858,0.236594
3860,0.261439
3861,0.109958
3862,0.163793
3863,0.880664
3864,0.808162
3865,0.306218
3866,0.443510
3867,0.559401
3868,0.689938
3870,0.692571
3871,0.133270
3872,0.415176
3873,0.311040
3874,0.464521
3875,0.187349
3876,0.493222
3877,0.397131
3878,0.187871
3879,0.554379
3880,0.410998
3881,0.250428
3883,0.625069
3885,0.581568
3886,0.659848
3887,0.094347
3888,0.687649
3889,0.149759
3890,0.569046
3891,0.018289
3892,0.110702
3893,0.477766
3894,0.951266
3895,0.787273
3896,0.781717
3897,0.293629
3898,0.068013
3899,0.263484
3900,0.776928
3901,0.277795
3903,0.591535
3904,0.159381
3905,0.835219
3906,0.015267
3907,0.837752
3908,0.085969
3909,0.163059
3910,0.239116
3911,0.327441
3913,0.797562
3914,0.488733
3915,0.638225
3916,0.724049
3917,0.343319
3918,0.216283
3919,0.436121
3920,0.513967
3921,0.459521
3922,0.814218
3923,0.795973
3924,0.169015
3925,0.929287
3926,0.293651
3927,0.546801
3928,0.323641
3929,0.347197
3931,0.328130
3932,0.665081
3933,0.297573
3934,0.333552
3935,0.647948
3936,0.467922
3937,0.315707
3938,0.567702
3940,0.305851
3941,0.754795
3942,0.141936
3943,0.801507
3944,0.290551
3945,0.865830
3946,0.807818
3948,0.141036
3949,0.485289
3950,0.696460
3951,0.226061
3952,0.670715
3953,0.513467
3954,0.816051
3955,0.268539
3956,0.729305
3957,0.292607
3958,0.825629
3959,0.597636
3960,0.206093
3961,0.945465
3962,0.827941
3964,0.816774
3965,0.295151
3966,0.132114
3967,0.356797
3968,0.359664
3969,0.725872
3970,0.907609
3973,0.470044
3974,0.814785
3975,0.822463
3976,0.417654
3980,0.954788
3981,0.420809
3982,0.690471
3983,0.203116
3984,0.816451
3985,0.888342
3986,0.743161
3987,0.718005
3988,0.335685
3989,0.533356
3990,0.293162
3991,0.506589
3992,0.404309
3993,0.235683
3994,0.300984
3995,0.344030
3996,0.778884
3997,0.297596
3998,0.562324
3999,0.175382
4000,0.672659
4001,0.247628
4002,0.731216
4003,0.212849
4004,0.876664
4005,0.087213
4006,0.139536
4007,0.641748
4008,0.722905
4009,0.817229
4010,0.608458
4012,0.909776
4013,0.837419
4014,0.652670
4015,0.725505
4016,0.308351
4018,0.763984
4019,0.830830
4020,0.712827
4021,0.330941
4022,0.311162
4023,0.782184
4024,0.257761
4025,0.352830
4026,0.726249
4027,0.248239
4028,0.236094
4029,0.927754
4030,0.276095
4031,0.663448
4032,0.792118
4033,0.188004
4034,0.853841
4036,0.828874
4037,0.082613
4038,0.916609
4039,0.174582
4040,0.318152
4041,0.888809
4042,0.185037
4043,0.662304
4044,0.729116
4045,0.666448
4046,0.518289
4047,0.407565
4048,0.800440
4049,0.826429
4050,0.829707
4051,0.077591
4052,0.034945
4053,0.756739
4054,0.861864
4055,0.496622
4056,0.161948
4057,0.828318
4058,0.762628
4059,0.289584
4060,0.208038
4061,0.919609
4063,0.682104
4064,0.134903
4065,0.427632
4066,0.837041
4067,0.646914
4068,0.252439
4069,0.851374
4070,0.983655
4071,0.367519
4073,0.851863
4074,0.516945
4075,0.203349
4076,0.187615
4079,0.304873
4080,0.032023
4081,0.658581
4082,0.669637
4083,0.876775
4084,0.116925
4086,0.401576
4087,0.844408
4088,0.106647
4089,0.827196
4090,0.218205
4091,0.667637
4092,0.253328
4094,0.812374
4095,0.352497
4096,0.077346
4098,0.398798
4099,0.279073
4100,0.253517
4101,0.813129
4102,0.500300
4103,0.892275
4104,0.925443
4105,0.207949
4106,0.207971
4107,0.652226
4108,0.592246
4109,0.193960
4111,0.761295
4112,0.880775
4113,0.104969
4114,0.122925
4115,0.693660
4117,0.589235
4118,0.720627
4119,0.429354
4121,0.405687
4122,0.563479
4123,0.215527
4124,0.141903
4125,0.770517
4126,0.824563
4127,0.195660
4128,0.481811
4129,0.840396
4130,0.314418
4132,0.899842
4133,0.585802
4134,0.257506
4135,0.795062
4136,0.258917
4138,0.318974
4139,0.846085
4140,0.955366
4141,0.877208
4142,0.506167
4143,0.746517
4144,0.361541
4145,0.844352
4146,0.598424
4147,0.327530
4148,0.113114
4149,0.453766
4150,0.470555
4151,0.772951
4152,0.264939
4153,0.295484
4154,0.931387
4155,0.163515
4156,0.476344
4157,0.872164
4158,0.672148
4159,0.884820
4160,0.552868
4161,0.124192
4162,0.209571
4163,0.534156
4164,0.181560
4165,0.253517
4166,0.578013
4167,0.768395
4168,0.801673
4169,0.927487
4170,0.835896
4171,0.207005
4172,0.879875
4173,0.966088
4174,0.394431
4175,0.841396
4176,0.778884
4177,0.120769
4178,0.323796
4179,0.722205
4180,0.649903
4182,0.734150
4183,0.960477
4184,0.758728
4185,0.736439
4186,0.557135
4187,0.066546
4189,0.913720
4190,0.888342
4191,0.287829
4192,0.158181
4193,0.789884
4195,0.412187
4196,0.073779
4197,0.248872
4198,0.428710
4199,0.924343
4200,0.239361
4201,0.520934
4202,0.180982
4203,0.844741
4204,0.907231
4205,0.962244
4206,0.663493
4207,0.952066
4208,0.914465
4209,0.666270
4210,0.170870
4211,0.374719
4212,0.861041
4213,0.807918
4214,0.718238
4215,0.100547
4217,0.484089
4218,0.352052
4220,0.587346
4221,0.317496
4222,0.134381
4223,0.438954
4224,0.198860
4225,0.336074
4226,0.072846
4227,0.489289
4228,0.054957
4229,0.006022
4230,0.488622
4231,0.549246
4232,0.745550
4233,0.091224
4234,0.071390
4236,0.285406
4237,0.209027
4238,0.863508
4239,0.078746
4240,0.204105
4241,0.094813
4242,0.511222
4243,0.838552
4244,0.319052
4245,0.730827
4246,0.300740
4247,0.929143
4248,0.292629
4249,0.410187
4250,0.317285
4251,0.837541
4252,0.405865
4253,0.799562
4254,0.363208
4255,0.882408
4256,0.973755
4257,0.787373
4258,0.191171
4259,0.804840
4260,0.703616
4261,0.816951
4262,0.814518
4263,0.199160
4264,0.912887
4265,0.408242
4266,0.411287
4267,0.405542
4269,0.822741
4270,0.906420
4273,0.721694
4275,0.923721
4276,0.768784
4277,0.075524
4278,0.751806
4279,0.858008
4280,0.794851
4281,0.272762
4282,0.373164
4283,0.268650
4284,0.294051
4285,0.309996
4287,0.845941
4288,0.183304
4289,0.889942
4290,0.577335
4291,0.271050
4292,0.882264
4293,0.874686
4296,0.119992
4297,0.274762
4298,0.155648
4299,0.203349
4300,0.864153
4301,0.715205
4302,0.709360
4303,0.306162
4304,0.416320
4305,0.678393
4306,0.913676
4307,0.901264
4308,0.736083
4309,0.887097
4310,0.710527
4311,0.904842
4312,0.902942
4313,0.211938
4314,0.930676
4315,0.283817
4317,0.457944
4318,0.300140
4319,0.760484
4321,0.322785
4323,0.659470
4324,0.121692
4325,0.266161
4326,0.325118
4327,0.392664
4328,0.617514
4329,0.932921
4333,0.832007
4334,0.703038
4335,0.309751
4337,0.118603
4338,0.329163
4339,0.192660
4340,0.299529
4341,0.527389
4342,0.813874
4343,0.612614
4344,0.109880
4346,0.482433
4347,0.904165
4348,0.432176
4349,0.479888
4350,0.346852
4351,0.801473
4353,0.826818
4355,0.349152
4356,0.346719
4357,0.258906
4361,0.255083
4362,0.202649
4363,0.687926
4364,0.054935
4365,0.265228
4366,0.427321
4367,0.299707
4368,0.812218
4369,0.748839
4370,0.464233
4371,0.827763
4372,0.204405
4375,0.881942
4376,0.080502
4377,0.764195
4378,0.357530
4379,0.207760
4380,0.956621
4381,0.850008
4382,0.841508
4383,0.283740
4384,0.781362
4385,0.808451
4386,0.308407
4387,0.695104
4388,0.181415
4389,0.393609
4390,0.737872
4391,0.480788
4392,0.492955
4393,0.105058
4394,0.774306
4395,0.961866
4396,0.768939
4397,0.933676
4398,0.244539
4400,0.788362
4402,0.739494
4403,0.836963
4404,0.784251
4405,0.671448
4406,0.810674
4407,0.227427
4408,0.175882
4410,0.922787
4411,0.052890
4412,0.266006
4413,0.882709
4414,0.951699
4416,0.111969
4417,0.336085
4418,0.037423
4419,0.414731
4420,0.140559
4421,0.870153
4422,0.352341
4423,0.144270
4424,0.898476
4425,0.349674
4426,0.122480
4427,0.305173
4428,0.314785
4429,0.201693
4430,0.164004
4431,0.973433
4432,0.967210
4433,0.558368
4434,0.439965
4435,0.792829
4436,0.210016
4438,0.248461
4439,0.065646
4440,0.712027
4441,0.469644
4442,0.166815
4443,0.237839
4444,0.320807
4445,0.150070
4446,0.711838
4447,0.753939
4448,0.494622
4449,0.648781
4450,0.753817
4451,0.137336
4452,0.550534
4453,0.873419
4454,0.310874
4455,0.179993
4456,0.685593
4457,0.279351
4458,0.183904
4459,0.814218
4460,0.457999
4461,0.616714
4462,0.222138
4463,0.275684
4464,0.818396
4465,0.407109
4466,0.565313
4467,0.614214
4468,0.139848
4469,0.772284
4470,0.137848
4472,0.263006
4473,0.422643
4475,0.115091
4476,0.839774
4477,0.033534
4478,0.360930
4479,0.386620
4480,0.303762
4481,0.821563
4482,0.125581
4483,0.631858
4484,0.888109
4485,0.274328
4487,0.724827
4488,0.901709
4489,0.828985
4490,0.805140
4491,0.674437
4493,0.716649
4494,0.745161
4495,0.797184
4496,0.211516
4497,0.401042
4499,0.351186
4500,0.750172
4501,0.232605
4502,0.277917
4503,0.791851
4504,0.896753
4505,0.280384
4506,0.118692
4507,0.105602
4508,0.283373
4509,0.900131
4510,0.074379
4512,0.837796
4513,0.112491
4514,0.961932
4516,0.084569
4518,0.928932
4519,0.381531
4521,0.916454
4522,0.455566
4523,0.361919
4524,0.502267
4525,0.338919
4526,0.019400
4527,0.107836
4528,0.398253
4529,0.362619
4531,0.861697
4532,0.249417
4533,0.949588
4534,0.964288
4535,0.186249
4536,0.278017
4537,0.276417
4538,0.800584
4540,0.937699
4541,0.794651
4542,0.525778
4543,0.974311
4544,0.343041
4545,0.131614
4546,0.816063
4547,0.569457
4548,0.379108
4549,0.739150
4550,0.866208
4551,0.905398
4552,0.263928
4553,0.603769
4554,0.848463
4555,0.205605
4556,0.252061
4557,0.267061
4558,0.632381
4559,0.945154
4560,0.811618
4561,0.948499
4562,0.239405
4563,0.071279
4564,0.828952
4565,0.172204
4566,0.917054
4567,0.342319
4568,0.739094
4569,0.192538
4570,0.412120
4571,0.588524
4573,0.939243
4574,0.103891
4575,0.278562
4576,0.353830
4577,0.888531
4578,0.418543
4579,0.277684
4580,0.776939
4581,0.557701
4582,0.189893
4583,0.923321
4584,0.227083
4585,0.309262
4586,0.488378
4587,0.558646
4588,0.061279
4589,0.247217
4590,0.707371
4591,0.863864
4592,0.081757
4593,0.401964
4594,0.754161
4595,0.378408
4596,0.823418
4597,0.801684
4598,0.772795
4599,0.821107
4600,0.230105
4601,0.058112
4602,0.788262
4603,0.423209
4604,0.788429
4605,0.400842
4606,0.201504
4607,0.718238
4608,0.104925
4609,0.254617
4610,0.435410
4611,0.212794
4615,0.765517
4616,0.239283
4617,0.148126
4618,0.180404
4619,0.856963
4620,0.342897
4621,0.419809
4622,0.113969
4623,0.804473
4624,0.682571
4625,0.694782
4626,0.103980
4627,0.405831
4629,0.225549
4630,0.231350
4631,0.171015
4632,0.569879
4633,0.783317
4634,0.372753
4635,0.346963
4636,0.214983
4637,0.498567
4638,0.148281
4639,0.696427
4640,0.706105
4641,0.266773
4642,0.730627
4643,0.206849
4644,0.214027
4645,0.638725
4646,0.873331
4647,0.141259
4648,0.593647
4649,0.160437
4650,0.331007
4651,0.379153
4652,0.456655
4653,0.757139
4654,0.663681
4655,0.111280
4656,0.259350
4657,0.309796
4660,0.860930
4661,0.423954
4662,0.387175
4663,0.181260
4664,0.882509
4665,0.616625
4666,0.533601
4667,0.134381
4668,0.878953
4669,0.138614
4670,0.099047
4671,0.716049
4672,0.304107
4673,0.206293
4674,0.143581
4675,0.300473
4677,0.744894
4678,0.932410
4679,0.822163
4680,0.644292
4681,0.535734
4682,0.893475
4683,0.521734
4684,0.807851
4685,0.430532
4686,0.244205
4689,0.967077
4690,0.110902
4691,0.415354
4692,0.592580
4693,0.571446
4694,0.438888
4696,0.907342
4697,0.573924
4698,0.530467
4699,0.390742
4700,0.099180
4701,0.351041
4702,0.258950
4703,0.267684
4704,0.474433
4705,0.853919
4706,0.322318
4707,0.874797
4708,0.346897
4709,0.893731
4710,0.917954
4711,0.121358
4712,0.076291
4713,0.204782
4714,0.276395
4715,0.678660
4716,0.575435
4717,0.867008
4718,0.019623
4719,0.308051
4720,0.829096
4721,0.201527
4722,0.394320
4723,0.264339
4724,0.173326
4725,0.098002
4727,0.590858
4728,0.494133
4729,0.409709
4730,0.389053
4731,0.182626
4732,0.063224
4733,0.753550
4735,0.274851
4736,0.368253
4737,0.884120
4738,0.637859
4739,0.812640
4740,0.867508
4741,0.721327
4742,0.861030
4743,0.306840
4744,0.171904
4745,0.566090
4746,0.004611
4748,0.402720
4750,0.885409
4751,0.206993
4752,0.329296
4753,0.323418
4754,0.341330
4755,0.886553
4756,0.591769
4757,0.910209
4758,0.835341
4759,0.923098
4760,0.548079
4761,0.197927
4762,0.390353
4764,0.257761
4765,0.936810
4767,0.091602
4768,0.139070
4771,0.363108
4772,0.685360
4773,0.758717
4774,0.965488
4775,0.245794
4776,0.648592
4777,0.652837
4778,0.632725
4779,0.880275
4780,0.107725
4781,0.541568
4782,0.171837
4783,0.873608
4784,0.668993
4785,0.368264
4786,0.906498
4787,0.309040
4788,0.295307
4789,0.947666
4790,0.143881
4792,0.397020
4794,0.111469
4796,0.587480
4797,0.318618
4798,0.224216
4799,0.921432
4800,0.249794
4801,0.705438
4802,0.709249
4803,0.766828
4805,0.300907
4806,0.844463
4807,0.918476
4808,0.320796
4809,0.817196
4810,0.873253
4811,0.861452
4813,0.607269
4814,0.181115
4815,0.337241
4816,0.813263
4817,0.682260
4818,0.250717
4820,0.335330
4821,0.523901
4822,0.351952
4823,0.362486
4824,0.496789
4825,0.758639
4826,0.651803
4827,0.268495
4828,0.123414
4829,0.577768
4831,0.410920
4832,0.162926
4833,0.186360
4834,0.082080
4835,0.523112
4837,0.426398
4838,0.517523
4840,0.335063
4842,0.463144
4843,0.398964
4844,0.434176
4845,0.339485
4846,0.850774
4847,0.521100
4848,0.280440
4849,0.564746
4850,0.237528
4851,0.068946
4852,0.069802
4853,0.481700
4854,0.848330
4855,0.636192
4857,0.651770
4858,0.780373
4859,0.143225
4860,0.232061
4862,0.799962
4863,0.837630
4864,0.815051
4865,0.780717
4866,0.287384
4867,0.868797
4868,0.370730
4869,0.911554
4870,0.295051
4871,0.487766
4872,0.177359
4873,0.295440
4874,0.249106
4875,0.236783
4876,0.375653
4877,0.880042
4878,0.483133
4879,0.824018
4880,0.121758
4881,0.979444
4882,0.903909
4883,0.134859
4884,0.815951
4886,0.876208
4887,0.553446
4889,0.913787
4890,0.238328
4891,0.794751
4893,0.358830
4894,0.243539
4895,0.856908
4896,0.376086
4897,0.062946
4898,0.893753
4899,0.901298
4900,0.584791
4902,0.797051
4903,0.239172
4904,0.265673
4905,0.277373
4907,0.858897
4908,0.458877
4910,0.520500
4911,0.474399
4912,0.769817
4913,0.844263
4914,0.327952
4915,0.855463
4916,0.438288
4917,0.843963
4918,0.103791
4919,0.349586
4920,0.516267
4921,0.829452
4922,0.345074
4923,0.183260
4924,0.754828
4925,0.070335
4926,0.843341
4927,0.715116
4928,0.272384
4929,0.682571
4930,0.736072
4931,0.751828
4932,0.342430
4933,0.907587
4934,0.603180
4935,0.839741
4936,0.173037
4937,0.593369
4938,0.386664
4939,0.226116
4940,0.357219
4941,0.031490
4942,0.157948
4943,0.633636
4944,0.806862
4945,0.177482
4946,0.910676
4948,0.854830
4949,0.317318
4950,0.285717
4951,0.235316
4952,0.642759
4953,0.202849
4954,0.679660
4955,0.202938
4956,0.754750
4957,0.917709
4958,0.186615
4959,0.563690
4960,0.566935
4961,0.346397
4962,0.431810
4963,0.311951
4964,0.568024
4965,0.822129
4966,0.634225
4967,0.106291
4969,0.881053
4970,0.679948
4971,0.270150
4972,0.476322
4973,0.651081
4974,0.381553
4975,0.193171
4976,0.178315
4977,0.338896
4978,0.803429
4979,0.138925
4980,0.868997
4983,0.212549
4984,0.645737
4985,0.310585
4986,0.513934
4987,0.608825
4988,0.236961
4989,0.077713
4992,0.899764
4993,0.881908
4994,0.917743
4995,0.205682
4996,0.289195
4998,0.335296
4999,0.923254
5000,0.540890
5001,0.550412
5002,0.824396
5003,0.125236
5004,0.766161
5005,0.776162
5007,0.511400
5008,0.797451
5009,0.644203
5010,0.296629
5011,0.736439
5012,0.831930
5014,0.672026
5015,0.836685
5016,0.635936
5017,0.875619
5018,0.282440
5019,0.246517
5020,0.653170
5021,0.190282
5022,0.648059
5023,0.812585
5025,0.497467
5026,0.082102
5027,0.909831
5030,0.409876
5031,0.891120
5032,0.250272
5033,0.954099
5034,0.353530
5035,0.796451
5036,0.098869
5037,0.109980
5038,0.311307
5039,0.545068
5040,0.201816
5041,0.927710
5042,0.856475
5043,0.674193
5044,0.195127
5045,0.634870
5046,0.852419
5047,0.393931
5048,0.357652
5049,0.369453
5050,0.014089
5051,0.132358
5054,0.840796
5055,0.798051
5056,0.790651
5057,0.607947
5058,0.288073
5059,0.961688
5060,0.280051
5061,0.902587
5062,0.946499
5063,0.050434
5064,0.919820
5065,0.760184
5066,0.296851
5067,0.236227
5069,0.947443
5070,0.446465
5071,0.792340
5072,0.463044
5073,0.363230
5074,0.385642
5075,0.523645
5076,0.714394
5077,0.945988
5078,0.726616
5079,0.477833
5080,0.280884
5081,0.341508
5082,0.990189
5083,0.795573
5084,0.159270
5085,0.856686
5086,0.218905
5087,0.750594
5089,0.230361
5090,0.392664
5091,0.351686
5092,0.872686
5093,0.135303
5094,0.718649
5095,0.698027
5096,0.631736
5097,0.880953
5098,0.794173
5099,0.639914
5100,0.861275
5101,0.281717
5102,0.209149
5103,0.720794
5105,0.428243
5106,0.475833
5107,0.492244
5108,0.421232
5109,0.574068
5110,0.538279
5111,0.319196
5112,0.416154
5113,0.502989
5114,0.210827
5116,0.156503
5117,0.936621
5118,0.517145
5119,0.768795
5120,0.561968
5121,0.684849
5122,0.318452
5123,0.907820
5124,0.730561
5125,0.292751
5126,0.584102
5127,0.536867
5129,0.181360
5130,0.355308
5131,0.446632
5132,0.054390
5133,0.916020
5134,0.621192
5136,0.820996
5137,0.867942
5138,0.663470
5139,0.177448
5140,0.375086
5141,0.850974
5143,0.853297
5144,0.890198
5145,0.187115
5146,0.329474
5147,0.261672
5148,0.276073
5149,0.210294
5150,0.469977
5151,0.421732
5152,0.515834
5153,0.215427
5154,0.033023
5155,0.170126
5156,0.292862
5157,0.215827
5158,0.237239
5159,0.184137
5160,0.175604
5161,0.867630
5162,0.331152
5163,0.432465
5164,0.906565
5165,0.204693
5166,0.248872
5167,0.446932
5168,0.155592
5169,0.226583
5171,0.377053
5172,0.342196
5173,0.581346
5174,0.318074
5175,0.595835
5176,0.894142
5177,0.849808
5178,0.466388
5179,0.067557
5180,0.229638
5181,0.957088
5182,0.633781
5183,0.506978
5185,0.160048
5186,0.805340
5187,0.198071
5188,0.245128
5189,0.532278
5190,0.979611
5191,0.610047
5192,0.851897
5193,0.874908
5194,0.525912
5195,0.809062
5196,0.261106
5197,0.291162
5198,0.150726
5200,0.455932
5201,0.932665
5202,0.279406
5203,0.674093
5204,0.579802
5205,0.509756
5206,0.912287
5207,0.270262
5208,0.580557
5209,0.357819
5210,0.884331
5212,0.727372
5214,0.984833
5215,0.756328
5216,0.219616
5217,0.794384
5218,0.703549
5219,0.242994
5220,0.781184
5221,0.787495
5222,0.226283
5223,0.643903
5224,0.304929
5225,0.652681
5226,0.825485
5227,0.588046
5228,0.287729
5229,0.880008
5230,0.823041
5231,0.791929
5232,0.868353
5233,0.782473
5234,0.358041
5235,0.247050
5236,0.313540
5237,0.152448
5238,0.267261
5241,0.713694
5242,0.726483
5243,0.205793
5244,0.262461
5245,0.207449
5246,0.179226
5247,0.774362
5248,0.787773
5249,0.906053
5250,0.801640
5251,0.391075
5252,0.178304
5253,0.644837
5254,0.306629
5256,0.961399
5257,0.732550
5258,0.637881
5259,0.876875
5260,0.523778
5261,0.357008
5263,0.880764
5264,0.958210
5265,0.336774
5266,0.470099
5267,0.733683
5268,0.886197
5269,0.170982
5270,0.392775
5271,0.813240
5272,0.699171
5273,0.476422
5274,0.774328
5275,0.421354
5276,0.326963
5278,0.644748
5279,0.846452
5280,0.658704
5282,0.670215
5284,0.299784
5286,0.737950
5287,0.476966
5288,0.862252
5289,0.285551
5290,0.783006
5291,0.115836
5292,0.272184
5293,0.481211
5294,0.210016
5295,0.637314
5296,0.604958
5297,0.168926
5298,0.835796
5299,0.392575
5300,0.195182
5301,0.344097
5302,0.780962
5303,0.739428
5304,0.583080
5305,0.179204
5306,0.146003
5307,0.773895
5308,0.803996
5309,0.147192
5310,0.308140
5311,0.290551
5312,0.737694
5313,0.298873
5314,0.907654
5315,0.750539
5316,0.336474
5317,0.261250
5318,0.436099
5319,0.879964
5320,0.319107
5321,0.217338
5322,0.008434
5323,0.927287
5324,0.166781
5325,0.865175
5327,0.797840
5328,0.865919
5330,0.972999
5331,0.473144
5332,0.499856
5333,0.198171
5334,0.352808
5335,0.608314
5336,0.293462
5337,0.851830
5338,0.459810
5339,0.891409
5340,0.211094
5341,0.374764
5342,0.507856
5343,0.684604
5344,0.862197
5345,0.171182
5346,0.802396
5347,0.435021
5348,0.258850
5349,0.024623
5352,0.831807
5353,0.310374
5354,0.692115
5356,0.096869
5357,0.871042
5358,0.485822
5359,0.476555
5360,0.862330
5361,0.376719
5362,0.057212
5364,0.830707
5365,0.174026
5366,0.838896
5367,0.246272
5368,0.754572
5369,0.309907
5370,0.087691
5371,0.886031
5373,0.322307
5374,0.231227
5375,0.178893
5376,0.581791
5377,0.707982
5378,0.968677
5379,0.271384
5380,0.881708
5382,0.571957
5384,0.678960
5385,0.197638
5386,0.738039
5387,0.326741
5388,0.928732
5389,0.303073
5390,0.468577
5391,0.910887
5392,0.733394
5393,0.508545
5394,0.738328
5395,0.858341
5396,0.153059
5397,0.217872
5398,0.381853
5399,0.152626
5400,0.642503
5401,0.953177
5402,0.369519
5403,0.271217
5404,0.343252
5405,0.885164
5406,0.975222
5407,0.479977
5408,0.212538
5409,0.827752
5410,0.447099
5411,0.649514
5412,0.794473
5413,0.124125
5414,0.202227
5415,0.257306
5416,0.625603
5417,0.543757
5418,0.832418
5419,0.408565
5420,0.260861
5421,0.876353
5422,0.689926
5423,0.534101
5424,0.370697
5425,0.603991
5426,0.145381
5427,0.118992
5428,0.366175
5429,0.313996
5430,0.701071
5431,0.418798
5433,0.310874
5434,0.623136
5435,0.469022
5436,0.247050
5437,0.627036
5438,0.392787
5439,0.058135
5440,0.701327
5442,0.621236
5443,0.289584
5444,0.090713
5445,0.594035
5446,0.302051
5447,0.472110
5448,0.462421
5449,0.275417
5451,0.313618
5452,0.244172
5453,0.376097
5454,0.266228
5455,0.515867
5456,0.396575
5457,0.147459
5459,0.635636
5460,0.943077
5461,0.143025
5462,0.875375
5463,0.397453
5464,0.291495
5465,0.256995
5466,0.321296
5467,0.888098
5468,0.395109
5469,0.762339
5471,0.882120
5472,0.724027
5473,0.708682
5474,0.711449
5475,0.902387
5476,0.428021
5477,0.300918
5478,0.227283
5479,0.828152
5480,0.891186
5482,0.210794
5483,0.496678
5484,0.793495
5486,0.423743
5487,0.246850
5488,0.694204
5489,0.746483
5490,0.955921
5491,0.827307
5492,0.267628
5493,0.554557
5494,0.645270
5496,0.858652
5497,0.800484
5498,0.867797
5499,0.278973
5500,0.196582
5502,0.817652
5503,0.432298
5504,0.833552
5505,0.395409
5507,0.726049
5508,0.473233
5509,0.485722
5510,0.723083
5511,0.784484
5512,0.475111
5513,0.375764
5514,0.688104
5515,0.453243
5517,0.811718
5518,0.169304
5519,0.556223
5521,0.322885
5522,0.355297
5523,0.496500
5524,0.193104
5525,0.666104
5526,0.265361
5527,0.130981
5528,0.633570
5530,0.373531
5531,0.509134
5532,0.236683
5533,0.755006
5534,0.302673
5537,0.318640
5539,0.943477
5541,0.228761
5543,0.283129
5544,0.626281
5545,0.841063
5546,0.118736
5548,0.825018
5549,0.875719
5550,0.767473
5552,0.281928
5553,0.473399
5554,0.987177
5555,0.514178
5556,0.286829
5557,0.447643
5558,0.773384
5559,0.537834
5562,0.516145
5563,0.260684
5564,0.126336
5565,0.434976
5566,0.916287
5567,0.192682
5568,0.522012
5569,0.209560
5570,0.813007
5571,0.712738
5572,0.768250
5573,0.401198
5575,0.914131
5576,0.937688
5578,0.598191
5580,0.386764
5581,0.585491
5582,0.336952
5583,0.459966
5584,0.558590
5585,0.105447
5586,0.713416
5587,0.977722
5588,0.687137
5589,0.265561
5590,0.184660
5591,0.954510
5592,0.876531
5593,0.295662
5594,0.867586
5595,0.410309
5596,0.762250
5597,0.199993
5598,0.387931
5599,0.672882
5601,0.280728
5602,0.241328
5603,0.560990
5604,0.433043
5605,0.775473
5606,0.147581
5607,0.234805
5608,0.264684
5611,0.299796
5613,0.294329
5614,0.875764
5615,0.909409
5616,0.389998
5617,0.176459
5619,0.672604
5620,0.238839
5622,0.290795
5623,0.271484
5624,0.299829
5625,0.452499
5626,0.658915
5627,0.693504
5628,0.359230
5629,0.283640
5630,0.122225
5631,0.526456
5632,0.754717
5633,0.951643
5634,0.347108
5635,0.442465
5636,0.512445
5637,0.384920
5638,0.804107
5639,0.681504
5641,0.586369
5643,0.551434
5644,0.873431
5645,0.674571
5647,0.515111
5648,0.898642
5650,0.552701
5651,0.352474
5652,0.514789
5653,0.401920
5654,0.201460
5655,0.475677
5656,0.613869
5657,0.090069
5658,0.914854
5659,0.962755
5661,0.322263
5662,0.371930
5664,0.976944
5665,0.491655
5666,0.221849
5668,0.327241
5669,0.952421
5670,0.155648
5671,0.759761
5673,0.790784
5674,0.187437
5676,0.831018
5677,0.885875
5678,0.207727
5679,0.941976
5680,0.369075
5682,0.917698
5683,0.268684
5684,0.534812
5685,0.949332
5686,0.476033
5688,0.647159
5689,0.169582
5690,0.713383
5691,0.282940
5692,0.274117
5693,0.302396
5695,0.449210
5696,0.302207
5697,0.511189
5698,0.259328
5699,0.932243
5700,0.376197
5701,0.269062
5703,0.827429
5704,0.810140
5705,0.321696
5706,0.864708
5707,0.440443
5710,0.611180
5712,0.874264
5713,0.901964
5714,0.307240
5715,0.249383
5716,0.884231
5717,0.321752
5718,0.304729
5719,0.196749
5720,0.513956
5721,0.175848
5722,0.772150
5724,0.900953
5725,0.664948
5726,0.848752
5727,0.772162
5728,0.622514
5729,0.739550
5730,0.087513
5731,0.265617
5733,0.071646
5734,0.517011
5735,0.413009
5736,0.783284
5737,0.307562
5738,0.082046
5739,0.276628
5740,0.750783
5741,0.348397
5742,0.860508
5743,0.965244
5744,0.590880
5745,0.827407
5746,0.690993
5747,0.429698
5749,0.383931
5750,0.114758
5751,0.331963
5752,0.134303
5753,0.285440
5754,0.763428
5755,0.227272
5756,0.909920
5757,0.367719
5758,0.524112
5759,0.810940
5760,0.219894
5761,0.598002
5762,0.395909
5763,0.397598
5764,0.959877
5765,0.101369
5766,0.439699
5767,0.540445
5768,0.329507
5770,0.070968
5772,0.264961
5773,0.847719
5774,0.258150
5775,0.854963
5776,0.267039
5777,0.747928
5778,0.675848
5780,0.226227
5781,0.946921
5782,0.888853
5783,0.763217
5784,0.186037
5785,0.872030
5786,0.181471
5787,0.195882
5788,0.685415
5789,0.448677
5790,0.802362
5791,0.718916
5792,0.211960
5793,0.587758
5794,0.441454
5795,0.716816
5796,0.322440
5797,0.126503
5798,0.631992
5800,0.431876
5801,0.334674
5802,0.289318
5803,0.568968
5804,0.120714
5805,0.882142
5806,0.466433
5807,0.215405
5808,0.410909
5809,0.243972
5810,0.249294
5811,0.760372
5812,0.355141
5813,0.795051
5814,0.443954
5815,0.400020
5816,0.818552
5817,0.146214
5818,0.297851
5819,0.461899
5820,0.265439
5822,0.839563
5823,0.986977
5824,0.375331
5825,0.888386
5826,0.950010
5827,0.565468
5828,0.777451
5829,0.826185
5830,0.861919
5831,0.132358
5832,0.285273
5833,0.679348
5834,0.752094
5835,0.291662
5838,0.556212
5839,0.576646
5840,0.263206
5841,0.417820
5842,0.974577
5843,0.819174
5844,0.276195
5845,0.392464
5846,0.287929
5847,0.908387
5848,0.701749
5849,0.577613
5850,0.309385
5852,0.202049
5854,0.310740
5857,0.894453
5858,0.732605
5859,0.875386
5860,0.934110
5861,0.300573
5862,0.100624
5863,0.765328
5864,0.760506
5865,0.906165
5866,0.773962
5867,0.849141
5868,0.265773
5869,0.190693
5870,0.280740
5871,0.867675
5872,0.903476
5873,0.637014
5874,0.789784
5875,0.260639
5876,0.640081
5877,0.214749
5878,0.377175
5879,0.410342
5880,0.862075
5881,0.113425
5882,0.192038
5883,0.426687
5884,0.316829
5886,0.857908
5887,0.881064
5888,0.849063
5890,0.130847
5891,0.175682
5892,0.924665
5893,0.159559
5895,0.845930
5896,0.954843
5897,0.960099
5898,0.859286
5899,0.259484
5900,0.402064
5901,0.299718
5902,0.193938
5903,0.213405
5904,0.814307
5905,0.240794
5906,0.704705
5907,0.769595
5908,0.883820
5909,0.779762
5910,0.837141
5911,0.849241
5912,0.312518
5913,0.825074
5914,0.145170
5915,0.874886
5916,0.858175
5917,0.777439
5918,0.504345
5920,0.902565
5921,0.513478
5922,0.239283
5923,0.382997
5924,0.657492
5926,0.867341
5928,0.614358
5929,0.254850
5930,0.295651
5931,0.854575
5933,0.941199
5934,0.163848
5935,0.218916
5936,0.255595
5937,0.770795
5938,0.300940
5939,0.247894
5940,0.326829
5941,0.135270
5942,0.312707
5943,0.274951
5945,0.347541
5946,0.793162
5947,0.850219
5949,0.166559
5950,0.712583
5951,0.338408
5952,0.069524
5953,0.339363
5954,0.138725
5955,0.752439
5956,0.230527
5957,0.691104
5958,0.191026
5959,0.231261
5960,0.462566
5961,0.617758
5962,0.777917
5963,0.546401
5964,0.811451
5965,0.748828
5966,0.682304
5968,0.280673
5970,0.727405
5971,0.354475
5972,0.248817
5973,0.045501
5974,0.141670
5976,0.872386
5977,0.548790
5978,0.683260
5979,0.941410
5980,0.166115
5982,0.132114
5985,0.114725
5986,0.330163
5987,0.252939
5988,0.260595
5989,0.306873
5990,0.249872
5991,0.809551
5994,0.181715
5995,0.348286
5996,0.789718
5997,0.310518
5998,0.488911
5999,0.159104
6000,0.361097
6001,0.387464
6003,0.349641
6004,0.576846
6005,0.525678
6006,0.691871
6009,0.687915
6010,0.126792
6011,0.083157
6012,0.860219
6013,0.224805
6014,0.323841
6015,0.299729
6016,0.681548
6017,0.219160
6018,0.195238
6019,0.354763
6020,0.720960
6021,0.053190
6023,0.849408
6024,0.550168
6025,0.400087
6026,0.725672
6028,0.752439
6029,0.337574
6030,0.695138
6031,0.221060
6032,0.874664
6033,0.916598
6034,0.189882
6035,0.224994
6036,0.690804
6037,0.776562
6038,0.171526
6039,0.847174
6040,0.291851
6041,0.923065
6042,0.339652
6043,0.788440
6044,0.231872
6045,0.773862
6046,0.802184
6047,0.897275
6048,0.450688
6049,0.430665
6050,0.337796
6051,0.305118
6052,0.911398
6054,0.834752
6055,0.129992
6058,0.558012
6059,0.906120
6060,0.495567
6061,0.774651
6062,0.305685
6063,0.645259
6064,0.204171
6066,0.651781
6067,0.924854
6068,0.271606
6069,0.134181
6070,0.547401
6071,0.472155
6072,0.510178
6073,0.180826
6074,0.815063
6075,0.193827
6077,0.559824
6078,0.330274
6079,0.760572
6080,0.531745
6081,0.642170
6082,0.642059
6083,0.289473
6084,0.336319
6085,0.060179
6086,0.443943
6087,0.282729
6088,0.548246
6089,0.591769
6090,0.282373
6091,0.540934
6092,0.485722
6093,0.513378
6094,0.769784
6095,0.820563
6096,0.376853
6097,0.685104
6098,0.550501
6099,0.473244
6100,0.666015
6102,0.154348
6103,0.152059
6104,0.661992
6105,0.796351
6106,0.765517
6107,0.398209
6108,0.936999
6109,0.798807
6111,0.263728
6112,0.827218
6114,0.450343
6115,0.610991
6116,0.131158
6117,0.718249
6118,0.737850
6119,0.772228
6120,0.363941
6121,0.263484
6122,0.734527
6123,0.188026
6126,0.288595
6127,0.506733
6128,0.771039
6129,0.912198
6130,0.267128
6132,0.323952
6133,0.118536
6134,0.828418
6135,0.734683
6136,0.235027
6137,0.244672
6139,0.029656
6140,0.806296
6141,0.219916
6142,0.192493
6143,0.444254
6144,0.579168
6145,0.199082
6146,0.777128
6147,0.255972
6148,0.360697
6149,0.614969
6150,0.892953
6151,0.761850
6153,0.121392
6154,0.425398
6155,0.403876
6156,0.193427
6157,0.268639
6158,0.268717
6160,0.184826
6161,0.104380
6163,0.784862
6164,0.239405
6165,0.186371
6166,0.460210
6167,0.308707
6169,0.164104
6170,0.105802
6171,0.268006
6172,0.232350
6173,0.300929
6174,0.302473
6175,0.968666
6176,0.784295
6178,0.447432
6179,0.864130
6180,0.257361
6181,0.889064
6182,0.071768
6183,0.237183
6184,0.805540
6185,0.325963
6186,0.854452
6187,0.116469
6188,0.225627
6189,0.897576
6191,0.330963
6192,0.389209
6193,0.201038
6194,0.338041
6195,0.624136
6196,0.830330
6197,0.187293
6198,0.511322
6199,0.873431
6200,0.796318
6201,0.128936
6202,0.889853
6203,0.037056
6204,0.333185
6205,0.496167
6206,0.316785
6207,0.843341
6208,0.430687
6209,0.230472
6210,0.830274
6211,0.605680
6212,0.522300
6213,0.441188
6214,0.777684
6215,0.273206
6216,0.800129
6217,0.384909
6218,0.300684
6219,0.282962
6220,0.452188
6221,0.332185
6222,0.643770
6224,0.865697
6225,0.318374
6226,0.310207
6227,0.845508
6228,0.261328
6229,0.851919
6230,0.316729
6231,0.378097
6232,0.559546
6233,0.210116
6234,0.870786
6235,0.230205
6236,0.205560
6237,0.146248
6238,0.567146
6239,0.866530
6240,0.744617
6241,0.290695
6243,0.862119
6244,0.191215
6245,0.827218
6246,0.704405
6247,0.089869
6248,0.277395
6249,0.469822
6251,0.190560
6252,0.777706
6253,0.564813
6254,0.490422
6255,0.127303
6256,0.166881
6257,0.152148
6258,0.295073
6259,0.336663
6260,0.556757
6261,0.733072
6262,0.988833
6263,0.499956
6264,0.416065
6265,0.352252
6266,0.081446
6268,0.244539
6269,0.451266
6270,0.843008
6271,0.392342
6272,0.453488
6273,0.363341
6274,0.861964
6276,0.292807
6277,0.777762
6278,0.969944
6279,0.927287
6280,0.617447
6281,0.699949
6282,0.364786
6283,0.083757
6284,0.684237
6285,0.873242
6286,0.667015
6287,0.072079
6288,0.414643
6289,0.604047
6290,0.671293
6291,0.496811
6292,0.529167
6293,0.416409
6294,0.559390
6295,0.192660
6296,0.208571
6297,0.301329
6298,0.195782
6299,0.175982
6300,0.315096
6301,0.386186
6302,0.323829
6304,0.229516
6305,0.717338
6306,0.798329
6307,0.452432
6308,0.786173
6309,0.178248
6311,0.930410
6312,0.343452
6313,0.286473
6314,0.630047
6315,0.756039
6317,0.272406
6318,0.290629
6319,0.706793
6320,0.640136
6321,0.085813
6322,0.265495
6323,0.089224
6324,0.743294
6325,0.116303
6327,0.688404
6328,0.191438
6329,0.191082
6330,0.868319
6331,0.215505
6332,0.763161
6333,0.930576
6335,0.786651
6337,0.154081
6338,0.911465
6339,0.192382
6340,0.318063
6341,0.894987
6342,0.055957
6343,0.313463
6344,0.085435
6345,0.984955
6346,0.184515
6347,0.223383
6348,0.951521
6349,0.727361
6350,0.242528
6351,0.819363
6353,0.813151
6354,0.212560
6355,0.311762
6356,0.866575
6357,0.266184
6358,0.547323
6359,0.774562
6360,0.332352
6361,0.238550
6362,0.531056
6363,0.422243
6364,0.699471
6365,0.115503
6366,0.171326
6367,0.454121
6368,0.812351
6369,0.788718
6370,0.050490
6371,0.265439
6372,0.569135
6373,0.655692
6374,0.934043
6375,0.267628
6376,0.674782
6377,0.363275
6378,0.941043
6379,0.105247
6380,0.781917
6381,0.757661
6382,0.987122
6383,0.633581
6384,0.345330
6386,0.245550
6387,0.933321
6388,0.468788
6389,0.453288
6390,0.074491
6391,0.139470
6392,0.292362
6393,0.216471
6394,0.184682
6395,0.231594
6398,0.155715
6399,0.868708
6400,0.217338
6401,0.165515
6402,0.778440
6403,0.894820
6404,0.251917
6405,0.239216
6406,0.730038
6407,0.128358
6408,0.922532
6409,0.991678
6410,0.802162
6411,0.826441
6412,0.166293
6413,0.827263
6414,0.703193
6415,0.163637
6416,0.262406
6417,0.163493
6418,0.291762
6419,0.406753
6420,0.321807
6421,0.442521
6422,0.447343
6423,0.356641
6424,0.576846
6425,0.936021
6426,0.745339
6427,0.668348
6428,0.651459
6429,0.803540
6430,0.646603
6431,0.222138
6432,0.885009
6433,0.223172
6434,0.799551
6435,0.220105
6436,0.912187
6437,0.671615
6438,0.179760
6439,0.370853
6440,0.464610
6442,0.164226
6443,0.756317
6444,0.210871
6445,0.163626
6446,0.793618
6447,0.350419
6448,0.008689
6449,0.310118
6450,0.661559
6451,0.855263
6452,0.848052
6453,0.440910
6454,0.333496
6455,0.380931
6456,0.818218
6457,0.532001
6458,0.446899
6459,0.869553
6460,0.150737
6462,0.425132
6463,0.441399
6464,0.381364
6465,0.674015
6466,0.530923
6467,0.177804
6469,0.279851
6471,0.159637
6472,0.459810
6473,0.840063
6474,0.153626
6475,0.099124
6476,0.622225
6477,0.368164
6478,0.907654
6479,0.938054
6480,0.860841
6481,0.260795
6482,0.136847
6483,0.193138
6484,0.201660
6485,0.224772
6486,0.246161
6487,0.319607
6488,0.135325
6489,0.320696
6490,0.680860
6491,0.266406
6492,0.405665
6493,0.748617
6494,0.691204
6495,0.271384
6496,0.552912
6497,0.042334
6498,0.774173
6499,0.237061
6500,0.363119
6501,0.125536
6502,0.815274
6503,0.197593
6504,0.270350
6505,0.738950
6506,0.042790
6508,0.234916
6509,0.545957
6510,0.761006
6511,0.627570
6512,0.471999
6513,0.281006
6514,0.122881
6515,0.261072
6516,0.076335
6517,0.130081
6519,0.229950
6520,0.534812
6521,0.231505
6522,0.622925
6523,0.296595
6524,0.421987
6525,0.877675
6526,0.307618
6527,0.297140
6528,0.359464
6529,0.663804
6530,0.467421
6531,0.547223
6532,0.702216
6533,0.823763
6534,0.871508
6535,0.590124
6536,0.169826
6537,0.303662
6538,0.780095
6539,0.513734
6540,0.779084
6541,0.278873
6542,0.079368
6543,0.153848
6544,0.858530
6545,0.374319
6546,0.675504
6547,0.185482
6548,0.576235
6549,0.793218
6550,0.624503
6552,0.554846
6553,0.929887
6554,0.790806
6555,0.494633
6556,0.358475
6557,0.307462
6558,0.277528
6559,0.350708
6560,0.596802
6561,0.371019
6562,0.766850
6563,0.253561
6564,0.314396
6565,0.134170
6566,0.248606
6567,0.267684
6568,0.260728
6569,0.720316
6570,0.881864
6571,0.339708
6572,0.811151
6573,0.036712
6574,0.442054
6575,0.613125
6576,0.496011
6577,0.593747
6579,0.578157
6582,0.146670
6583,0.244450
6584,0.799740
6585,0.678126
6586,0.310974
6587,0.297951
6588,0.268439
6590,0.906642
6591,0.883964
6592,0.459099
6593,0.506022
6594,0.783384
6595,0.829796
6596,0.898864
6597,0.458877
6598,0.481844
6599,0.761850
6600,0.109336
6601,0.099502
6602,0.869219
6604,0.625069
6605,0.624747
6606,0.498400
6607,0.356519
6609,0.333941
6610,0.289918
6611,0.561579
6612,0.097324
6613,0.366753
6614,0.646348
6616,0.791873
6617,0.071446
6618,0.693971
6619,0.988633
6620,0.245705
6621,0.196349
6622,0.570846
6623,0.844685
6624,0.854541
6625,0.417820
6626,0.725916
6627,0.254806
6628,0.802585
6629,0.438899
6630,0.318063
6631,0.460610
6632,0.862219
6633,0.198704
6634,0.919798
6635,0.923254
6636,0.938810
6637,0.211894
6638,0.178160
6639,0.402576
6640,0.385575
6641,0.276139
6642,0.230716
6643,0.729461
6644,0.267350
6645,0.397387
6646,0.870553
6647,0.936799
6648,0.780840
6649,0.832230
6650,0.032334
6651,0.139703
6652,0.867908
6655,0.315107
6656,0.780417
6657,0.830463
6658,0.762706
6659,0.300440
6660,0.194371
6661,0.480022
6662,0.895120
6663,0.110225
6664,0.241472
6665,0.098013
6666,0.484733
6667,0.255728
6668,0.789518
6669,0.325952
6670,0.697849
6671,0.402876
6672,0.777695
6673,0.461755
6674,0.923387
6675,0.233139
6676,0.249406
6679,0.092246
6680,0.878920
6681,0.768595
6682,0.567502
6683,0.151837
6684,0.478488
6685,0.487466
6686,0.937299
6687,0.166004
6689,0.693460
6690,0.568824
6691,0.309674
6692,0.182504
6693,0.726605
6694,0.783573
6695,0.219538
6696,0.256639
6697,0.684015
6698,0.806196
6699,0.403353
6700,0.514445
6701,0.790051
6702,0.081535
6703,0.546223
6704,0.194627
6705,0.846541
6706,0.783251
6707,0.427554
6708,0.502089
6709,0.776684
6710,0.982555
6711,0.153703
6712,0.319829
6713,0.867575
6714,0.408276
6715,0.744505
6716,0.499667
6717,0.736727
6718,0.223283
6719,0.349897
6721,0.818274
6722,0.249161
6723,0.417754
6724,0.351474
6725,0.904787
6726,0.258317
6727,0.730305
6728,0.237461
6729,0.821118
6730,0.321618
6731,0.792340
6733,0.436276
6735,0.101658
6736,0.728461
6737,0.348508
6738,0.743750
6739,0.241916
6740,0.362964
6741,0.299918
6742,0.263528
6743,0.941732
6744,0.847319
6746,0.310196
6747,0.408187
6748,0.725483
6750,0.172815
6751,0.200227
6752,0.208582
6753,0.173848
6754,0.573002
6755,0.358530
6757,0.138314
6758,0.671115
6759,0.157815
6760,0.650026
6761,0.230261
6762,0.132714
6763,0.902565
6764,0.738339
6765,0.312985
6766,0.397920
6767,0.780895
6768,0.858597
6769,0.815863
6770,0.231650
6773,0.272973
6775,0.892409
6776,0.873219
6778,0.677437
6779,0.281317
6780,0.568257
6781,0.452666
6782,0.909131
6783,0.504567
6784,0.612047
6785,0.711105
6787,0.450266
6789,0.280306
6790,0.182893
6791,0.357986
6792,0.244539
6793,0.115336
6794,0.418654
6795,0.835730
6796,0.352575
6797,0.620736
6798,0.760950
6799,0.248272
6800,0.235161
6801,0.140348
6802,0.919932
6803,0.252750
6804,0.085524
6805,0.800218
6806,0.271673
6808,0.312129
6809,0.345163
6810,0.780217
6811,0.773351
6812,0.457921
6814,0.368042
6815,0.089935
6816,0.467221
6818,0.842408
6819,0.885697
6820,0.164370
6821,0.069879
6822,0.733761
6823,0.660770
6824,0.788506
6826,0.614969
6827,0.859186
6828,0.280484
6829,0.380275
6830,0.107013
6831,0.196604
6832,0.401398
6833,0.277206
6835,0.441288
6836,0.186904
6837,0.514578
6838,0.110069
6839,0.890864
6840,0.500222
6841,0.319429
6842,0.270906
6843,0.398831
6844,0.305362
6846,0.612136
6847,0.399776
6848,0.929687
6849,0.710160
6850,0.409498
6851,0.208849
6852,0.787762
6853,0.678093
6854,0.710260
6855,0.820774
6856,0.725105
6857,0.667826
6859,0.457277
6860,0.796084
6861,0.835019
6862,0.137259
6863,0.759961
6864,0.318452
6865,0.312918
6866,0.915487
6867,0.047357
6868,0.612536
6870,0.767406
6871,0.390520
6872,0.528756
6873,0.803473
6874,0.226327
6875,0.749594
6876,0.489178
6877,0.114191
6878,0.061268
6879,0.727316
6880,0.889686
6881,0.616480
6882,0.613691
6883,0.834630
6885,0.790684
6886,0.801518
6887,0.508334
6888,0.809951
6889,0.315007
6890,0.416909
6891,0.061501
6892,0.289829
6893,0.241305
6894,0.572146
6895,0.937665
6896,0.277895
6897,0.894498
6898,0.068257
6899,0.823329
6900,0.648270
6901,0.225583
6902,0.233639
6903,0.137192
6904,0.126958
6906,0.277840
6907,0.493089
6908,0.570613
6909,0.630625
6911,0.722716
6912,0.695293
6913,0.577635
6914,0.925521
6915,0.871442
6916,0.936943
6917,0.131958
6918,0.019156
6919,0.189604
6920,0.187071
6921,0.429621
6922,0.213983
6923,0.840619
6924,0.924532
6925,0.325685
6927,0.900120
6928,0.674859
6929,0.898220
6930,0.265439
6932,0.699693
6933,0.888242
6934,0.225338
6935,0.316663
6936,0.445054
6937,0.757450
6938,0.343041
6939,0.852174
6940,0.741139
6941,0.869275
6942,0.865275
6943,0.932587
6944,0.450310
6945,0.442932
6947,0.220238
6948,0.226505
6949,0.907520
6950,0.722827
6951,0.851686
6952,0.055901
6953,0.427743
6954,0.140436
6955,0.236683
6957,0.896464
6958,0.381653
6960,0.761284
6961,0.579413
6962,0.211616
6963,0.930687
6964,0.891131
6965,0.471722
6966,0.792073
6967,0.762450
6968,0.445065
6969,0.260839
6970,0.246905
6971,0.734739
6972,0.323796
6973,0.068190
6974,0.134636
6975,0.112991
6976,0.874731
6977,0.249772
6978,0.316151
6979,0.203382
6980,0.910465
6981,0.361052
6982,0.460755
6983,0.751817
6984,0.304362
6986,0.970388
6987,0.359864
6988,0.204093
6989,0.427510
6990,0.698582
6991,0.419687
6992,0.187593
6993,0.694204
6994,0.235327
6995,0.196760
6996,0.399609
6997,0.209982
6998,0.399309
6999,0.282773
7000,0.319696
7001,0.881608
7002,0.902853
7003,0.853475
7004,0.804696
7006,0.843674
7007,0.567324
7008,0.910698
7009,0.138848
7011,0.062946
7012,0.198971
7013,0.259595
7014,0.768106
7015,0.105047
7016,0.787173
7017,0.455677
7018,0.706149
7019,0.161381
7020,0.821907
7021,0.851730
7022,0.727616
7023,0.257861
7024,0.406020
7025,0.212771
7026,0.963521
7027,0.896609
7028,0.804073
7030,0.368464
7031,0.403242
7032,0.919043
7033,0.355319
7034,0.109780
7035,0.131914
7036,0.756172
7037,0.647948
7038,0.229238
7039,0.228761
7040,0.558101
7041,0.732572
7042,0.175904
7043,0.826318
7044,0.321907
7045,0.779362
7046,0.318052
7047,0.675204
7048,0.280506
7050,0.293151
7051,0.361786
7052,0.664726
7053,0.943777
7054,0.160792
7055,0.830374
7056,0.697516
7057,0.690960
7058,0.652159
7059,0.505422
7060,0.388620
7061,0.598836
7062,0.425021
7063,0.661892
7064,0.770395
7065,0.770739
7066,0.314563
7067,0.847808
7071,0.140414
7072,0.474188
7073,0.275551
7074,0.422198
7075,0.735494
7076,0.259406
7078,0.737828
7080,0.522234
7081,0.924832
7082,0.518112
7083,0.599258
7084,0.319974
7086,0.098547
7087,0.663159
7088,0.362119
7089,0.438565
7090,0.717927
7091,0.643670
7092,0.831141
7093,0.106113
7094,0.593180
7095,0.179215
7096,0.038445
7099,0.695782
7100,0.851997
7101,0.299007
7103,0.666326
7104,0.219927
7105,0.176171
7106,0.704049
7107,0.835285
7108,0.170837
7109,0.826129
7111,0.709538
7112,0.087346
7114,0.324707
7115,0.375953
7116,0.660404
7117,0.361141
7118,0.394264
7119,0.726027
7120,0.822841
7121,0.219827
7122,0.613880
7123,0.398064
7127,0.696960
7128,0.621414
7129,0.732572
7130,0.571168
7131,0.323452
7132,0.195027
7133,0.797018
7134,0.142492
7135,0.555623
7136,0.103291
7137,0.384631
7138,0.697115
7139,0.635014
7140,0.909020
7142,0.597902
7143,0.429554
7145,0.330741
7146,0.574568
7147,0.366797
7148,0.189738
7149,0.193060
7150,0.842863
7151,0.597158
7152,0.607802
7153,0.854475
7154,0.515956
7155,0.768117
7156,0.295118
7158,0.339452
7159,0.727783
7160,0.662770
7162,0.493955
7163,0.959277
7164,0.340985
7165,0.188404
7166,0.787573
7167,0.141759
7168,0.713971
7169,0.241139
7170,0.316307
7171,0.980600
7172,0.248828
7174,0.824752
7175,0.584813
7176,0.277184
7177,0.749683
7178,0.928043
7179,0.914698
7180,0.476666
7181,0.529790
7182,0.186337
7183,0.954999
7184,0.166593
7185,0.634370
7186,0.672504
7187,0.056479
7188,0.215194
7189,0.255017
7190,0.336285
7191,0.296284
7192,0.643214
7193,0.339919
7194,0.265973
7195,0.779328
7196,0.325741
7197,0.855719
7198,0.382820
7199,0.306307
7200,0.845041
7201,0.293340
7202,0.842874
7203,0.462066
7204,0.875542
7205,0.719783
7206,0.642281
7207,0.841274
7208,0.151048
7209,0.666493
7210,0.307662
7211,0.992289
7212,0.817140
7214,0.227827
7215,0.397353
7217,0.593180
7218,0.918376
7219,0.823618
7220,0.439132
7221,0.312974
7222,0.139959
7223,0.788251
7224,0.539068
7225,0.730561
7228,0.306085
7229,0.850474
7230,0.505011
7232,0.344030
7233,0.140181
7234,0.656870
7235,0.191226
7236,0.168015
7237,0.973422
7238,0.193449
7239,0.328941
7242,0.147192
7243,0.447165
7244,0.788262
7247,0.054057
7248,0.189315
7249,0.871775
7250,0.376531
7251,0.129470
7253,0.626936
7254,0.665870
7256,0.113525
7257,0.401209
7258,0.860508
7259,0.628481
7260,0.673604
7261,0.145170
7262,0.169115
7263,0.854986
7264,0.822641
7265,0.098624
7266,0.693982
7267,0.188093
7269,0.921965
7270,0.374686
7271,0.772684
7272,0.210349
7273,0.892853
7274,0.361075
7275,0.209660
7277,0.758795
7278,0.939354
7279,0.788329
7280,0.358264
7282,0.380620
7283,0.452666
7284,0.929643
7285,0.872308
7286,0.138970
7287,0.853575
7289,0.766928
7290,0.627770
7291,0.297629
7292,0.246261
7293,0.839285
7294,0.071846
7295,0.555501
7296,0.111314
7297,0.295395
7298,0.516745
7299,0.885409
7300,0.806585
7301,0.194993
7302,0.273451
7303,0.501911
7304,0.511467
7305,0.783784
7306,0.225505
7307,0.908165
7308,0.154515
7309,0.260006
7310,0.268906
7311,0.126325
7312,0.135470
7314,0.838585
7315,0.346319
7316,0.185493
7317,0.342897
7318,0.605702
7319,0.259561
7320,0.133803
7321,0.235272
7322,0.351430
7323,0.206771
7324,0.224672
7325,0.248161
7326,0.150948
7328,0.064946
7329,0.196982
7330,0.199404
7331,0.062968
7332,0.169104
7333,0.261261
7334,0.086746
7335,0.220538
7336,0.242883
7338,0.226849
7341,0.287595
7342,0.381664
7343,0.308685
7344,0.103880
7345,0.559435
7346,0.470910
7347,0.319818
7348,0.874397
7349,0.195560
7351,0.589258
7352,0.847474
7353,0.617258
7354,0.918887
7355,0.036367
7356,0.240216
7357,0.832785
7358,0.692893
7359,0.176548
7360,0.176559
7361,0.951877
7362,0.413154
7363,0.305096
7364,0.746917
7365,0.215927
7366,0.341630
7367,0.572490
7368,0.144092
7369,0.876475
7370,0.894853
7371,0.679004
7373,0.335919
7374,0.331774
7375,0.251028
7376,0.182915
7377,0.801573
7378,0.291518
7379,0.851663
7380,0.287706
7381,0.753072
7382,0.869586
7383,0.291095
7384,0.243172
7385,0.143592
7386,0.777206
7387,0.461988
7388,0.302640
7389,0.494478
7390,0.957077
7391,0.263628
7392,0.877597
7393,0.755461
7394,0.302084
7395,0.656970
7396,0.791840
7397,0.858552
7399,0.254272
7400,0.238961
7401,0.788984
7402,0.906809
7403,0.273939
7404,0.843674
7405,0.128258
7406,0.507145
7407,0.851697
7408,0.753695
7409,0.022489
7410,0.391875
7411,0.601780
7412,0.451299
7413,0.801840
7414,0.425787
7415,0.723027
7416,0.754339
7417,0.332052
7418,0.455132
7419,0.632981
7420,0.773751
7421,0.553112
7422,0.431354
7423,0.139881
7424,0.903120
7425,0.915798
7426,0.227405
7427,0.540534
7428,0.228627
7429,0.288218
7430,0.277406
7431,0.347719
7432,0.318329
7434,0.806885
7435,0.260095
7436,0.734672
7437,0.690393
7438,0.380708
7439,0.645781
7440,0.807351
7441,0.930587
7442,0.647659
7443,0.169682
7444,0.894531
7445,0.475099
7446,0.941199
7447,0.292518
7448,0.207749
7449,0.568579
7450,0.262239
7451,0.807140
7452,0.304718
7453,0.255995
7454,0.897709
7455,0.066824
7456,0.422565
7458,0.782929
7459,0.562813
7460,0.691638
7461,0.731038
7462,0.183971
7465,0.026234
7466,0.091935
7467,0.844374
7468,0.244694
7469,0.892853
7470,0.817785
7471,0.720427
7472,0.442943
7473,0.026667
7474,0.460166
7475,0.806018
7476,0.268462
7477,0.902753
7478,0.622569
7479,0.214405
7480,0.166381
7482,0.306318
7483,0.668959
7484,0.919009
7485,0.575591
7486,0.783095
7487,0.084580
7488,0.081713
7489,0.657481
7490,0.769517
7491,0.326785
7492,0.819374
7493,0.723738
7494,0.363108
7495,0.768717
7496,0.123969
7497,0.226094
7498,0.600424
7499,0.351063
7500,0.253239
7501,0.633414
7502,0.224705
7503,0.134125
7504,0.120625
7505,0.112169
7506,0.373331
7507,0.204927
7508,0.225116
7509,0.265517
7510,0.770295
7511,0.715249
7512,0.240339
7513,0.432410
7514,0.175282
7515,0.827663
7516,0.345408
7517,0.538423
7518,0.616591
7519,0.644048
7520,0.182849
7521,0.808529
7523,0.309585
7525,0.027890
7526,0.782262
7527,0.299162
7528,0.041145
7529,0.752617
7530,0.693138
7531,0.768095
7532,0.739361
7533,0.898353
7534,0.183215
7535,0.055423
7536,0.833874
7537,0.279206
7538,0.750839
7539,0.761150
7540,0.709627
7541,0.225027
7542,0.083757
7543,0.419587
7544,0.807107
7545,0.399876
7546,0.223649
7547,0.481633
7548,0.672537
7549,0.784995
7550,0.103013
7551,0.462144
7552,0.445199
7553,0.973411
7554,0.800196
7556,0.616347
7557,0.885086
7558,0.720383
7559,0.764384
7560,0.237227
7561,0.879308
7562,0.605558
7563,0.949154
7564,0.281028
7565,0.274695
7566,0.251617
7567,0.454677
7568,0.194193
7569,0.363664
7570,0.676382
7571,0.176682
7573,0.233783
7574,0.586224
7575,0.282929
7576,0.337752
7577,0.844785
7578,0.259661
7580,0.490044
7581,0.622847
7582,0.774195
7583,0.775239
7584,0.494811
7585,0.858275
7586,0.686649
7587,0.209038
7588,0.321063
7589,0.641881
7590,0.701138
7591,0.146981
7592,0.805173
7593,0.581091
7594,0.304785
7595,0.258895
7596,0.186015
7597,0.925965
7598,0.802496
7600,0.312385
7602,0.182537
7603,0.897175
7604,0.826229
7605,0.254239
7606,0.285762
7607,0.912276
7608,0.394187
7609,0.896087
7610,0.180682
7611,0.313596
7612,0.861952
7613,0.164804
7614,0.075057
7615,0.864575
7616,0.778706
7617,0.909276
7618,0.486022
7620,0.482444
7622,0.920620
7623,0.097013
7624,0.341208
7625,0.773617
7626,0.352608
7627,0.337863
7628,0.243605
7629,0.812785
7630,0.178426
7631,0.815307
7632,0.134147
7633,0.148048
7634,0.355986
7635,0.698216
7636,0.260339
7637,0.448388
7638,0.225616
7639,0.078613
7640,0.769428
7641,0.317040
7642,0.648603
7643,0.715927
7644,0.772973
7645,0.487266
7646,0.137336
7647,0.442977
7648,0.406420
7649,0.334374
7650,0.700549
7651,0.634825
7652,0.250406
7653,0.180882
7654,0.296662
7655,0.851197
7656,0.830485
7657,0.791362
7658,0.877008
7659,0.904998
7660,0.548679
7661,0.260917
7663,0.959477
7664,0.857497
7665,0.409142
7666,0.788218
7667,0.508134
7668,0.273973
7669,0.320107
7670,0.907365
7671,0.959899
7672,0.960021
7673,0.934099
7674,0.945965
7676,0.140581
7677,0.327896
7679,0.451610
7680,0.871486
7681,0.736994
7682,0.073568
7683,0.326163
7684,0.839674
7685,0.263673
7686,0.417787
7687,0.135081
7688,0.466944
7689,0.576457
7690,0.161348
7691,0.503778
7692,0.539145
7693,0.678415
7694,0.441932
7695,0.789229
7696,0.356841
7697,0.889920
7698,0.711560
7699,0.474799
7700,0.603636
7701,0.858997
7702,0.411531
7703,0.350052
7704,0.236172
7705,0.922243
7706,0.345485
7707,0.531623
7708,0.308118
7711,0.206760
7712,0.059590
7713,0.722705
7715,0.309640
7716,0.952277
7717,0.297229
7718,0.383342
7719,0.324663
7720,0.130781
7721,0.393731
7722,0.326129
7723,0.940554
7724,0.981433
7725,0.244605
7726,0.763317
7727,0.092369
7729,0.073002
7730,0.198216
7731,0.149748
7732,0.343330
7733,0.467822
7734,0.474555
7735,0.341563
7736,0.336119
7737,0.326874
7738,0.317874
7739,0.411131
7740,0.156481
7741,0.908642
7742,0.444888
7743,0.828952
7744,0.650659
7745,0.629836
7746,0.385209
7747,0.984544
7749,0.219249
7750,0.190838
7751,0.777840
7753,0.182104
7754,0.242305
7755,0.645070
7756,0.835963
7757,0.073146
7758,0.307907
7759,0.306940
7760,0.632592
7761,0.538856
7762,0.821663
7763,0.646170
7764,0.228161
7765,0.759439
7766,0.022034
7767,0.296773
7768,0.566079
7769,0.542968
7770,0.352741
7771,0.862653
7772,0.457832
7773,0.274706
7774,0.215127
7775,0.786051
7776,0.895909
7777,0.226738
7779,0.392053
7780,0.662237
7781,0.835463
7782,0.478355
7783,0.677059
7784,0.234039
7785,0.362664
7786,0.336919
7789,0.887331
7790,0.104147
7791,0.665526
7792,0.031823
7795,0.320174
7796,0.351597
7797,0.318974
7798,0.153103
7799,0.856586
7801,0.111236
7802,0.275995
7803,0.084569
7804,0.882531
7805,0.732427
7806,0.849430
7807,0.560612
7808,0.509322
7809,0.272517
7810,0.028178
7811,0.898698
7812,0.888375
7813,0.866608
7814,0.754050
7815,0.298518
7816,0.899864
7817,0.380108
7818,0.697593
7819,0.526001
7820,0.582524
7821,0.623369
7822,0.802196
7823,0.685949
7824,0.099247
7825,0.302773
7826,0.852963
7827,0.691693
7828,0.428154
7830,0.802551
7831,0.837863
7832,0.864419
7833,0.632214
7835,0.530923
7836,0.991133
7837,0.577446
7839,0.641859
7840,0.652270
7841,0.329752
7842,0.125258
7843,0.206493
7844,0.426476
7845,0.759739
7846,0.747961
7847,0.022689
7848,0.879086
7850,0.118136
7851,0.694438
7852,0.847108
7853,0.689038
7854,0.408687
7855,0.527089
7856,0.664293
7857,0.307629
7858,0.683749
7859,0.286129
7860,0.331363
7861,0.917554
7862,0.817329
7863,0.669426
7864,0.681971
7865,0.709371
7866,0.632181
7867,0.197582
7869,0.334296
7870,0.820163
7871,0.342019
7872,0.847519
7873,0.102702
7874,0.949343
7875,0.755039
7876,0.352108
7877,0.209438
7878,0.888453
7879,0.569235
7880,0.467344
7881,0.899487
7882,0.762028
7883,0.065101
7884,0.263261
7885,0.232438
7886,0.079080
7887,0.130603
7888,0.536945
7889,0.046734
7890,0.342008
7891,0.591891
7892,0.944554
7893,0.875053
7895,0.203327
7896,0.768150
7897,0.570435
7898,0.944199
7899,0.883097
7900,0.218894
7901,0.388431
7902,0.640092
7903,0.623947
7904,0.742350
7905,0.043468
7906,0.314751
7907,0.815118
7908,0.451443
7909,0.870819
7910,0.930565
7911,0.476466
7912,0.400276
7913,0.180026
7914,0.116814
7915,0.924521
7916,0.136703
7917,0.078046
7918,0.817574
7919,0.827763
7920,0.635192
7921,0.936643
7923,0.277873
7924,0.216671
7925,0.058590
7927,0.820407
7928,0.201904
7929,0.555179
7930,0.394575
7931,0.579324
7932,0.564924
7933,0.829185
7934,0.082691
7936,0.256772
7938,0.721705
7939,0.165904
7940,0.051723
7941,0.453677
7942,0.173137
7943,0.216849
7944,0.658815
7945,0.289229
7946,0.167193
7947,0.228194
7948,0.141648
7949,0.662315
7950,0.878797
7951,0.470933
7952,0.083580
7954,0.454643
7955,0.366919
7956,0.569657
7957,0.675259
7959,0.229283
7960,0.623958
7961,0.311296
7962,0.080491
7963,0.209616
7964,0.756783
7965,0.798107
7967,0.191571
7968,0.487622
7969,0.161348
7970,0.142748
7971,0.006989
7972,0.945988
7973,0.902665
7974,0.054157
7975,0.596380
7976,0.331585
7977,0.431221
7978,0.189049
7979,0.404465
7981,0.738828
7982,0.840252
7983,0.343185
7984,0.329996
7985,0.147281
7986,0.316685
7987,0.363830
7989,0.451521
7990,0.421687
7991,0.022334
7993,0.836930
7994,0.188338
7995,0.817629
7996,0.128570
7997,0.747561
7998,0.141670
7999,0.927876
8000,0.476055
8001,0.854497
8002,0.520223
8004,0.894975
8006,0.215583
8007,0.150881
8010,0.436487
8011,0.828052
8012,0.141659
8013,0.789862
8014,0.404742
8015,0.785951
8016,0.640948
8017,0.212694
8018,0.141925
8019,0.844463
8020,0.215638
8021,0.811162
8022,0.742550
8023,0.852430
8024,0.878931
8025,0.207016
8026,0.340874
8027,0.268173
8028,0.742950
8029,0.814829
8030,0.160659
8031,0.753239
8032,0.455832
8035,0.798373
8036,0.451421
8038,0.250328
8039,0.329563
8040,0.973088
8041,0.691793
8042,0.956043
8043,0.189460
8044,0.734727
8045,0.198882
8046,0.048590
8047,0.322363
8048,0.305740
8049,0.833263
8050,0.789895
8051,0.978311
8052,0.178904
8053,0.475911
8054,0.972666
8055,0.794795
8056,0.293084
8058,0.800129
8059,0.880531
8060,0.172904
8061,0.180715
8062,0.957255
8064,0.217205
8065,0.730938
8066,0.706371
8067,0.278028
8068,0.696071
8069,0.213894
8070,0.899176
8071,0.160015
8072,0.281228
8073,0.697438
8075,0.419332
8076,0.726794
8077,0.739783
8078,0.337107
8079,0.012645
8080,0.826963
8081,0.443788
8082,0.792707
8083,0.960455
8087,0.477222
8088,0.330941
8089,0.361130
8090,0.385020
8091,0.223116
8092,0.495800
8093,0.205049
8094,0.147259
8096,0.071024
8097,0.863397
8098,0.782406
8099,0.635259
8100,0.349541
8101,0.524845
8102,0.057557
8103,0.617725
8105,0.710127
8106,0.583691
8107,0.325674
8108,0.095391
8109,0.333930
8110,0.397853
8111,0.461688
8112,0.655748
8113,0.288084
8114,0.717738
8115,0.880231
8116,0.916609
8117,0.346630
8118,0.032801
8119,0.889975
8120,0.921565
8121,0.140325
8122,0.697571
8123,0.290373
8124,0.821329
8125,0.796240
8127,0.803573
8129,0.290584
8130,0.162881
8131,0.933610
8132,0.811029
8133,0.786729
8134,0.754439
8135,0.669893
8136,0.779928
8137,0.622380
8138,0.991144
8139,0.784995
8140,0.120569
8141,0.107836
8142,0.922687
8143,0.450232
8144,0.838041
8145,0.221894
8146,0.295051
8148,0.308829
8149,0.385675
8150,0.888453
8151,0.289918
8152,0.648292
8153,0.366786
8154,0.882075
8155,0.099780
8156,0.472766
8158,0.537701
8159,0.374086
8160,0.835319
8161,0.908842
8163,0.509078
8164,0.606802
8165,0.128714
8166,0.861808
8167,0.414343
8168,0.159292
8169,0.329752
8170,0.566879
8171,0.239861
8172,0.250750
8173,0.672893
8174,0.483677
8175,0.197527
8176,0.206827
8177,0.543857
8178,0.180782
8179,0.259272
8180,0.134736
8181,0.654448
8182,0.509689
8183,0.141014
8184,0.734639
8185,0.089180
8186,0.524901
8187,0.914520
8188,0.834230
8189,0.582224
8190,0.180637
8191,0.680115
8193,0.244805
8194,0.877897
8195,0.800673
8196,0.799640
8197,0.178026
8198,0.360097
8199,0.165759
8200,0.584080
8201,0.189549
8202,0.250628
8203,0.109214
8204,0.728550
8205,0.455499
8206,0.083113
8208,0.636070
8209,0.075724
8210,0.842363
8212,0.366797
8214,0.890142
8215,0.532312
8217,0.190182
8218,0.993578
8219,0.180037
8220,0.382108
8221,0.258550
8223,0.567735
8224,0.605213
8225,0.219772
8226,0.488200
8227,0.820674
8228,0.898187
8229,0.108425
8230,0.560224
8231,0.772206
8232,0.303385
8233,0.459944
8234,0.882720
8235,0.168037
8236,0.817374
8238,0.139981
8239,0.769617
8240,0.295640
8241,0.113014
8242,0.928332
8243,0.637281
8244,0.227183
8245,0.312407
8246,0.521767
8247,0.827863
8248,0.199004
8249,0.623281
8250,0.812229
8251,0.135425
8252,0.903598
8253,0.762284
8254,0.292907
8255,0.672404
8257,0.873586
8258,0.838652
8260,0.108147
8261,0.469033
8262,0.823329
8263,0.287473
8264,0.134281
8265,0.099913
8266,0.771306
8267,0.159881
8268,0.186282
8269,0.753539
8270,0.290140
8271,0.077702
8272,0.143259
8273,0.938932
8274,0.577757
8275,0.607714
8276,0.590035
8277,0.986611
8278,0.920476
8279,0.493378
8280,0.956010
8281,0.350919
8282,0.731772
8283,0.550179
8284,0.225149
8285,0.383609
8286,0.832541
8287,0.302840
8289,0.232305
8290,0.402820
8291,0.391364
8292,0.335007
8293,0.884053
8294,0.274406
8295,0.149748
8298,0.865108
8299,0.244861
8300,0.700416
8301,0.510756
8302,0.431276
8303,0.154448
8304,0.077202
8306,0.237250
8307,0.793084
8308,0.418476
8310,0.224638
8311,0.241350
8312,0.268028
8313,0.216627
8314,0.908765
8315,0.196771
8317,0.163115
8318,0.847285
8319,0.593958
8320,0.722394
8321,0.215183
8322,0.666215
8323,0.774906
8324,0.930132
8325,0.394309
8326,0.528223
8327,0.799629
8328,0.700193
8329,0.117636
8330,0.483689
8331,0.636903
8332,0.931054
8334,0.856963
8335,0.445654
8336,0.263817
8337,0.480933
8338,0.627870
8340,0.964244
8342,0.010811
8343,0.294684
8344,0.867630
8345,0.270473
8346,0.918087
8347,0.463177
8348,0.172593
8349,0.623247
8350,0.214616
8351,0.298784
8352,0.905431
8353,0.296573
8354,0.587313
8355,0.895731
8356,0.803362
8357,0.398976
8358,0.716571
8359,0.088402
8360,0.331118
8361,0.685582
8362,0.292129
8363,0.270595
8364,0.686982
8365,0.783717
8366,0.144803
8367,0.878097
8368,0.899764
8369,0.238750
8372,0.226072
8374,0.204982
8375,0.456243
8376,0.753161
8377,0.107413
8378,0.652292
8379,0.403542
8380,0.399309
8381,0.290106
8382,0.322574
8383,0.271406
8384,0.071613
8385,0.387397
8386,0.401009
8387,0.829996
8388,0.184637
8389,0.479666
8390,0.962888
8391,0.868942
8394,0.210671
8395,0.669704
8396,0.488422
8399,0.135892
8400,0.325029
8401,0.460232
8402,0.262595
8403,0.863853
8404,0.570902
8406,0.130436
8409,0.082569
8410,0.375486
8411,0.123769
8412,0.614447
8413,0.311851
8414,0.170826
8415,0.624225
8416,0.426398
8417,0.308896
8418,0.940043
8419,0.766350
8420,0.922154
8421,0.096691
8422,0.532267
8423,0.239850
8424,0.112191
8425,0.248994
8426,0.723105
8427,0.274728
8428,0.221016
8429,0.068346
8430,0.197949
8431,0.278195
8432,0.899720
8433,0.294695
8434,0.823885
8435,0.400598
8436,0.488578
8437,0.746583
8438,0.823941
8439,0.812729
8440,0.453277
8441,0.482833
8443,0.401398
8444,0.814307
8445,0.783817
8446,0.722327
8447,0.879631
8448,0.660926
8449,0.294829
8450,0.133314
8451,0.300951
8452,0.577302
8453,0.722694
8454,0.120636
8455,0.475022
8457,0.834741
8458,0.351830
8459,0.894609
8460,0.893809
8461,0.375297
8462,0.652903
8463,0.357575
8464,0.710771
8465,0.503367
8468,0.076791
8469,0.794807
8470,0.933265
8471,0.052068
8472,0.178371
8473,0.115636
8474,0.369853
8475,0.908231
8477,0.079635
8478,0.843241
8479,0.407554
8481,0.762384
8484,0.623203
8485,0.654570
8486,0.332941
8487,0.802162
8488,0.517189
8489,0.223261
8490,0.808829
8491,0.591969
8492,0.831130
8493,0.717616
8495,0.549279
8496,0.718827
8497,0.308729
8498,0.060246
8499,0.306018
8500,0.267461
8501,0.857141
8502,0.131114
8503,0.226949
8504,0.301351
8507,0.900542
8508,0.301407
8509,0.710505
8510,0.249117
8511,0.862808
8512,0.204827
8513,0.339519
8514,0.788918
8515,0.109025
8516,0.282251
8517,0.153859
8518,0.172859
8519,0.039190
8520,0.933310
8521,0.314963
8522,0.683926
8523,0.431165
8524,0.149048
8525,0.267973
8526,0.250206
8528,0.639336
8529,0.789184
8530,0.918487
8531,0.341030
8532,0.910398
8533,0.898587
8534,0.808074
8535,0.216649
8536,0.592613
8537,0.830707
8538,0.721572
8539,0.600147
8540,0.679537
8541,0.459210
8542,0.538579
8543,0.344819
8544,0.258672
8545,0.211494
8546,0.805962
8548,0.419209
8549,0.845252
8550,0.334674
8552,0.822796
8553,0.795062
8554,0.714360
8556,0.328185
8557,0.429776
8558,0.644937
8559,0.334152
8561,0.718338
8562,0.845330
8563,0.221494
8564,0.445088
8565,0.784073
8566,0.274339
8567,0.585013
8568,0.734861
8569,0.107769
8570,0.212505
8572,0.200593
8573,0.337207
8574,0.564790
8575,0.216438
8576,0.280962
8577,0.045757
8578,0.857630
8579,0.628058
8580,0.172148
8581,0.489211
8582,0.063157
8583,0.748239
8584,0.207727
8585,0.540679
8587,0.337263
8588,0.009345
8589,0.733272
8590,0.708771
8592,0.338408
8593,0.284873
8595,0.248250
8596,0.502167
8597,0.312985
8598,0.289706
8599,0.715871
8600,0.362119
8601,0.647737
8602,0.379508
8603,0.316985
8604,0.748817
8605,0.771884
8606,0.896520
8607,0.851152
8608,0.111991
8609,0.137081
8610,0.722138
8611,0.380308
8612,0.367675
8613,0.278884
8614,0.641314
8615,0.870619
8616,0.273739
8617,0.635514
8618,0.071946
8619,0.752039
8620,0.133647
8621,0.741083
8622,0.719427
8623,0.370553
8624,0.809651
8625,0.805118
8628,0.767762
8629,0.505945
8630,0.074324
8631,0.807596
8632,0.815851
8633,0.266850
8634,0.890609
8635,0.617469
8636,0.243472
8637,0.908509
8638,0.361675
8639,0.091569
8640,0.147159
8641,0.169704
8642,0.292684
8643,0.826174
8644,0.316863
8645,0.508478
8646,0.519678
8647,0.944665
8648,0.306407
8649,0.493233
8650,0.483177
8651,0.423354
8652,0.101791
8653,0.118325
8654,0.306007
8655,0.642092
8656,0.851086
8657,0.543845
8659,0.196015
8660,0.032667
8661,0.274706
8663,0.623014
8664,0.534256
8665,0.033379
8666,0.207816
8667,0.754528
8668,0.502333
8669,0.661037
8670,0.414109
8671,0.353475
8672,0.135259
8673,0.280284
8674,0.289884
8675,0.122258
8676,0.124992
8678,0.824007
8680,0.339163
8682,0.472110
8683,0.637081
8684,0.888098
8685,0.051101
8686,0.227561
8687,0.366630
8688,0.452332
8689,0.293273
8690,0.224938
8691,0.189771
8692,0.354986
8694,0.470933
8695,0.162593
8696,0.819452
8697,0.179326
8698,0.210849
8699,0.661604
8700,0.753917
8701,0.817096
8702,0.934954
8704,0.579668
8706,0.176859
8707,0.191004
8709,0.771217
8710,0.199782
8712,0.285462
8713,0.776939
8714,0.238661
8715,0.562446
8716,0.420465
8719,0.261339
8720,0.565868
8721,0.284551
8722,0.399842
8723,0.852130
8724,0.426854
8725,0.285629
8727,0.433821
8728,0.455899
8729,0.867819
8730,0.168948
8731,0.284262
8732,0.853608
8734,0.567079
8735,0.615480
8736,0.498778
8738,0.556201
8739,0.545690
8740,0.843319
8741,0.011834
8742,0.420687
8744,0.847352
8745,0.130614
8746,0.406987
8748,0.838541
8749,0.350097
8750,0.345185
8751,0.298018
8752,0.505667
8753,0.042345
8754,0.302429
8755,0.938699
8756,0.969210
8757,0.833996
8758,0.328896
8759,0.689793
8760,0.755583
8761,0.542101
8763,0.216838
8764,0.237872
8766,0.263228
8767,0.563957
8768,0.203193
8769,0.222094
8770,0.165226
8771,0.921987
8772,0.813518
8774,0.275084
8775,0.923976
8777,0.153192
8778,0.748683
8779,0.280495
8780,0.398709
8781,0.740839
8782,0.330563
8783,0.445377
8784,0.937732
8785,0.849086
8786,0.621303
8787,0.872208
8788,0.776528
8789,0.202349
8790,0.843385
8792,0.893609
8793,0.554735
8794,0.310362
8795,0.778240
8796,0.715338
8797,0.185793
8798,0.943443
8799,0.044445
8800,0.703816
8801,0.827830
8802,0.757917
8803,0.539890
8804,0.383853
8805,0.310562
8806,0.897798
8809,0.179715
8810,0.390475
8812,0.759072
8813,0.700093
8814,0.259172
8816,0.241783
8817,0.656726
8818,0.101613
8819,0.820085
8820,0.503045
8821,0.582491
8822,0.892831
8823,0.802296
8824,0.913165
8825,0.805629
8826,0.669248
8827,0.414920
8828,0.328374
8829,0.494633
8830,0.867241
8831,0.116236
8832,0.799562
8833,0.909476
8834,0.721927
8835,0.864386
8836,0.691926
8839,0.600680
8840,0.827763
8841,0.233305
8842,0.124558
8843,0.832463
8844,0.104302
8845,0.394609
8846,0.562901
8847,0.277395
8848,0.345108
8849,0.660059
8850,0.310040
8851,0.850274
8852,0.903009
8854,0.083791
8855,0.256083
8856,0.707127
8857,0.047679
8859,0.455899
8861,0.656515
8862,0.365819
8863,0.853563
8864,0.389753
8865,0.834030
8866,0.274351
8867,0.887998
8868,0.164304
8870,0.308896
8871,0.287317
8872,0.710216
8874,0.025967
8875,0.604369
8876,0.255483
8877,0.351108
8878,0.394364
8879,0.321052
8880,0.746817
8881,0.884142
8882,0.424721
8883,0.346252
8885,0.293329
8886,0.170815
8888,0.850063
8889,0.261106
8890,0.802940
8891,0.807307
8892,0.839663
8893,0.218649
8894,0.533467
8896,0.434254
8897,0.196904
8898,0.029967
8899,0.057423
8900,0.152759
8901,0.953999
8903,0.412598
8904,0.748806
8905,0.717627
8906,0.459044
8907,0.202471
8908,0.595502
8909,0.207027
8910,0.685804
8911,0.084946
8912,0.272362
8913,0.143114
8915,0.966821
8916,0.489933
8918,0.632370
8919,0.899420
8920,0.785929
8921,0.119892
8922,0.616225
8924,0.772295
8925,0.253428
8927,0.894553
8928,0.233705
8929,0.641836
8930,0.620847
8931,0.314907
8932,0.206038
8933,0.740761
8934,0.671704
8935,0.633436
8936,0.894142
8937,0.668337
8938,0.689515
8939,0.432676
8940,0.293840
8941,0.917165
8943,0.848352
8944,0.426398
8945,0.652981
8946,0.435421
8947,0.578602
8948,0.706727
8949,0.290151
8950,0.391786
8951,0.880653
8952,0.716816
8953,0.378064
8954,0.389431
8955,0.232994
8956,0.810874
8957,0.751206
8958,0.940965
8959,0.810285
8960,0.477622
8961,0.342330
8962,0.718283
8963,0.085069
8965,0.146848
8966,0.894287
8967,0.050223
8969,0.837296
8970,0.784251
8971,0.089858
8972,0.338896
8973,0.513545
8974,0.347897
8975,0.213538
8976,0.795962
8978,0.466244
8979,0.109802
8980,0.084413
8981,0.495200
8982,0.123469
8984,0.293462
8987,0.784173
8988,0.424998
8989,0.647670
8992,0.797818
8993,0.338996
8994,0.871753
8995,0.800818
8996,0.946365
8997,0.220305
8999,0.691738
9000,0.185560
9001,0.785006
9002,0.396287
9003,0.405487
9004,0.376486
9005,0.841874
9006,0.753561
9007,0.252517
9008,0.682382
9009,0.480811
9010,0.796262
9011,0.890809
9012,0.939132
9013,0.898587
9014,0.838141
9015,0.234439
9016,0.465510
9017,0.379075
9018,0.859086
9019,0.327907
9020,0.953655
9021,0.406220
9022,0.911931
9023,0.129136
9024,0.274973
9025,0.395487
9026,0.920843
9027,0.603191
9028,0.845808
9029,0.235127
9030,0.338074
9031,0.276928
9032,0.169093
9033,0.034201
9035,0.957132
9036,0.145370
9038,0.938088
9039,0.939521
9040,0.728405
9041,0.880464
9042,0.742150
9043,0.851774
9044,0.290573
9046,0.392264
9047,0.903676
9048,0.564613
9049,0.448410
9050,0.419743
9051,0.416220
9053,0.035567
9054,0.791206
9055,0.071957
9056,0.319774
9057,0.025001
9058,0.762006
9059,0.275928
9060,0.596380
9061,0.718983
9062,0.360175
9063,0.177104
9064,0.770784
9065,0.217116
9066,0.507156
9067,0.366730
9068,0.457143
9069,0.927898
9071,0.398176
9072,0.617625
9073,0.375642
9074,0.495889
9075,0.910876
9077,0.011767
9078,0.274562
9079,0.448066
9080,0.397364
9081,0.312262
9082,0.828507
9083,0.214538
9084,0.258639
9085,0.085246
9086,0.172804
9087,0.263206
9089,0.851474
9090,0.881342
9091,0.816085
9093,0.060624
9094,0.886997
9095,0.308918
9096,0.099436
9098,0.221727
9099,0.429976
9100,0.867064
9101,0.804673
9102,0.642203
9103,0.801484
9104,0.285906
9105,0.305262
9106,0.165115
9107,0.933776
9108,0.854175
9109,0.093269
9110,0.234472
9111,0.402387
9112,0.799262
9113,0.201916
9115,0.240928
9116,0.742094
9117,0.150292
9118,0.702982
9119,0.657659
9121,0.888942
9122,0.227205
9123,0.780540
9124,0.742617
9125,0.203316
9126,0.208049
9127,0.241483
9128,0.232561
9129,0.239494
9131,0.531690
9133,0.921298
9134,0.389042
9135,0.159159
9136,0.869708
9137,0.280262
9138,0.858952
9139,0.708482
9141,0.831318
9143,0.798851
9144,0.171737
9145,0.309007
9146,0.231116
9147,0.582168
9148,0.580235
9149,0.534423
9150,0.235105
9151,0.600658
9153,0.269506
9154,0.893320
9155,0.312396
9156,0.709560
9157,0.377853
9158,0.597558
9159,0.837774
9160,0.167582
9161,0.860764
9162,0.207560
9163,0.316885
9164,0.966166
9165,0.428087
9166,0.617725
9168,0.137903
9170,0.725038
9171,0.168837
9172,0.938710
9173,0.105558
9174,0.709282
9175,0.075902
9176,0.339441
9177,0.311640
9178,0.288595
9179,0.804851
9180,0.937232
9181,0.091346
9182,0.678771
9183,0.876286
9184,0.885209
9185,0.781084
9186,0.116547
9187,0.374819
9188,0.386297
9189,0.864408
9191,0.957188
9192,0.735827
9193,0.785017
9194,0.643537
9195,0.387175
9196,0.617403
9197,0.913531
9199,0.303540
9200,0.872253
9201,0.378497
9202,0.361575
9203,0.798251
9204,0.519056
9205,0.331030
9206,0.143881
9207,0.243294
9208,0.236783
9209,0.599958
9210,0.092480
9211,0.396164
9213,0.826985
9214,0.793751
9215,0.583457
9216,0.724327
9218,0.418754
9219,0.220083
9220,0.079957
9221,0.059012
9222,0.681926
9223,0.338252
9224,0.289284
9226,0.460721
9227,0.940054
9228,0.394131
9229,0.330741
9230,0.154837
9231,0.705893
9232,0.642481
9233,0.324018
9234,0.705293
9236,0.486766
9237,0.350341
9238,0.795484
9239,0.282806
9240,0.202560
9241,0.614747
9242,0.873986
9243,0.552268
9244,0.203271
9245,0.515745
9246,0.426887
9247,0.642259
9248,0.566657
9249,0.636625
9250,0.566479
9251,0.277462
9252,0.249461
9253,0.366030
9254,0.797318
9255,0.394487
9256,0.956910
9257,0.823985
9259,0.900853
9260,0.687426
9262,0.094613
9263,0.802751
9264,0.698538
9266,0.153615
9267,0.299229
9268,0.163681
9269,0.714105
9270,0.172604
9272,0.962121
9274,0.438999
9275,0.174137
9276,0.511656
9277,0.743739
9278,0.937710
9280,0.281817
9282,0.929732
9283,0.681182
9284,0.659604
9285,0.478777
9286,0.236839
9287,0.612236
9288,0.539412
9289,0.982889
9290,0.277251
9292,0.269995
9293,0.134070
9294,0.285706
9295,0.840596
9296,0.194560
9297,0.229883
9298,0.387064
9299,0.928854
9301,0.593869
9305,0.304262
9306,0.246561
9307,0.867430
9308,0.826218
9309,0.639959
9310,0.852130
9311,0.946388
9312,0.053168
9313,0.223216
9314,0.875919
9315,0.448854
9316,0.237416
9317,0.821652
9318,0.741439
9319,0.648959
9321,0.723461
9322,0.178337
9323,0.237239
9325,0.963933
9327,0.786784
9328,0.192593
9329,0.318452
9330,0.876386
9331,0.903387
9332,0.717638
9333,0.462421
9334,0.668215
9336,0.121403
9337,0.402076
9338,0.641314
9339,0.283584
9340,0.648948
9341,0.813174
9342,0.275973
9343,0.945810
9344,0.007478
9345,0.812518
9346,0.240728
9347,0.486266
9348,0.123314
9349,0.566113
9350,0.731638
9351,0.362864
9352,0.931876
9353,0.297018
9355,0.570457
9356,0.353075
9358,0.141381
9359,0.625103
9360,0.742694
9361,0.531378
9362,0.053535
9363,0.141103
9365,0.212449
9366,0.223305
9367,0.296851
9369,0.289484
9370,0.802029
9372,0.860686
9373,0.013778
9374,0.123858
9375,0.893953
9376,0.768384
9377,0.909720
9378,0.093791
9379,0.985866
9380,0.761895
9381,0.545101
9382,0.158781
9383,0.377253
9384,0.199104
9385,0.207716
9387,0.235494
9388,0.092847
9389,0.168282
9390,0.002722
9391,0.262639
9392,0.903498
9393,0.951243
9394,0.763050
9395,0.133070
9396,0.811318
9397,0.277151
9398,0.692704
9399,0.307974
9400,0.235105
9401,0.641814
9402,0.291329
9403,0.295984
9404,0.698504
9405,0.411776
9406,0.144459
9407,0.342252
9408,0.173182
9409,0.321652
9410,0.229083
9411,0.397209
9412,0.629458
9413,0.117480
9414,0.878075
9415,0.897387
9416,0.241394
9417,0.481122
9418,0.640648
9419,0.856408
9420,0.442132
9421,0.048112
9422,0.825774
9423,0.723283
9424,0.180160
9425,0.692160
9426,0.939354
9427,0.844197
9428,0.806018
9429,0.913643
9430,0.846474
9431,0.444332
9432,0.148103
9434,0.254506
9435,0.648892
9437,0.958632
9438,0.844519
9439,0.231372
9440,0.808240
9441,0.479611
9442,0.813696
9443,0.267150
9444,0.916931
9445,0.444654
9446,0.588302
9447,0.312818
9448,0.932921
9449,0.949577
9450,0.715283
9451,0.297729
9452,0.794329
9453,0.650714
9454,0.371286
9456,0.332807
9457,0.706049
9458,0.912187
9460,0.873919
9461,0.548368
9462,0.704271
9463,0.725605
9464,0.314963
9465,0.543545
9466,0.429076
9467,0.327452
9468,0.259228
9469,0.401820
9470,0.371453
9471,0.350163
9472,0.048812
9473,0.329030
9474,0.190993
9475,0.837585
9476,0.785595
9477,0.401131
9478,0.463221
9479,0.953499
9480,0.146537
9481,0.152937
9485,0.781706
9486,0.236161
9487,0.509022
9488,0.056512
9489,0.277617
9490,0.477066
9491,0.337774
9492,0.563113
9493,0.192649
9494,0.967044
9495,0.631136
9497,0.318929
9498,0.321763
9500,0.125292
9501,0.395342
9502,0.323163
9503,0.233983
9504,0.172482
9505,0.290718
9506,0.095369
9507,0.782773
9508,0.904987
9509,0.405198
9510,0.896120
9511,0.571046
9512,0.881986
9513,0.779373
9514,0.027590
9515,0.465610
9516,0.181026
9517,0.270139
9518,0.175259
9519,0.095324
9520,0.230350
9521,0.339708
9522,0.512734
9523,0.950588
9525,0.262017
9526,0.138336
9527,0.457999
9528,0.257884
9529,0.465988
9530,0.853497
9531,0.667104
9532,0.136159
9533,0.160326
9534,0.321118
9535,0.324107
9536,0.203449
9537,0.212138
9538,0.944910
9539,0.121814
9540,0.045179
9541,0.201527
9542,0.283784
9543,0.367630
9544,0.891798
9545,0.157148
9546,0.432743
9547,0.775751
9548,0.357852
9549,0.668937
9550,0.544945
9551,0.894331
9552,0.698704
9553,0.531456
9554,0.686360
9555,0.716505
9557,0.159604
9558,0.200327
9559,0.528990
9560,0.365864
9561,0.372286
9563,0.356319
9564,0.926476
9565,0.325107
9566,0.612991
9568,0.179260
9570,0.740650
9571,0.965155
9572,0.152915
9573,0.769450
9574,0.682582
9575,0.219627
9576,0.304596
9577,0.520534
9578,0.513278
9579,0.125569
9580,0.361775
9582,0.716049
9583,0.812229
9584,0.912309
9585,0.130414
9586,0.595380
9587,0.152092
9588,0.442732
9589,0.270473
9590,0.403120
9591,0.159004
9592,0.907309
9593,0.397953
9594,0.677548
9595,0.299029
9596,0.043190
9597,0.873019
9599,0.196738
9600,0.458521
9601,0.482344
9602,0.300418
9603,0.801473
9604,0.490422
9605,0.333052
9606,0.953577
9607,0.691215
9608,0.637414
9611,0.249950
9613,0.321618
9614,0.202816
9615,0.177415
9616,0.716060
9617,0.900253
9618,0.358997
9619,0.195127
9620,0.551279
9621,0.155226
9622,0.470555
9623,0.290584
9624,0.358719
9626,0.199082
9627,0.227638
9628,0.896031
9629,0.351486
9630,0.291718
9631,0.758272
9632,0.462377
9633,0.969722
9634,0.224305
9635,0.039779
9636,0.713760
9637,0.365775
9638,0.715960
9639,0.130747
9640,0.220149
9642,0.268317
9643,0.699693
9644,0.858230
9645,0.886920
9646,0.222272
9647,0.802007
9649,0.918043
9650,0.346708
9651,0.257706
9652,0.812751
9653,0.262172
9654,0.503422
9656,0.646948
9657,0.187237
9658,0.902620
9659,0.808362
9660,0.601947
9661,0.722816
9662,0.884297
9663,0.287251
9664,0.100702
9665,0.701938
9666,0.869064
9667,0.576324
9668,0.224227
9669,0.112236
9670,0.645648
9672,0.277573
9673,0.373119
9674,0.807351
9675,0.711471
9676,0.706371
9677,0.564424
9678,0.152403
9679,0.825518
9680,0.464399
9681,0.724961
9682,0.145037
9683,0.145503
9684,0.533490
9685,0.817507
9686,0.764906
9688,0.180248
9689,0.264161
9690,0.319029
9691,0.920876
9692,0.116014
9693,0.193227
9694,0.502400
9695,0.911631
9696,0.912631
9697,0.252417
9698,0.434410
9699,0.712694
9700,0.507411
9701,0.402609
9702,0.815151
9703,0.259395
9704,0.884564
9705,0.242328
9706,0.252772
9707,0.338963
9708,0.116180
9709,0.246472
9710,0.897953
9711,0.094091
9712,0.758028
9713,0.942054
9714,0.126369
9715,0.609347
9716,0.183726
9717,0.237205
9718,0.211927
9719,0.122769
9720,0.442288
9721,0.183493
9722,0.855152
9723,0.340674
9724,0.269739
9725,0.231938
9726,0.914554
9727,0.383786
9728,0.368853
9729,0.831985
9730,0.261517
9731,0.882920
9732,0.884420
9733,0.300551
9734,0.239550
9735,0.268117
9736,0.599958
9737,0.798696
9738,0.894587
9739,0.597680
9740,0.666270
9741,0.266284
9742,0.779328
9743,0.490322
9744,0.142570
9745,0.222205
9746,0.567568
9747,0.920643
9748,0.422965
9749,0.668493
9750,0.482000
9751,0.462610
9752,0.642159
9753,0.419120
9754,0.694482
9755,0.844741
9756,0.365275
9757,0.258861
9758,0.204116
9759,0.466799
9760,0.636736
9761,0.388009
9762,0.206293
9763,0.317485
9764,0.767084
9765,0.688326
9766,0.217683
9767,0.765828
9768,0.872853
9769,0.862675
9771,0.754706
9772,0.491500
9773,0.293162
9774,0.226483
9775,0.953943
9776,0.691671
9777,0.343919
9778,0.747794
9779,0.056612
9781,0.299896
9782,0.849697
9783,0.128814
9784,0.550768
9785,0.530978
9786,0.319007
9787,0.169882
9788,0.246261
9789,0.259706
9790,0.587369
9792,0.784351
9793,0.165204
9794,0.592747
9795,0.183493
9796,0.207416
9797,0.245905
9798,0.902076
9799,0.525356
9801,0.139348
9802,0.177526
9804,0.402442
9805,0.097280
9807,0.331863
9809,0.788529
9810,0.746028
9811,0.687782
9813,0.207338
9814,0.611636
9815,0.790895
9816,0.581013
9817,0.782017
9819,0.829274
9820,0.864541
9821,0.268462
9822,0.979466
9823,0.885597
9824,0.483533
9825,0.431821
9826,0.290284
9827,0.305507
9828,0.291040
9829,0.231283
9830,0.366486
9831,0.890464
9832,0.397742
9833,0.517045
9834,0.835496
9835,0.523801
9836,0.588746
9838,0.687793
9839,0.336563
9840,0.582824
9841,0.561246
9842,0.508478
9843,0.150814
9844,0.173293
9845,0.636581
9846,0.722827
9847,0.934243
9848,0.214171
9849,0.211405
9850,0.622858
9851,0.280617
9852,0.168370
9853,0.764984
9854,0.243894
9855,0.427065
9856,0.702238
9857,0.742572
9858,0.653359
9859,0.242817
9860,0.093980
9861,0.489611
9862,0.088169
9863,0.212016
9864,0.775795
9865,0.912509
9868,0.825174
9871,0.210460
9872,0.331041
9873,0.691360
9874,0.609702
9875,0.694438
9876,0.974199
9877,0.727661
9878,0.322385
9879,0.695627
9880,0.573768
9881,0.964310
9882,0.830018
9883,0.387942
9884,0.947821
9885,0.082702
9886,0.368542
9887,0.622758
9888,0.919687
9889,0.588358
9890,0.139359
9891,0.243672
9892,0.469822
9893,0.781095
9894,0.680037
9896,0.870397
9898,0.490966
9899,0.536912
9900,0.338019
9901,0.317229
9902,0.390220
9903,0.131714
9905,0.810174
9906,0.298584
9907,0.660059
9908,0.911620
9909,0.685426
9910,0.050479
9911,0.386431
9912,0.178015
9913,0.301796
9914,0.327329
9915,0.612402
9916,0.053168
9917,0.513123
9918,0.333396
9919,0.254095
9920,0.189793
9921,0.212705
9922,0.184871
9924,0.358064
9925,0.877631
9927,0.794451
9928,0.885609
9929,0.157281
9930,0.598336
9933,0.494489
9934,0.286795
9935,0.467277
9937,0.670259
9938,0.212016
9940,0.370153
9941,0.452988
9942,0.263106
9943,0.561035
9944,0.311851
9945,0.122469
9947,0.081802
9948,0.689149
9949,0.854052
9950,0.075768
9951,0.380442
9952,0.612414
9953,0.596480
9954,0.970055
9955,0.470477
9956,0.242383
9957,0.414709
9958,0.420020
9959,0.681271
9960,0.252717
9961,0.573524
9962,0.682960
9963,0.882308
9964,0.097358
9965,0.244494
9966,0.035345
9967,0.311629
9968,0.590158
9970,0.864764
9971,0.758595
9972,0.259606
9973,0.818552
9974,0.828341
9975,0.186026
9976,0.624503
9977,0.149759
9978,0.675171
9980,0.075213
9981,0.301629
9982,0.599669
9983,0.774795
9984,0.104047
9985,0.724061
9986,0.063324
9987,0.655392
9988,0.667959
9990,0.218049
9991,0.793929
9992,0.646359
9993,0.404176
9995,0.475388
9996,0.478033
9997,0.535212
9998,0.645492
9999,0.972077
10000,0.223883
10001,0.737094
10002,0.723994
10003,0.803518
10004,0.283906
10007,0.869164
10008,0.120836
10009,0.475533
10010,0.258550
10011,0.728516
10012,0.879686
10013,0.751161
10014,0.227827
10015,0.103636
10016,0.044468
10018,0.290329
10019,0.108202
10020,0.278917
10021,0.657392
10022,0.913843
10024,0.016734
10025,0.766039
10027,0.593324
10028,0.875831
10029,0.763228
10030,0.658292
10031,0.938632
10033,0.466866
10034,0.851119
10035,0.365197
10036,0.548123
10037,0.522767
10039,0.527734
10041,0.195127
10042,0.239372
10043,0.165670
10044,0.764617
10046,0.463821
10047,0.718360
10048,0.627281
10049,0.774973
10051,0.906487
10052,0.389498
10053,0.099524
10054,0.307462
10055,0.210782
10056,0.417676
10057,0.841819
10058,0.377897
10059,0.513878
10061,0.396531
10062,0.673793
10063,0.783440
10064,0.048712
10065,0.812651
10066,0.938299
10067,0.876842
10068,0.919543
10069,0.382609
10070,0.860375
10071,0.323463
10072,0.540734
10073,0.613425
10074,0.817251
10075,0.353086
10076,0.764428
10077,0.816507
10079,0.277540
10080,0.789651
10081,0.649103
10082,0.893664
10083,0.456388
10084,0.821874
10085,0.934643
10086,0.650337
10087,0.735183
10089,0.948221
10090,0.195727
10091,0.449777
10092,0.284662
10093,0.391531
10096,0.865630
10097,0.404387
10098,0.391020
10099,0.227238
10100,0.312496
10101,0.166348
10102,0.066435
10103,0.845419
10104,0.922020
10105,0.537745
10106,0.208105
10107,0.693438
10108,0.953610
10109,0.291340
10110,0.338019
10111,0.669804
10112,0.462299
10113,0.306540
10116,0.280562
10117,0.373331
10118,0.359219
10119,0.173037
10120,0.283217
10121,0.483122
10122,0.466188
10123,0.879475
10124,0.747483
10125,0.644170
10127,0.218005
10129,0.309996
10131,0.879020
10132,0.915209
10133,0.833007
10134,0.799184
10135,0.651937
10136,0.666815
10137,0.308096
10138,0.771650
10139,0.681048
10141,0.031423
10142,0.042901
10143,0.622636
10144,0.256683
10145,0.354352
10146,0.810596
10147,0.566324
10148,0.058079
10149,0.292807
10150,0.710660
10151,0.375753
10152,0.072568
10153,0.375664
10154,0.368042
10156,0.719705
10157,0.815385
10158,0.520289
10159,0.502356
10161,0.120658
10163,0.726649
10165,0.588435
10166,0.685204
10167,0.450399
10170,0.669526
10171,0.384153
10172,0.354330
10173,0.512356
10174,0.464555
10176,0.249106
10177,0.286806
10178,0.492767
10179,0.284117
10180,0.413976
10181,0.479966
10182,0.911831
10183,0.348763
10184,0.293951
10185,0.653270
10186,0.468133
10187,0.454777
10188,0.724616
10189,0.692482
10190,0.232750
10191,0.036312
10192,0.623636
10193,0.267728
10194,0.637370
10195,0.447577
10196,0.900876
10197,0.312262
10198,0.291284
10199,0.917331
10200,0.164837
10201,0.657459
10202,0.578602
10203,0.480311
10204,0.241339
10205,0.426365
10206,0.051368
10207,0.362519
10208,0.314463
10209,0.611502
10210,0.099291
10211,0.830685
10213,0.915920
10217,0.848830
10219,0.742805
10220,0.100991
10221,0.773384
10222,0.724272
10223,0.653592
10224,0.383631
10225,0.440732
10226,0.324096
10227,0.594235
10228,0.974222
10229,0.735127
10230,0.470322
10231,0.625092
10232,0.245683
10233,0.267884
10234,0.303673
10235,0.413931
10237,0.496911
10239,0.784395
10240,0.946188
10241,0.934476
10242,0.432676
10243,0.011778
10244,0.339396
10245,0.829241
10246,0.972655
10247,0.381120
10248,0.830352
10249,0.328763
10250,0.302718
10251,0.919976
10252,0.676026
10253,0.481155
10254,0.640125
10257,0.288306
10258,0.402153
10259,0.641381
10260,0.359952
10261,0.929832
10262,0.231838
10264,0.970677
10265,0.309474
10266,0.046568
10267,0.807218
10268,0.414387
10269,0.908754
10270,0.253839
10271,0.752617
10272,0.140314
10273,0.401820
10274,0.895098
10275,0.128725
10276,0.327263
10277,0.296640
10278,0.711049
10279,0.329496
10280,0.820240
10281,0.221038
10282,0.683704
10284,0.097858
10287,0.648692
10288,0.322263
10289,0.570124
10290,0.330874
10291,0.931721
10292,0.744005
10293,0.610780
10294,0.521923
10295,0.900864
10296,0.121514
10297,0.267017
10298,0.917387
10300,0.716994
10301,0.401109
10302,0.898264
10303,0.671337
10304,0.881475
10305,0.128914
10306,0.152026
10307,0.271562
10308,0.328696
10310,0.899042
10311,0.798718
10312,0.916309
10313,0.164837
10315,0.626692
10316,0.618158
10317,0.281773
10318,0.960921
10319,0.861686
10320,0.053546
10321,0.837063
10322,0.889875
10323,0.603213
10324,0.659770
10327,0.224972
10328,0.882053
10329,0.827152
10330,0.184615
10331,0.765328
10332,0.006767
10333,0.436432
10334,0.341752
10335,0.796373
10336,0.802484
10337,0.147503
10338,0.371319
10339,0.265606
10340,0.155992
10341,0.914820
10342,0.430987
10343,0.268617
10344,0.255883
10345,0.337185
10346,0.282362
10347,0.341374
10348,0.132870
10349,0.744572
10350,0.166370
10351,0.694593
10352,0.842597
10353,0.822007
10354,0.875431
10355,0.625069
10356,0.697471
10357,0.702527
10358,0.842863
10359,0.343619
10361,0.724894
10363,0.333885
10364,0.835896
10365,0.423065
10366,0.915420
10367,0.812296
10368,0.263906
10370,0.528267
10371,0.899342
10372,0.206238
10373,0.904542
10374,0.388786
10375,0.167704
10376,0.240228
10377,0.639659
10378,0.524567
10379,0.290351
10380,0.677071
10381,0.714827
10382,0.870542
10383,0.862753
10384,0.423076
10385,0.668782
10386,0.643625
10387,0.795618
10388,0.215549
10389,0.233805
10390,0.290162
10391,0.146025
10392,0.696327
10393,0.359208
10394,0.363908
10396,0.098058
10397,0.389464
10398,0.647159
10400,0.089791
10401,0.434932
10402,0.199304
10403,0.826596
10404,0.791773
10405,0.655603
10406,0.847174
10407,0.523034
10408,0.219860
10409,0.044501
10410,0.576013
10411,0.488389
10412,0.731494
10413,0.280584
10414,0.764384
10415,0.814929
10416,0.050812
10417,0.730016
10418,0.247928
10419,0.237294
10420,0.804162
10421,0.694638
10423,0.373575
10424,0.100980
10426,0.880742
10427,0.314707
10428,0.267684
10429,0.846785
10430,0.737483
10431,0.245261
10432,0.289629
10433,0.873486
10434,0.529256
10435,0.087269
10436,0.483122
10437,0.154126
10438,0.795140
10439,0.941776
10440,0.835519
10441,0.866130
10442,0.247650
10443,0.508267
10444,0.651614
10445,0.962788
10446,0.333574
10447,0.388620
10448,0.325352
10449,0.889653
10451,0.490844
10452,0.819629
10453,0.348074
10454,0.516623
10455,0.939099
10456,0.842785
10458,0.515767
10459,0.637759
10460,0.535923
10461,0.416265
10462,0.878397
10463,0.568868
10464,0.528878
10465,0.830896
10466,0.889453
10467,0.623303
10468,0.619803
10469,0.384664
10470,0.847074
10471,0.763384
10472,0.699249
10475,0.899209
10476,0.750006
10477,0.269595
10479,0.732216
10480,0.372386
10481,0.451243
10482,0.839819
10483,0.248183
10484,0.676104
10486,0.137270
10487,0.872575
10488,0.191860
10489,0.801729
10490,0.615380
10491,0.639536
10492,0.820452
10493,0.496044
10494,0.549034
10495,0.398742
10496,0.630625
10500,0.855175
10501,0.628481
10502,0.540801
10503,0.705327
10504,0.682482
10505,0.847363
10506,0.576435
10508,0.651303
10509,0.744361
10510,0.878220
10512,0.529667
10513,0.932187
10514,0.529578
10515,0.479122
10516,0.236527
10517,0.204949
10518,0.640903
10519,0.415587
10520,0.385709
10521,0.469299
10523,0.172904
10524,0.475833
10525,0.807851
10526,0.301096
10527,0.539045
10529,0.288151
10530,0.831841
10531,0.874119
10532,0.086235
10533,0.926643
10534,0.901587
10535,0.813018
10536,0.341196
10537,0.195038
10538,0.809251
10539,0.254583
10540,0.312151
10541,0.257017
10542,0.914154
10543,0.098713
10544,0.238861
10545,0.727361
10546,0.187782
10547,0.418498
10548,0.170582
10549,0.200827
10550,0.844497
10554,0.385186
10558,0.463855
10559,0.563113
10560,0.472933
10561,0.792184
10562,0.915187
10563,0.275473
10564,0.848941
10565,0.518712
10566,0.519745
10567,0.751406
10568,0.660915
10569,0.720960
10570,0.702204
10571,0.187193
10572,0.189282
10574,0.398964
10575,0.596402
10576,0.209516
10578,0.069968
10579,0.241650
10580,0.259095
10581,0.708005
10582,0.328341
10583,0.281106
10584,0.914509
10585,0.865041
10586,0.256272
10587,0.606713
10588,0.271284
10590,0.409120
10591,0.249483
10592,0.535690
10593,0.201838
10594,0.227194
10595,0.243261
10596,0.437832
10597,0.485077
10599,0.348441
10600,0.812807
10601,0.230716
10602,0.679371
10604,0.628025
10605,0.737861
10606,0.531656
10607,0.343641
10608,0.840241
10609,0.693071
10610,0.862086
10612,0.845274
10613,0.521478
10614,0.403553
10615,0.503522
10616,0.201427
10617,0.937421
10618,0.665615
10619,0.641348
10620,0.577835
10621,0.805973
10622,0.652681
10623,0.193771
10624,0.861708
10625,0.272606
10626,0.345797
10627,0.321396
10628,0.039045
10629,0.762017
10630,0.378753
10631,0.788373
10632,0.931765
10633,0.767028
10634,0.780973
10635,0.802629
10636,0.780773
10637,0.302818
10638,0.122214
10639,0.558279
10640,0.412276
10641,0.345463
10642,0.793440
10643,0.235305
10644,0.332063
10645,0.727616
10647,0.396720
10648,0.631325
10649,0.462177
10650,0.023678
10651,0.927221
10652,0.736239
10653,0.110969
10654,0.817796
10655,0.881731
10656,0.618892
10657,0.800207
10658,0.397031
10659,0.831041
10660,0.425598
10662,0.196449
10663,0.328418
10664,0.270106
10665,0.271862
10666,0.276339
10667,0.551434
10668,0.454199
10669,0.175515
10670,0.708316
10671,0.957399
10673,0.268073
10674,0.939354
10675,0.290573
10676,0.876664
10677,0.382186
10678,0.208760
10679,0.769228
10680,0.161048
10681,0.915043
10682,0.345797
10683,0.670370
10684,0.838308
10685,0.188449
10687,0.226149
10688,0.220838
10689,0.517134
10691,0.541923
10692,0.837874
10693,0.695782
10694,0.324218
10695,0.302451
10696,0.231894
10697,0.613036
10698,0.832018
10699,0.247739
10701,0.883453
10702,0.217071
10704,0.345541
10705,0.356263
10706,0.772417
10707,0.848152
10708,0.831141
10709,0.240716
10710,0.260717
10712,0.948643
10713,0.030867
10714,0.840530
10716,0.882597
10718,0.299418
10719,0.171870
10720,0.756239
10721,0.194804
10722,0.886275
10723,0.756328
10724,0.399264
10725,0.455010
10726,0.421054
10727,0.301196
10729,0.984422
10730,0.212727
10731,0.079057
10732,0.897298
10733,0.858552
10734,0.318763
10735,0.888598
10736,0.911609
10737,0.660626
10738,0.147292
10739,0.842508
10740,0.444354
10741,0.953677
10743,0.233327
10744,0.265061
10745,0.203882
10746,0.835930
10747,0.337285
10748,0.324052
10749,0.348952
10750,0.363653
10751,0.181126
10752,0.555612
10753,0.787484
10754,0.318374
10756,0.659426
10757,0.254672
10759,0.929287
10760,0.861186
10761,0.042068
10762,0.251094
10763,0.789384
10764,0.196738
10765,0.669493
10768,0.316351
10769,0.195860
10770,0.594235
10771,0.932365
10772,0.248794
10773,0.549423
10774,0.920398
10775,0.122669
10776,0.093713
10777,0.481966
10778,0.328341
10779,0.322596
10780,0.513611
10781,0.774173
10782,0.523778
10783,0.216538
10784,0.232550
10785,0.660070
10786,0.373797
10787,0.114347
10788,0.803840
10789,0.313363
10790,0.185937
10791,0.654348
10792,0.249183
10794,0.141448
10795,0.534445
10796,0.915531
10797,0.311107
10798,0.490889
10799,0.797062
10800,0.582246
10801,0.634947
10802,0.839341
10803,0.828930
10804,0.848474
10805,0.853186
10806,0.932043
10807,0.493744
10808,0.482955
10809,0.471399
10810,0.695893
10811,0.653892
10813,0.919487
10814,0.764450
10815,0.196460
10817,0.223549
10818,0.833341
10820,0.306529
10821,0.313963
10822,0.312785
10823,0.283751
10824,0.287962
10825,0.913354
10826,0.341174
10827,0.460344
10828,0.786595
10830,0.136947
10831,0.489466
10832,0.655581
10833,0.708938
10834,0.554235
10835,0.807251
10836,0.307651
10838,0.563635
10839,0.730494
10840,0.504656
10841,0.803751
10842,0.689960
10843,0.924387
10844,0.879620
10845,0.326018
10847,0.119992
10849,0.570979
10850,0.688060
10851,0.773739
10852,0.432476
10853,0.917565
10854,0.680137
10855,0.014156
10856,0.968622
10857,0.244617
10858,0.261717
10859,0.594091
10861,0.403476
10863,0.846719
10867,0.038090
10868,0.422109
10869,0.954966
10870,0.915876
10871,0.205260
10872,0.353108
10873,0.385964
10874,0.341785
10875,0.709416
10876,0.134536
10877,0.319252
10878,0.079813
10879,0.404687
10880,0.839385
10881,0.861986
10882,0.861397
10883,0.814129
10884,0.078302
10885,0.800251
10886,0.352297
10887,0.229038
10888,0.912965
10889,0.283040
10890,0.830041
10891,0.679482
10892,0.688071
10893,0.068279
10894,0.766461
10896,0.241805
10897,0.623647
10898,0.301840
10899,0.536134
10900,0.556723
10901,0.194593
10902,0.943899
10903,0.804785
10904,0.518156
10905,0.165915
10906,0.047223
10907,0.324752
10908,0.883031
10909,0.788495
10910,0.243017
10911,0.608858
10912,0.183349
10913,0.293629
10915,0.179160
10916,0.394142
10917,0.334052
10918,0.731438
10919,0.327263
10920,0.465210
10921,0.952188
10922,0.823141
10923,0.241594
10924,0.289429
10925,0.528034
10926,0.604147
10927,0.475911
10928,0.105669
10929,0.706393
10930,0.576613
10931,0.789162
10932,0.701582
10933,0.125281
10936,0.323952
10938,0.316440
10939,0.862764
10940,0.570013
10941,0.824552
10942,0.622881
10943,0.601358
10944,0.914198
10945,0.753072
10946,0.192982
10947,0.473799
10948,0.587057
10949,0.221060
10950,0.586846
10952,0.401542
10953,0.555501
10954,0.321263
10955,0.246250
10956,0.080846
10957,0.200071
10958,0.222616
10959,0.468822
10960,0.207994
10961,0.647559
10962,0.074968
10963,0.536579
10964,0.713294
10965,0.105958
10966,0.439221
10967,0.291462
10968,0.846752
10969,0.778117
10970,0.546068
10971,0.602013
10972,0.244872
10973,0.992244
10974,0.092991
10975,0.202127
10976,0.522312
10977,0.210927
10978,0.605325
10981,0.708416
10983,0.260161
10984,0.891675
10985,0.294918
10986,0.912131
10987,0.285340
10988,0.057090
10989,0.180982
10990,0.130903
10992,0.325207
10993,0.235650
10994,0.484522
10995,0.913009
10996,0.324574
10997,0.308029
10998,0.894964
10999,0.662770
11000,0.213138
11001,0.845241
11002,0.467999
11003,0.822552
11004,0.330652
11005,0.070702
11006,0.417076
11007,0.469666
11008,0.332730
11009,0.178082
11010,0.984655
11011,0.826418
11012,0.875686
11013,0.379308
11014,0.256495
11015,0.050901
11016,0.806907
11017,0.543390
11018,0.920676
11019,0.872130
11020,0.452810
11021,0.600047
11022,0.358919
11023,0.911142
11024,0.705260
11025,0.795373
11026,0.760072
11027,0.845308
11028,0.403465
11030,0.635570
11031,0.199338
11032,0.219549
11033,0.579991
11034,0.844497
11035,0.859530
11036,0.238950
11037,0.292429
11039,0.304407
11040,0.920120
11041,0.821907
11042,0.281928
11043,0.745172
11044,0.161248
11045,0.166493
11046,0.301462
11047,0.556890
11049,0.276395
11052,0.251606
11053,0.242783
11055,0.521923
11056,0.083402
11057,0.376686
11058,0.239828
11059,0.802740
11061,0.455566
11062,0.390186
11063,0.210149
11064,0.927743
11065,0.120192
11067,0.304473
11068,0.643148
11069,0.474911
11071,0.206727
11072,0.860230
11073,0.354375
11074,0.619925
11076,0.882153
11077,0.259972
11078,0.643403
11079,0.550446
11080,0.155426
11081,0.544401
11082,0.782929
11083,0.242717
11084,0.836530
11085,0.732750
11086,0.213671
11087,0.735916
11088,0.309707
11090,0.664993
11091,0.784984
11092,0.396842
11093,0.230550
11094,0.856797
11095,0.500600
11096,0.641125
11097,0.500933
11101,0.119858
11102,0.675659
11103,0.168059
11104,0.894298
11105,0.455388
11106,0.157759
11107,0.189626
11108,0.343241
11109,0.098158
11110,0.473922
11111,0.432899
11112,0.876808
11113,0.616925
11115,0.644703
11116,0.273684
11117,0.618258
11118,0.405609
11119,0.744017
11120,0.776273
11121,0.867619
11122,0.843474
11123,0.375864
11125,0.336663
11126,0.296507
11127,0.258861
11128,0.986666
11129,0.663293
11130,0.835996
11131,0.776928
11132,0.789795
11133,0.244472
11134,0.854863
11135,0.341363
11136,0.774028
11137,0.652414
11138,0.295707
11139,0.684493
11140,0.538156
11141,0.888920
11142,0.799751
11143,0.429776
11144,0.722127
11145,0.360552
11146,0.319418
11147,0.663393
11148,0.018678
11149,0.180748
11151,0.419787
11152,0.665237
11153,0.380208
11155,0.884931
11156,0.337552
11157,0.468744
11158,0.739905
11159,0.289829
11160,0.570024
11161,0.613503
11163,0.281228
11164,0.324752
11165,0.329774
11166,0.272828
11167,0.481200
11171,0.919943
11172,0.669137
11173,0.732294
11174,0.654715
11175,0.123658
11178,0.444499
11179,0.687715
11180,0.298640
11181,0.262117
11182,0.429910
11183,0.223761
11184,0.948199
11185,0.547434
11186,0.271639
11187,0.634725
11188,0.969122
11189,0.340352
11190,0.722683
11191,0.845352
11192,0.654592
11193,0.481488
11194,0.871253
11195,0.919309
11197,0.780228
11198,0.288918
11199,0.550946
11200,0.217538
11201,0.711338
11202,0.761361
11203,0.261184
11204,0.442243
11205,0.155948
11206,0.975188
11207,0.100958
11208,0.018856
11209,0.718716
11210,0.089835
11211,0.345185
11213,0.341574
11214,0.114636
11216,0.051023
11218,0.862319
11219,0.798507
11220,0.600536
11221,0.135603
11222,0.788040
11224,0.196738
11225,0.547812
11226,0.717194
11227,0.852508
11228,0.789173
11229,0.229227
11230,0.191526
11231,0.393098
11232,0.872475
11233,0.860219
11234,0.487022
11235,0.704638
11236,0.253439
11237,0.940399
11238,0.800118
11239,0.212594
11240,0.118180
11241,0.317251
11242,0.260850
11245,0.682137
11246,0.417443
11247,0.640781
11248,0.472199
11249,0.841108
11250,0.747828
11251,0.158448
11252,0.200260
11253,0.403442
11254,0.222894
11255,0.477088
11256,0.756050
11257,0.754361
11258,0.855630
11259,0.331196
11260,0.451710
11262,0.243717
11263,0.111814
11264,0.811151
11265,0.162715
11266,0.335241
11267,0.351663
11268,0.752906
11269,0.189938
11270,0.205105
11271,0.239783
11272,0.105247
11273,0.698482
11274,0.122981
11275,0.319329
11276,0.133081
11277,0.322952
11278,0.293318
11279,0.697171
11280,0.164315
11281,0.297418
11283,0.634425
11284,0.263728
11287,0.939976
11288,0.346485
11289,0.283062
11291,0.792129
11292,0.305073
11293,0.557735
11294,0.298996
11295,0.135592
11296,0.317952
11297,0.087880
11298,0.764028
11299,0.628692
11300,0.233683
11301,0.248061
11302,0.096735
11303,0.578868
11304,0.389942
11305,0.879742
11306,0.717005
11307,0.906298
11308,0.480177
11309,0.330685
11310,0.171282
11311,0.270206
11312,0.864497
11314,0.768706
11315,0.752328
11316,0.775806
11317,0.801862
11318,0.860308
11319,0.133147
11320,0.410065
11321,0.504933
11322,0.107736
11323,0.352497
11324,0.296807
11326,0.145014
11327,0.235827
11328,0.109002
11329,0.645914
11330,0.746405
11331,0.095324
11332,0.420132
11333,0.864408
11334,0.269684
11335,0.833952
11337,0.627303
11338,0.126758
11339,0.947421
11341,0.934643
11342,0.305140
11343,0.972622
11344,0.579180
11345,0.272673
11346,0.299184
11347,0.382008
11348,0.573446
11349,0.470399
11350,0.294551
11351,0.590635
11352,0.853530
11353,0.494700
11354,0.253128
11356,0.220872
11357,0.922198
11358,0.339119
11359,0.280262
11360,0.327696
11361,0.785873
11362,0.014645
11363,0.299918
11364,0.487111
11365,0.627647
11366,0.742528
11367,0.773351
11368,0.099202
11369,0.766295
11370,0.556423
11371,0.206482
11372,0.571146
11373,0.291262
11374,0.880520
11375,0.624536
11377,0.097836
11378,0.299207
11380,0.891764
11381,0.700638
11382,0.347774
11383,0.813551
11384,0.750017
11385,0.864030
11386,0.661692
11387,0.710260
11388,0.715249
11389,0.269695
11390,0.644103
11391,0.403342
11392,0.829618
11393,0.367353
11394,0.705938
11395,0.246072
11396,0.329741
11397,0.264861
11398,0.616191
11399,0.082624
11400,0.195515
11401,0.412531
11402,0.494811
11403,0.697415
11404,0.248694
11405,0.105291
11406,0.524389
11407,0.221560
11408,0.895987
11409,0.343808
11411,0.837519
11412,0.451910
11413,0.086480
11414,0.232939
11415,0.525845
11416,0.441743
11417,0.271817
11418,0.323118
11419,0.724394
11420,0.879442
11421,0.813885
11423,0.255017
11425,0.014823
11426,0.081268
11427,0.332841
11428,0.249583
11429,0.203016
11430,0.873986
11431,0.023178
11432,0.678637
11433,0.218394
11434,0.702271
11435,0.743250
11436,0.101058
11437,0.563757
11438,0.390075
11439,0.117180
11441,0.350252
11442,0.339685
11444,0.920920
11445,0.339441
11446,0.154026
11447,0.868975
11448,0.347363
11449,0.465010
11450,0.710627
11452,0.374764
11453,0.747572
11454,0.147348
11455,0.209082
11456,0.414476
11457,0.304185
11458,0.263573
11459,0.802240
11461,0.730283
11462,0.832874
11463,0.197171
11465,0.591224
11466,0.878753
11467,0.376431
11468,0.403265
11470,0.782995
11471,0.327641
11472,0.648559
11473,0.930587
11474,0.736627
11475,0.212216
11476,0.861008
11477,0.399087
11478,0.168982
11479,0.788640
11480,0.562446
11481,0.830252
11483,0.318407
11484,0.351997
11486,0.542679
11487,0.873286
11488,0.783440
11489,0.577257
11490,0.203593
11491,0.221083
11492,0.514489
11493,0.241928
11494,0.547534
11495,0.947277
11496,0.287440
11497,0.771795
11498,0.252528
11499,0.917331
11500,0.288251
11501,0.846952
11502,0.152637
11503,0.275851
11504,0.671459
11505,0.074468
11506,0.920287
11507,0.254761
11509,0.309629
11511,0.653159
11512,0.258172
11513,0.614947
11514,0.025923
11515,0.817963
11516,0.598947
11517,0.793118
11518,0.175982
11519,0.124836
11520,0.218316
11521,0.724572
11522,0.789329
11523,0.736539
11524,0.549712
11525,0.310974
11526,0.753283
11529,0.962188
11530,0.453832
11531,0.769017
11532,0.406676
11533,0.627347
11534,0.721672
11535,0.147514
11536,0.209616
11537,0.935654
11538,0.905976
11539,0.470888
11540,0.576035
11541,0.830252
11542,0.790829
11543,0.303918
11544,0.681248
11545,0.385920
11546,0.511511
11547,0.290129
11548,0.191182
11549,0.184549
11550,0.571068
11552,0.834652
11553,0.524167
11554,0.183237
11555,0.451399
11556,0.151681
11557,0.751617
11558,0.634236
11559,0.404865
11561,0.721383
11562,0.871097
11563,0.983900
11564,0.927876
11565,0.446843
11566,0.147614
11567,0.372986
11568,0.520912
11569,0.214483
11570,0.044712
11571,0.180415
11572,0.787940
11573,0.936443
11574,0.712716
11575,0.605047
11576,0.133492
11577,0.124858
11578,0.646103
11580,0.696315
11581,0.352508
11582,0.262617
11584,0.375719
11585,0.210227
11587,0.617925
11588,0.536590
11589,0.166570
11590,0.750361
11591,0.866519
11592,0.275606
11594,0.410076
11595,0.707982
11596,0.572302
11597,0.665748
11598,0.231994
11599,0.741205
11600,0.639936
11601,0.839930
11602,0.352263
11604,0.340296
11605,0.237961
11607,0.452432
11608,0.575191
11609,0.440599
11610,0.517978
11611,0.261461
11612,0.833430
11613,0.941654
11614,0.159559
11615,0.173526
11616,0.209016
11617,0.674215
11618,0.017934
11619,0.115447
11620,0.755983
11621,0.358430
11622,0.695893
11624,0.242305
11625,0.184782
11626,0.689671
11627,0.101202
11628,0.490511
11629,0.096358
11630,0.777951
11631,0.287284
11633,0.212438
11634,0.294173
11635,0.647092
11636,0.823441
11637,0.549634
11638,0.424954
11640,0.238339
11642,0.828352
11643,0.763339
11644,0.434243
11645,0.173282
11646,0.434343
11647,0.466321
11648,0.258572
11649,0.478800
11650,0.796018
11651,0.684615
11652,0.524989
11653,0.328374
11654,0.785773
11655,0.632014
11656,0.289773
11657,0.747139
11658,0.689271
11659,0.370975
11660,0.120547
11661,0.053635
11662,0.376597
11663,0.424354
11665,0.739105
11666,0.595658
11668,0.363397
11669,0.328141
11670,0.734861
11671,0.295495
11672,0.347686
11673,0.248150
11676,0.045057
11677,0.294262
11678,0.903420
11679,0.802651
11680,0.515545
11682,0.295540
11683,0.816740
11684,0.165448
11685,0.067779
11686,0.219027
11687,0.797173
11689,0.535556
11690,0.345463
11691,0.843885
11692,0.196238
11693,0.727394
11694,0.986011
11695,0.252717
11696,0.848752
11697,0.280340
11698,0.750083
11699,0.762295
11700,0.307507
11701,0.234083
11702,0.370186
11703,0.387831
11704,0.399464
11705,0.086969
11706,0.457488
11707,0.291240
11708,0.260850
11709,0.237839
11710,0.715449
11711,0.493522
11712,0.712427
11713,0.811251
11714,0.565235
11715,0.204616
11716,0.222205
11717,0.697749
11718,0.260750
11719,0.871197
11721,0.501689
11722,0.779240
11724,0.269339
11725,0.817018
11726,0.290029
11727,0.672526
11728,0.875353
11729,0.619669
11730,0.637047
11731,0.841796
11733,0.725249
11734,0.668170
11735,0.297562
11737,0.363841
11738,0.931310
11739,0.495278
11740,0.517423
11741,0.314996
11742,0.231216
11743,0.580668
11745,0.558290
11746,0.594435
11747,0.381997
11748,0.786473
11749,0.784695
11750,0.278684
11751,0.367441
11752,0.360286
11753,0.607247
11754,0.819829
11755,0.767028
11757,0.705560
11758,0.329885
11759,0.055790
11761,0.637603
11762,0.517189
11764,0.733161
11766,0.679993
11767,0.259561
11768,0.964166
11769,0.690126
11770,0.557779
11771,0.284017
11773,0.238650
11774,0.096447
11776,0.449466
11777,0.397198
11779,0.933587
11780,0.858464
11781,0.968066
11782,0.485200
11783,0.256317
11784,0.675659
11785,0.480377
11786,0.986333
11787,0.220338
11788,0.227972
11789,0.578257
11791,0.150781
11792,0.202293
11794,0.383197
11795,0.423265
11796,0.421298
11797,0.721438
11798,0.099124
11799,0.799529
11800,0.417209
11801,0.587257
11802,0.193649
11803,0.736227
11804,0.732194
11805,0.679926
11806,0.823963
11808,0.270362
11809,0.429532
11810,0.864786
11812,0.076513
11813,0.642937
11814,0.238128
11816,0.751317
11817,0.857097
11818,0.226072
11819,0.887164
11820,0.497511
11821,0.701449
11822,0.104347
11823,0.789529
11824,0.901298
11825,0.716971
11826,0.502289
11827,0.775717
11828,0.302940
11829,0.775417
11830,0.168248
11831,0.749561
11832,0.700316
11833,0.819385
11834,0.364608
11835,0.932910
11836,0.975222
11838,0.089680
11839,0.857986
11840,0.777962
11841,0.113325
11843,0.519300
11844,0.291362
11845,0.775639
11846,0.170848
11847,0.650581
11848,0.160881
11849,0.775317
11850,0.799362
11851,0.259195
11852,0.205482
11853,0.329474
11854,0.547379
11855,0.189538
11856,0.431498
11857,0.180660
11858,0.362286
11859,0.771484
11860,0.137047
11861,0.847441
11862,0.239150
11863,0.891309
11865,0.640870
11866,0.068168
11867,0.927098
11868,0.405198
11869,0.574979
11870,0.558546
11871,0.954566
11872,0.352119
11873,0.132447
11874,0.824052
11875,0.777328
11876,0.123325
11877,0.258517
11878,0.863764
11879,0.216271
11880,0.518078
11881,0.623525
11882,0.480244
11883,0.728038
11884,0.883642
11885,0.053368
11886,0.782651
11887,0.899176
11888,0.888398
11889,0.326218
11890,0.387386
11891,0.207127
11892,0.378086
11893,0.149226
11894,0.573824
11895,0.164815
11896,0.252906
11897,0.460344
11898,0.307340
11899,0.247339
11901,0.526223
11903,0.639159
11904,0.823941
11906,0.872175
11907,0.253772
11908,0.923576
11909,0.597069
11910,0.793851
11911,0.917732
11913,0.244428
11914,0.656303
11915,0.729438
11916,0.378131
11917,0.670282
11918,0.794918
11919,0.740450
11920,0.844985
11921,0.478511
11922,0.163570
11923,0.271462
11925,0.247828
11926,0.320618
11927,0.065246
11928,0.635681
11929,0.099802
11930,0.109358
11931,0.414487
11932,0.205205
11933,0.191526
11934,0.714271
11935,0.264073
11937,0.072202
11938,0.589013
11939,0.409587
11940,0.195627
11941,0.855275
11942,0.270173
11943,0.137870
11944,0.206516
11945,0.579702
11946,0.767750
11947,0.514878
11948,0.869019
11949,0.311740
11950,0.761639
11951,0.226627
11952,0.788418
11953,0.269139
11954,0.489200
11955,0.326796
11956,0.145959
11957,0.366808
11958,0.125181
11959,0.837030
11960,0.479377
11961,0.126981
11962,0.466477
11964,0.735350
11965,0.163504
11966,0.792918
11967,0.202893
11968,0.810029
11969,0.614958
11970,0.296384
11971,0.451443
11972,0.609914
11973,0.883531
11974,0.790595
11975,0.208827
11976,0.923432
11977,0.155637
11978,0.833496
11979,0.141159
11980,0.294595
11981,0.372753
11982,0.903142
11983,0.566368
11984,0.330763
11985,0.479100
11986,0.802862
11987,0.478244
11988,0.568746
11989,0.354141
11990,0.855941
11991,0.305918
11993,0.917643
11994,0.526567
11995,0.744261
11996,0.796918
11997,0.852608
11998,0.650837
11999,0.321318
12000,0.339785
12001,0.818418
12002,0.302707
12003,0.710027
12004,0.771217
12005,0.104369
12006,0.838541
12007,0.178082
12008,0.339363
12009,0.296907
12010,0.248450
12011,0.633347
12012,0.458399
12013,0.659126
12014,0.472511
12016,0.635214
12017,0.228994
12018,0.320985
12019,0.720616
12020,0.919498
12021,0.948199
12022,0.198104
12023,0.212938
12024,0.220094
12026,0.304607
12027,0.356863
12028,0.125336
12029,0.778484
12030,0.043623
12031,0.909642
12032,0.687660
12033,0.809318
12034,0.300340
12035,0.225327
12036,0.146425
12037,0.086524
12038,0.762228
12039,0.364397
12040,0.942376
12041,0.969510
12042,0.788384
12043,0.566235
12044,0.077580
12045,0.647425
12046,0.129970
12047,0.280784
12048,0.246939
12049,0.382897
12050,0.565668
12051,0.705527
12053,0.506000
12054,0.949632
12055,0.353119
12056,0.099369
12057,0.821952
12058,0.831230
12059,0.525256
12060,0.340896
12061,0.676426
12062,0.012889
12063,0.836374
12065,0.377886
12066,0.852319
12068,0.428854
12069,0.546690
12071,0.253683
12072,0.154937
12073,0.233139
12074,0.102024
12075,0.096613
12076,0.176993
12077,0.628170
12078,0.339096
12079,0.253806
12080,0.733772
12081,0.230783
12082,0.292873
12084,0.598669
12085,0.385031
12086,0.636314
12087,0.938499
12088,0.596835
12089,0.551079
12090,0.975999
12092,0.129092
12093,0.667259
12094,0.386031
12095,0.199327
12096,0.832041
12097,0.205927
12098,0.286684
12099,0.287406
12100,0.923598
12101,0.889198
12102,0.508611
12103,0.574746
12104,0.435676
12105,0.416665
12106,0.524478
12107,0.954543
12108,0.466399
12109,0.917154
12110,0.586791
12111,0.213883
12112,0.302084
12113,0.582224
12115,0.935132
12117,0.729161
12119,0.486255
12120,0.168382
12121,0.133081
12122,0.444810
12123,0.306829
12125,0.930721
12126,0.349408
12128,0.753261
12130,0.053035
12131,0.645381
12132,0.807140
12133,0.508189
12136,0.738483
12137,0.592647
12138,0.525156
12139,0.221372
12140,0.401764
12142,0.846074
12143,0.935221
12144,0.494933
12145,0.801284
12146,0.301107
12147,0.424409
12148,0.175093
12149,0.840652
12150,0.609225
12151,0.229750
12153,0.902298
12155,0.788273
12156,0.665759
12158,0.153537
12159,0.222638
12160,0.487544
12161,0.223272
12162,0.438043
12163,0.398442
12164,0.915965
12165,0.020812
12166,0.718049
12167,0.156448
12168,0.332652
12170,0.372486
12171,0.908742
12172,0.150137
12174,0.641881
12175,0.285962
12176,0.758495
12177,0.631481
12178,0.575268
12180,0.162170
12181,0.907720
12182,0.196071
12183,0.710816
12185,0.764750
12186,0.591146
12187,0.932410
12188,0.482444
12189,0.061946
12190,0.545501
12191,0.657059
12192,0.289840
12193,0.485622
12194,0.258806
12195,0.402342
12197,0.260672
12199,0.870819
12200,0.944421
12201,0.689760
12202,0.537623
12203,0.542923
12204,0.363986
12205,0.325774
12206,0.138470
12207,0.095924
12208,0.885364
12209,0.215149
12210,0.823018
12211,0.540823
12212,0.232083
12213,0.801662
12214,0.847230
12215,0.387020
12216,0.766884
12217,0.801629
12218,0.442321
12219,0.909320
12220,0.845985
12221,0.362708
12222,0.051768
12223,0.727838
12224,0.534712
12225,0.280228
12226,0.952110
12229,0.383964
12230,0.813285
12231,0.792429
12232,0.316518
12233,0.226316
12234,0.242761
12235,0.155415
12236,0.652281
12237,0.558601
12238,0.790562
12239,0.686549
12240,0.342997
12241,0.592791
12243,0.399387
12244,0.780995
12245,0.576424
12246,0.731994
12247,0.334496
12249,0.223683
12250,0.074791
12251,0.146381
12252,0.808785
12253,0.400942
12254,0.374208
12255,0.258984
12256,0.341719
12257,0.175704
12258,0.518356
12259,0.545990
12260,0.613825
12261,0.907631
12262,0.919343
12263,0.837508
12264,0.447354
12265,0.175471
12266,0.537290
12267,0.403420
12268,0.147014
12269,0.698538
12270,0.917009
12271,0.692893
12272,0.725716
12273,0.495178
12274,0.536534
12276,0.760139
12277,0.302518
12278,0.231972
12279,0.798007
12280,0.375453
12281,0.125236
12282,0.694993
12283,0.319829
12284,0.717460
12286,0.775684
12287,0.928676
12289,0.513700
12291,0.488055
12292,0.682237
12293,0.443432
12294,0.496622
12295,0.611714
12296,0.392298
12297,0.315118
12298,0.521378
12299,0.282606
12300,0.262784
12301,0.241594
12302,0.343019
12303,0.175237
12304,0.734461
12305,0.776951
12306,0.246339
12307,0.934443
12308,0.341730
12310,0.263106
12312,0.645970
12313,0.309162
12314,0.830118
12315,0.250028
12316,0.630903
12317,0.469855
12318,0.520145
12319,0.663137
12321,0.458477
12322,0.068835
12323,0.382675
12324,0.858475
12325,0.016234
12326,0.820185
12327,0.315529
12328,0.146025
12329,0.973211
12330,0.792718
12332,0.756561
12334,0.352374
12335,0.760172
12336,0.447332
12338,0.435710
12339,0.843352
12340,0.777484
12342,0.862286
12343,0.741250
12344,0.156548
12345,0.754728
12346,0.907831
12347,0.120292
12348,0.778528
12349,0.775028
12350,0.337130
12351,0.147503
12353,0.911265
12354,0.407276
12355,0.804996
12356,0.420765
12357,0.796318
12358,0.544257
12359,0.757750
12360,0.292351
12361,0.107547
12362,0.246250
12363,0.759606
12365,0.903242
12367,0.418932
12368,0.844974
12369,0.264061
12371,0.553712
12372,0.245672
12373,0.295384
12374,0.720349
12375,0.027634
12377,0.686382
12378,0.226383
12379,0.741372
12380,0.892175
12381,0.387497
12383,0.358897
12384,0.674337
12385,0.778317
12386,0.533223
12387,0.897987
12388,0.288551
12389,0.970155
12390,0.370519
12391,0.883320
12392,0.317518
12393,0.625892
12394,0.878197
12395,0.062179
12396,0.747228
12397,0.563990
12398,0.876886
12399,0.376519
12400,0.287995
12401,0.290073
12402,0.144714
12403,0.269928
12406,0.150637
12407,0.838052
12409,0.207138
12410,0.359364
12411,0.848241
12412,0.248183
12413,0.719272
12414,0.210805
12415,0.889453
12416,0.789329
12417,0.643125
12418,0.238650
12420,0.028912
12421,0.960921
12422,0.020789
12424,0.841708
12425,0.666204
12426,0.848041
12427,0.473711
12428,0.635803
12430,0.292095
12431,0.622547
12432,0.313929
12433,0.534090
12434,0.250528
12436,0.714349
12437,0.483933
12438,0.658826
12439,0.411787
12440,0.382697
12441,0.220794
12442,0.344085
12443,0.149470
12444,0.255172
12446,0.620380
12447,0.769762
12449,0.539556
12450,0.368553
12451,0.187915
12452,0.302673
12453,0.799062
12454,0.609814
12455,0.384164
12456,0.504633
12457,0.324052
12458,0.821396
12459,0.329241
12460,0.404976
12461,0.185826
12462,0.207605
12463,0.062679
12464,0.146225
12465,0.860308
12466,0.459266
12467,0.870097
12468,0.303429
12469,0.647303
12470,0.324552
12471,0.324729
12472,0.649214
12473,0.927521
12475,0.506633
12476,0.824841
12477,0.194982
12478,0.602436
12479,0.337974
12480,0.891386
12481,0.209560
12482,0.662381
12483,0.640114
12485,0.566801
12486,0.285473
12487,0.341952
12488,0.622025
12489,0.393864
12490,0.103869
12491,0.551334
12492,0.119058
12493,0.245928
12494,0.693671
12495,0.193904
12497,0.488433
12498,0.592924
12500,0.954032
12501,0.332018
12503,0.147681
12504,0.744494
12505,0.472310
12506,0.760772
12507,0.611002
12508,0.873464
12510,0.546512
12511,0.850119
12512,0.157226
12514,0.236983
12515,0.717560
12516,0.606080
12517,0.943299
12518,0.777039
12519,0.392231
12520,0.045345
12521,0.303829
12522,0.703293
12524,0.224061
12525,0.266573
12526,0.861130
12527,0.236750
12528,0.664604
12529,0.780595
12531,0.470933
12532,0.378164
12534,0.032601
12535,0.236339
12536,0.244750
12537,0.224805
12538,0.181026
12539,0.571268
12540,0.278706
12541,0.430321
12542,0.594824
12543,0.858852
12544,0.243983
12545,0.534812
12546,0.569757
12547,0.779873
12550,0.655548
12551,0.953466
12553,0.949366
12554,0.660037
12555,0.800073
12556,0.795307
12557,0.247039
12558,0.341163
12559,0.263850
12560,0.845585
12561,0.184637
12562,0.284417
12564,0.690149
12565,0.301996
12568,0.368753
12569,0.158137
12570,0.776517
12571,0.242983
12572,0.944021
12573,0.591391
12574,0.180826
12575,0.859441
12576,0.248694
12577,0.726338
12578,0.417843
12581,0.296362
12582,0.553779
12583,0.710771
12584,0.158804
12585,0.218183
12587,0.919665
12588,0.865975
12589,0.651092
12590,0.306996
12592,0.525812
12593,0.267261
12594,0.868208
12595,0.530223
12596,0.631481
12597,0.366330
12598,0.108625
12600,0.332163
12601,0.682226
12602,0.189138
12603,0.505756
12604,0.809129
12605,0.157870
12607,0.278262
12608,0.396520
12609,0.330274
12610,0.353386
12611,0.751117
12613,0.248094
12614,0.401998
12615,0.478866
12616,0.919798
12617,0.390198
12618,0.851130
12619,0.392453
12620,0.232772
12621,0.322607
12622,0.733494
12623,0.940521
12624,0.874031
12625,0.434521
12627,0.709494
12629,0.767662
12630,0.732027
12631,0.373631
12632,0.458421
12633,0.241150
12634,0.045723
12636,0.464510
12637,0.600591
12638,0.686082
12639,0.931821
12640,0.057335
12641,0.426965
12642,0.547101
12643,0.139603
12644,0.405476
12645,0.504156
12646,0.376631
12647,0.972677
12648,0.261661
12649,0.481366
12650,0.132370
12651,0.270250
12652,0.562346
12655,0.916998
12656,0.544979
12657,0.940776
12658,0.938488
12659,0.399809
12660,0.722805
12661,0.232472
12662,0.091124
12663,0.459555
12664,0.394609
12665,0.337674
12666,0.415576
12667,0.711316
12668,0.415276
12669,0.780984
12670,0.249894
12671,0.451921
12672,0.816718
12673,0.673015
12674,0.118292
12675,0.419098
12676,0.183715
12677,0.716638
12678,0.916820
12679,0.310918
12680,0.414754
12681,0.935732
12682,0.480722
12683,0.254395
12684,0.466655
12686,0.654637
12687,0.520667
12688,0.368964
12689,0.745072
12690,0.215049
12692,0.831085
12695,0.194760
12696,0.352286
12697,0.130025
12698,0.854741
12699,0.488678
12700,0.247228
12701,0.659459
12702,0.582557
12703,0.662837
12705,0.779895
12706,0.227349
12707,0.762595
12708,0.624292
12709,0.608291
12710,0.921843
12711,0.199838
12712,0.941199
12713,0.324396
12714,0.291518
12715,0.549701
12716,0.497611
12717,0.228550
12719,0.248617
12720,0.188771
12722,0.124592
12723,0.727516
12724,0.247028
12725,0.157881
12726,0.340330
12727,0.760172
12728,0.680582
12729,0.688460
12730,0.118547
12731,0.282562
12732,0.143281
12733,0.298540
12735,0.533590
12736,0.362475
12737,0.213616
12738,0.292940
12739,0.392086
12740,0.610902
12741,0.403220
12742,0.417209
12743,0.384331
12744,0.908287
12745,0.276317
12746,0.370119
12747,0.085291
12748,0.457266
12749,0.206960
12750,0.251706
12751,0.309640
12752,0.213038
12753,0.390809
12754,0.021800
12755,0.545890
12756,0.650170
12757,0.666826
12758,0.103747
12759,0.149592
12760,0.494500
12761,0.212171
12762,0.217905
12763,0.084224
12764,0.233350
12765,0.250561
12766,0.370797
12767,0.084491
12768,0.732261
12769,0.322929
12770,0.188915
12772,0.245583
12773,0.279017
12774,0.380131
12775,0.379075
12776,0.179715
12777,0.935099
12778,0.598880
12779,0.288984
12780,0.322152
12781,0.117069
12782,0.852975
12783,0.685537
12784,0.322507
12786,0.348563
12787,0.300640
12788,0.867486
12789,0.922632
12790,0.892320
12791,0.619469
12792,0.373997
12794,0.189760
12795,0.879986
12796,0.359886
12797,0.412298
12798,0.616536
12799,0.315563
12801,0.900498
12803,0.928498
12804,0.417943
12805,0.541556
12806,0.766417
12807,0.466766
12808,0.164148
12809,0.209716
12810,0.152592
12811,0.759461
12812,0.717749
12813,0.907554
12814,0.920720
12815,0.578868
12816,0.448188
12817,0.910042
12818,0.121603
12819,0.201716
12820,0.637814
12821,0.536490
12822,0.342719
12823,0.422309
12824,0.347597
12825,0.607491
12826,0.438054
12827,0.480155
12828,0.851974
12829,0.695704
12830,0.130881
12831,0.931376
12832,0.625625
12833,0.319052
12835,0.246694
12836,0.162704
12837,0.567768
12838,0.605836
12840,0.166393
12841,0.696682
12842,0.811174
12843,0.883586
12844,0.082180
12846,0.380086
12848,0.282584
12850,0.431254
12851,0.276317
12852,0.762950
12853,0.540212
12854,0.855041
12855,0.378364
12856,0.247894
12857,0.551201
12858,0.496467
12860,0.490944
12861,0.327930
12862,0.739250
12863,0.252417
12864,0.790406
12865,0.389786
12866,0.782906
12867,0.672537
12868,0.222661
12869,0.435632
12870,0.165437
12871,0.701771
12872,0.752728
12873,0.289529
12874,0.845630
12875,0.340174
12876,0.306740
12877,0.139581
12878,0.533445
12879,0.857530
12881,0.211949
12882,0.740872
12883,0.878675
12884,0.291118
12885,0.214760
12886,0.760084
12887,0.314651
12889,0.197127
12890,0.636136
12891,0.274117
12892,0.804396
12893,0.462410
12894,0.312362
12895,0.635659
12896,0.957655
12897,0.359341
12898,0.834219
12899,0.527567
12900,0.111591
12901,0.392887
12902,0.484300
12903,0.707638
12904,0.537823
12905,0.174971
12906,0.394998
12907,0.103802
12909,0.260484
12910,0.086980
12911,0.286540
12912,0.475966
12914,0.195282
12915,0.287506
12916,0.006978
12917,0.282984
12918,0.177226
12919,0.212205
12920,0.128703
12921,0.451699
12922,0.807862
12923,0.275006
12924,0.419443
12925,0.432365
12926,0.065613
12928,0.638148
12929,0.953410
12930,0.630403
12931,0.419009
12932,0.831163
12933,0.248106
12934,0.570724
12935,0.354652
12936,0.341585
12937,0.673715
12939,0.393364
12940,0.408065
12941,0.959121
12942,0.300296
12943,0.228761
12944,0.854630
12945,0.328674
12946,0.356808
12947,0.533823
12949,0.385275
12950,0.570202
12951,0.142903
12952,0.409754
12953,0.495867
12954,0.225727
12955,0.537734
12956,0.184726
12957,0.909820
12958,0.267628
12959,0.385509
12960,0.682871
12961,0.611036
12962,0.947032
12963,0.632647
12964,0.756961
12965,0.356541
12966,0.719249
12967,0.103680
12968,0.517478
12969,0.644125
12970,0.870753
12971,0.871064
12972,0.267817
12973,0.572235
12974,0.703782
12976,0.231738
12977,0.904042
12979,0.245128
12980,0.476033
12981,0.893531
12982,0.362897
12984,0.290684
12985,0.303640
12986,0.493689
12987,0.875053
12988,0.079824
12989,0.588035
12990,0.486800
12991,0.927287
12992,0.036190
12993,0.500522
12994,0.347197
12995,0.328007
12996,0.570690
12997,0.814307
12998,0.338785
12999,0.185860
13000,0.685749
13001,0.167037
13002,0.359841
13003,0.308862
13004,0.550690
13005,0.814240
13006,0.795095
13009,0.832418
13010,0.191682
13011,0.544045
13012,0.303740
13013,0.787262
13015,0.200427
13016,0.881608
13017,0.483722
13018,0.921143
13019,0.768917
13020,0.744294
13021,0.127636
13022,0.787384
13023,0.124192
13024,0.673993
13025,0.165659
13026,0.160681
13027,0.212316
13028,0.956232
13029,0.268828
13030,0.497400
13031,0.721983
13032,0.389175
13033,0.847741
13034,0.587646
13035,0.332063
13036,0.711605
13038,0.408487
13039,0.275828
13040,0.233616
13041,0.079191
13043,0.197871
13045,0.320696
13046,0.771562
13047,0.953266
13048,0.952143
13049,0.902076
13050,0.342597
13051,0.197327
13053,0.088402
13054,0.902965
13055,0.045201
13056,0.227605
13057,0.638081
13058,0.757406
13059,0.748328
13060,0.265917
13061,0.463833
13062,0.239616
13063,0.570746
13064,0.252772
13065,0.309307
13066,0.265439
13067,0.759550
13068,0.595847
13069,0.977688
13070,0.310151
13071,0.129570
13072,0.068946
13073,0.816840
13074,0.189460
13075,0.759106
13076,0.423643
13077,0.384686
13078,0.289362
13079,0.177904
13080,0.533423
13081,0.903342
13082,0.644825
13083,0.307029
13084,0.341585
13085,0.702304
13086,0.174071
13087,0.398431
13088,0.761895
13089,0.533467
13092,0.233427
13093,0.536779
13094,0.472210
13095,0.881275
13096,0.697571
13097,0.199938
13098,0.732683
13099,0.677693
13100,0.673026
13101,0.256750
13102,0.580102
13103,0.377442
13104,0.953555
13105,0.169048
13106,0.098113
13107,0.552623
13108,0.406820
13109,0.292929
13110,0.680626
13111,0.306596
13112,0.205005
13114,0.370775
13115,0.923409
13117,0.240494
13118,0.328596
13119,0.980200
13120,0.858275
13121,0.234405
13122,0.881786
13123,0.073402
13124,0.730694
13125,0.384131
13126,0.336907
13127,0.833341
13128,0.741772
13129,0.873475
13130,0.845797
13131,0.212249
13132,0.288462
13133,0.912798
13134,0.109980
13136,0.921998
13137,0.628192
13138,0.301318
13140,0.337530
13141,0.122769
13142,0.341596
13143,0.466688
13144,0.342963
13145,0.373531
13146,0.893675
13147,0.075224
13148,0.422576
13149,0.196715
13150,0.406376
13151,0.463155
13152,0.309385
13153,0.329174
13154,0.460510
13155,0.238294
13156,0.256050
13157,0.110836
13159,0.694227
13160,0.485133
13161,0.891409
13162,0.403809
13163,0.256939
13164,0.718994
13165,0.961677
13166,0.286317
13167,0.928498
13168,0.233305
13169,0.908520
13170,0.598258
13171,0.305596
13172,0.487911
13174,0.175171
13175,0.089258
13176,0.371942
13177,0.500800
13178,0.844908
13179,0.768117
13180,0.482422
13181,0.840896
13182,0.237261
13183,0.821307
13184,0.339485
13185,0.275595
13186,0.490689
13187,0.913676
13189,0.375786
13190,0.899264
13191,0.154592
13192,0.224683
13193,0.119847
13195,0.896820
13197,0.902253
13198,0.394498
13199,0.318596
13200,0.133359
13201,0.531556
13203,0.831096
13204,0.852852
13205,0.850708
13206,0.320763
13207,0.604447
13208,0.176848
13209,0.353952
13210,0.719394
13211,0.199616
13212,0.882842
13213,0.501111
13214,0.576446
13215,0.764639
13216,0.504111
13217,0.898553
13218,0.831307
13220,0.791195
13223,0.735594
13224,0.284395
13227,0.183215
13228,0.365386
13229,0.113425
13230,0.933154
13231,0.619958
13232,0.185704
13233,0.332307
13234,0.912498
13235,0.108447
13236,0.778940
13237,0.216249
13238,0.449177
13239,0.738450
13240,0.312496
13241,0.140992
13242,0.258372
13244,0.164704
13245,0.835319
13246,0.619503
13247,0.874164
13248,0.287395
13249,0.318218
13250,0.811362
13252,0.930643
13253,0.846141
13254,0.735272
13255,0.481277
13256,0.815896
13257,0.423965
13258,0.629603
13259,0.692760
13260,0.030601
13261,0.177671
13262,0.248361
13263,0.290184
13264,0.892820
13265,0.318829
13266,0.333474
13267,0.247761
13268,0.209571
13269,0.869997
13270,0.895709
13271,0.397931
13272,0.171393
13273,0.067946
13274,0.142325
13275,0.248050
13276,0.631358
13277,0.282662
13278,0.206527
13279,0.111380
13280,0.901876
13281,0.630803
13283,0.446465
13284,0.303151
13285,0.382942
13286,0.316896
13287,0.465821
13288,0.652570
13290,0.194260
13291,0.899109
13292,0.849252
13293,0.869708
13294,0.592102
13295,0.160759
13296,0.756039
13297,0.648659
13300,0.507756
13301,0.253083
13302,0.679160
13303,0.758561
13305,0.143781
13306,0.780351
13307,0.599391
13308,0.228238
13310,0.672337
13311,0.549979
13312,0.282962
13313,0.812974
13314,0.821818
13315,0.363486
13316,0.796262
13317,0.715016
13318,0.123436
13319,0.616191
13320,0.424087
13321,0.930243
13322,0.195338
13323,0.285506
13324,0.886486
13326,0.245517
13327,0.378542
13328,0.843608
13329,0.654259
13330,0.246117
13331,0.436843
13332,0.636503
13333,0.156148
13334,0.136736
13335,0.391775
13336,0.157681
13337,0.670837
13338,0.368264
13339,0.415220
13340,0.333185
13341,0.139581
13342,0.594802
13343,0.378931
13344,0.785851
13345,0.374264
13346,0.819029
13347,0.501400
13348,0.134703
13349,0.410887
13352,0.332418
13354,0.229083
13355,0.824885
13356,0.407876
13357,0.871475
13358,0.169648
13359,0.545312
13360,0.436643
13361,0.507611
13362,0.555335
13363,0.749583
13364,0.874397
13365,0.851819
13366,0.215494
13367,0.257695
13368,0.203316
13369,0.945843
13370,0.297918
13371,0.195027
13372,0.401409
13373,0.913787
13375,0.771828
13376,0.194315
13377,0.261195
13378,0.312151
13379,0.505167
13380,0.781462
13381,0.859452
13382,0.131803
13383,0.354363
13384,0.243572
13385,0.904431
13386,0.890820
13387,0.447065
13388,0.244683
13389,0.661304
13390,0.335019
13391,0.389086
13392,0.750550
13393,0.364208
13394,0.603113
13395,0.470599
13396,0.289784
13397,0.501556
13398,0.503633
13399,0.649370
13400,0.611125
13403,0.324674
13404,0.899887
13405,0.623114
13406,0.791784
13407,0.957455
13408,0.318463
13409,0.273117
13410,0.342452
13411,0.338696
13412,0.583324
13413,0.437499
13414,0.875375
13415,0.366664
13416,0.623269
13418,0.401076
13419,0.588324
13420,0.316674
13421,0.294751
13422,0.383442
13423,0.264284
13424,0.189560
13425,0.745383
13426,0.570190
13427,0.919620
13428,0.388298
13429,0.680515
13430,0.070535
13431,0.644637
13432,0.288095
13433,0.043368
13434,0.645959
13435,0.153981
13437,0.580302
13438,0.423821
13439,0.911965
13440,0.856263
13441,0.851708
13443,0.276162
13444,0.273451
13445,0.215638
13446,0.709216
13447,0.053323
13450,0.224538
13451,0.764973
13452,0.897942
13453,0.335619
13454,0.226827
13455,0.123081
13456,0.568290
13457,0.010134
13458,0.707427
13459,0.983955
13460,0.635270
13461,0.281662
13462,0.147248
13463,0.533756
13464,0.487489
13465,0.989011
13466,0.908120
13467,0.327718
13468,0.214671
13469,0.563057
13470,0.216949
13471,0.223494
13472,0.156970
13473,0.416409
13474,0.781451
13476,0.369264
13477,0.667481
13478,0.709960
13479,0.809251
13480,0.821329
13481,0.954166
13483,0.197538
13484,0.207505
13485,0.314596
13486,0.433165
13487,0.303640
13488,0.772284
13489,0.345285
13490,0.120214
13491,0.613891
13492,0.933854
13493,0.432776
13494,0.760528
13495,0.769450
13496,0.850530
13497,0.942243
13498,0.685026
13499,0.448432
13500,0.149959
13501,0.296451
13502,0.187326
13503,0.841119
13504,0.810262
13506,0.194260
13507,0.267806
13508,0.300529
13509,0.419209
13510,0.691126
13511,0.707471
13512,0.678448
13513,0.320185
13514,0.914620
13516,0.311774
13517,0.786384
13519,0.245472
13520,0.291295
13521,0.604569
13522,0.880353
13524,0.936587
13525,0.842052
13526,0.698060
13527,0.668970
13528,0.200916
13529,0.365053
13530,0.786884
13532,0.722394
13534,0.183282
13535,0.294173
13536,0.689882
13537,0.889986
13538,0.464299
13539,0.750017
13540,0.727327
13541,0.732272
13542,0.193382
13543,0.297440
13544,0.711838
13546,0.310496
13548,0.562524
13549,0.272695
13550,0.298251
13551,0.131792
13552,0.559724
13553,0.774195
13554,0.769428
13555,0.679048
13556,0.765961
13557,0.270273
13558,0.376008
13559,0.949210
13560,0.297818
13561,0.970377
13562,0.240828
13563,0.687949
13564,0.156770
13565,0.520778
13566,0.312318
13567,0.125503
13568,0.784806
13569,0.636103
13570,0.088680
13571,0.331607
13572,0.259084
13573,0.710582
13574,0.586024
13575,0.942065
13576,0.277095
13578,0.867397
13579,0.404031
13580,0.914709
13581,0.428621
13583,0.856652
13585,0.188138
13587,0.736883
13588,0.845263
13589,0.354097
13590,0.571257
13591,0.887753
13592,0.314074
13593,0.233216
13594,0.170070
13597,0.369875
13598,0.311740
13599,0.310629
13600,0.295773
13601,0.905087
13602,0.470133
13603,0.443077
13604,0.521467
13605,0.783495
13606,0.931454
13607,0.304429
13608,0.276928
13609,0.585235
13610,0.385542
13611,0.984911
13612,0.645748
13614,0.867130
13615,0.826552
13617,0.352419
13618,0.576868
13619,0.280784
13620,0.119580
13621,0.899764
13622,0.831274
13623,0.852730
13625,0.364819
13626,0.968999
13627,0.498333
13628,0.735194
13629,0.157604
13630,0.547001
13631,0.242394
13632,0.274884
13633,0.183771
13634,0.597147
13635,0.776173
13636,0.667348
13637,0.371419
13638,0.261750
13639,0.059868
13640,0.888542
13641,0.741983
13642,0.554812
13644,0.296607
13645,0.828641
13647,0.937376
13648,0.108191
13649,0.336252
13651,0.264561
13652,0.940576
13653,0.881564
13654,0.795462
13655,0.697916
13656,0.689726
13658,0.536979
13659,0.230683
13660,0.866453
13661,0.536556
13663,0.610602
13664,0.802273
13665,0.691815
13666,0.520112
13667,0.387953
13668,0.957377
13669,0.410609
13670,0.849519
13671,0.343219
13672,0.843508
13673,0.767173
13674,0.260828
13675,0.774884
13676,0.349130
13677,0.321885
13678,0.944054
13679,0.942932
13680,0.464688
13681,0.843097
13682,0.362630
13683,0.070313
13684,0.076446
13686,0.692449
13687,0.422287
13688,0.713938
13689,0.410620
13690,0.287351
13691,0.887764
13692,0.396364
13693,0.293218
13694,0.674293
13695,0.868897
13696,0.585024
13697,0.154315
13698,0.423821
13699,0.753772
13700,0.894342
13702,0.941176
13703,0.452254
13704,0.790384
13705,0.650481
13706,0.254528
13707,0.648103
13708,0.896020
13709,0.570079
13710,0.326974
13712,0.233750
13713,0.386953
13714,0.097191
13715,0.645203
13716,0.901753
13718,0.202749
13721,0.229994
13722,0.528812
13723,0.735439
13724,0.377375
13725,0.863697
13726,0.543901
13727,0.600391
13728,0.318085
13729,0.908676
13730,0.873319
13731,0.871708
13732,0.606113
13733,0.913854
13734,0.770395
13735,0.849386
13736,0.194793
13737,0.709982
13738,0.253839
13739,0.307340
13741,0.197771
13742,0.800840
13743,0.905020
13744,0.674326
13745,0.206038
13746,0.223649
13747,0.414931
13748,0.257372
13749,0.243828
13750,0.784540
13751,0.607958
13752,0.608214
13753,0.825907
13754,0.295507
13755,0.202493
13756,0.513756
13757,0.770262
13758,0.379286
13759,0.176482
13760,0.909198
13761,0.372742
13762,0.198049
13763,0.359208
13764,0.786906
13765,0.267373
13766,0.722049
13768,0.764195
13769,0.720749
13770,0.029078
13771,0.258728
13772,0.745572
13773,0.544068
13774,0.346430
13775,0.295751
13776,0.242850
13777,0.929698
13778,0.556457
13779,0.755617
13780,0.785229
13781,0.461644
13782,0.858364
13784,0.424965
13785,0.753228
13786,0.637070
13787,0.713260
13788,0.523245
13789,0.178660
13790,0.139914
13791,0.468188
13792,0.200527
13793,0.436165
13794,0.320396
13795,0.279262
13796,0.367153
13798,0.752261
13799,0.895453
13800,0.090791
13801,0.592569
13802,0.375586
13803,0.600258
13804,0.328330
13805,0.547412
13806,0.757761
13808,0.292273
13809,0.858108
13810,0.365041
13811,0.455110
13812,0.336019
13813,0.513467
13814,0.420854
13815,0.627781
13816,0.182493
13818,0.236605
13819,0.646359
13820,0.709516
13821,0.113769
13822,0.380231
13823,0.452443
13824,0.479366
13825,0.614236
13826,0.344563
13827,0.312018
13828,0.493844
13829,0.883831
13830,0.769784
13831,0.104569
13832,0.942699
13833,0.965077
13834,0.710716
13835,0.911198
13836,0.541368
13837,0.147903
13838,0.790606
13839,0.710560
13840,0.944865
13841,0.237894
13842,0.322585
13843,0.190415
13844,0.870342
13845,0.172559
13846,0.845752
13847,0.705182
13848,0.122158
13850,0.039412
13851,0.875442
13852,0.205760
13853,0.222238
13855,0.499578
13856,0.116903
13857,0.693527
13859,0.221560
13861,0.978611
13862,0.289073
13863,0.654915
13864,0.124947
13865,0.610580
13866,0.828396
13867,0.660215
13868,0.411876
13869,0.356708
13870,0.284806
13871,0.822852
13872,0.531356
13873,0.484455
13874,0.571590
13875,0.863130
13876,0.375453
13877,0.413476
13878,0.215416
13880,0.894020
13881,0.936999
13882,0.330074
13883,0.204160
13884,0.148637
13885,0.200927
13886,0.891242
13887,0.192738
13888,0.858330
13889,0.365764
13890,0.159015
13891,0.720660
13892,0.213705
13894,0.301807
13896,0.898987
13897,0.116458
13898,0.504378
13899,0.695560
13900,0.404076
13901,0.227850
13902,0.310040
13903,0.291940
13905,0.724938
13906,0.152070
13907,0.944065
13908,0.260784
13909,0.906131
13911,0.689826
13912,0.765106
13913,0.192849
13914,0.754195
13915,0.703793
13916,0.797462
13917,0.212560
13918,0.384997
13919,0.680682
13920,0.028423
13921,0.229461
13922,0.730272
13923,0.666337
13924,0.876919
13925,0.709682
13926,0.917320
13927,0.259128
13928,0.272262
13929,0.225105
13930,0.704916
13931,0.668826
13932,0.751128
13933,0.702571
13934,0.558290
13935,0.622236
13936,0.422120
13937,0.347052
13938,0.229138
13939,0.253339
13940,0.331730
13941,0.434587
13942,0.924387
13943,0.039790
13944,0.187838
13945,0.559157
13946,0.845485
13947,0.391731
13949,0.349830
13950,0.375842
13951,0.006933
13952,0.750194
13953,0.277728
13954,0.176604
13955,0.320663
13956,0.141181
13957,0.845674
13960,0.790440
13961,0.181471
13962,0.796295
13963,0.851774
13964,0.111936
13965,0.846552
13966,0.209449
13967,0.273384
13968,0.167293
13970,0.968477
13971,0.689660
13972,0.041812
13973,0.505522
13974,0.456710
13975,0.761606
13976,0.845397
13978,0.800640
13979,0.606913
13980,0.616480
13981,0.067590
13982,0.649514
13983,0.139136
13984,0.377520
13985,0.770362
13986,0.532312
13987,0.545990
13988,0.138881
13989,0.341996
13990,0.454355
13991,0.520700
13992,0.735394
13993,0.683126
13994,0.943065
13995,0.212038
13996,0.937665
13997,0.956377
13998,0.178204
13999,0.268806
14000,0.239250
14002,0.324763
14003,0.780517
14004,0.352675
14005,0.142259
14006,0.686793
14007,0.359741
14008,0.366019
14009,0.849141
14010,0.489366
14011,0.534767
14012,0.128225
14013,0.842319
14014,0.599913
14015,0.397609
14016,0.709882
14018,0.530123
14019,0.882631
14020,0.199538
14021,0.645392
14023,0.605936
14024,0.659270
14025,0.863430
14026,0.357641
14027,0.630247
14028,0.223749
14030,0.318574
14031,0.031812
14032,0.765061
14033,0.849263
14034,0.513323
14035,0.849663
14036,0.642059
14037,0.215471
14038,0.678071
14039,0.736939
14040,0.343819
14041,0.787595
14042,0.668870
14043,0.427409
14044,0.398320
14045,0.152503
14046,0.381775
14047,0.031256
14048,0.254583
14049,0.913454
14050,0.689315
14051,0.866619
14052,0.198149
14054,0.897809
14055,0.289240
14056,0.843830
14057,0.174048
14058,0.947777
14059,0.094313
14061,0.233483
14062,0.781528
14063,0.070146
14064,0.366008
14065,0.429887
14066,0.069313
14067,0.174559
14068,0.370419
14069,0.043579
14070,0.694827
14071,0.636892
14072,0.472733
14073,0.624481
14074,0.714727
14075,0.350897
14076,0.355752
14077,0.274084
14079,0.359875
14080,0.011334
14082,0.601547
14083,0.819263
14084,0.877886
14085,0.340652
14086,0.240583
14087,0.142570
14088,0.362741
14089,0.547245
14090,0.808185
14092,0.254839
14095,0.325618
14096,0.227116
14097,0.799307
14098,0.796929
14099,0.346174
14100,0.374253
14101,0.331507
14102,0.275684
14103,0.301184
14104,0.675759
14105,0.518423
14106,0.883242
14107,0.190826
14108,0.816829
14109,0.204560
14110,0.323418
14112,0.881753
14113,0.233461
14114,0.623758
14115,0.852930
14116,0.078724
14117,0.129070
14118,0.445488
14119,0.644214
14120,0.453088
14121,0.384231
14122,0.524645
14124,0.121925
14125,0.712749
14126,0.364930
14127,0.637236
14128,0.010767
14129,0.366697
14130,0.256639
14131,0.660581
14132,0.316351
14133,0.351797
14134,0.875353
14136,0.854197
14137,0.645359
14139,0.849108
14140,0.820585
14141,0.653826
14142,0.916220
14143,0.181293
14144,0.511834
14147,0.848419
14148,0.432610
14149,0.201571
14150,0.704060
14151,0.236716
14152,0.532401
14153,0.819407
14154,0.131592
14156,0.278540
14157,0.926098
14158,0.929676
14159,0.588991
14160,0.746294
14161,0.396220
14162,0.819763
14163,0.739594
14164,0.665359
14165,0.183904
14166,0.724216
14167,0.766839
14168,0.515611
14169,0.834341
14170,0.307862
14171,0.825363
14172,0.869019
14173,0.755550
14174,0.675815
14175,0.016423
14176,0.893198
14177,0.682704
14178,0.442143
14179,0.950988
14180,0.836874
14181,0.826363
14182,0.296218
14183,0.465221
14184,0.722083
14185,0.883186
14186,0.492500
14187,0.716116
14188,0.293573
14189,0.290062
14190,0.347574
14191,0.801396
14193,0.349841
14194,0.482288
14195,0.279151
14196,0.289918
14197,0.650259
14198,0.282140
14199,0.734539
14200,0.729116
14201,0.354841
14202,0.235494
14203,0.126658
14204,0.849763
14205,0.247717
14206,0.671282
14207,0.156048
14208,0.098780
14209,0.130925
14210,0.622269
14211,0.899387
14213,0.009489
14214,0.692915
14216,0.381986
14218,0.314440
14219,0.306796
14220,0.799407
14221,0.564079
14222,0.338441
14223,0.321418
14225,0.703393
14226,0.087713
14227,0.677404
14228,0.921332
14229,0.276351
14230,0.286906
14231,0.369642
14232,0.776406
14233,0.254928
14234,0.279540
14235,0.349397
14236,0.780773
14237,0.901409
14238,0.219294
14239,0.776484
14240,0.394342
14241,0.278773
14242,0.355219
14243,0.192715
14244,0.715705
14245,0.098491
14246,0.833830
14247,0.197760
14248,0.114580
14251,0.560379
14252,0.507700
14253,0.791373
14254,0.307696
14255,0.702360
14256,0.636570
14257,0.265906
14258,0.214371
14259,0.466355
14260,0.871297
14261,0.914665
14262,0.766850
14264,0.615114
14265,0.356308
14266,0.630558
14267,0.297473
14268,0.230927
14269,0.646648
14270,0.497167
14271,0.799162
14274,0.811096
14275,0.514478
14276,0.546557
14277,0.083146
14278,0.923443
14280,0.441588
14282,0.462944
14283,0.818285
14284,0.413531
14285,0.492555
14286,0.251594
14287,0.862964
14288,0.360108
14289,0.457466
14290,0.221683
14291,0.467444
14292,0.843819
14293,0.761617
14294,0.635047
14295,0.372575
14296,0.671126
14297,0.873231
14298,0.261095
14299,0.329685
14300,0.848597
14301,0.256917
14303,0.959755
14304,0.971944
14305,0.867430
14306,0.762873
14307,0.147503
14308,0.131403
14309,0.855752
14311,0.450021
14312,0.065268
14314,0.512956
14315,0.687571
14316,0.475733
14317,0.477744
14318,0.211805
14319,0.227449
14320,0.273595
14321,0.346274
14322,0.407609
14323,0.431098
14324,0.880620
14325,0.170515
14326,0.502378
14328,0.860297
14329,0.961610
14330,0.633403
14331,0.359630
14332,0.831330
14333,0.406320
14334,0.700704
14335,0.940988
14336,0.381953
14337,0.376153
14338,0.230850
14339,0.774717
14340,0.300196
14341,0.251717
14342,0.278862
14343,0.163770
14345,0.307696
14346,0.351152
14347,0.538134
14348,0.701693
14349,0.173515
14350,0.215583
14351,0.920143
14352,0.333230
14353,0.899031
14354,0.304118
14355,0.598624
14356,0.167570
14357,0.474188
14358,0.100958
14359,0.929621
14360,0.331441
14361,0.198460
14362,0.169015
14363,0.265817
14364,0.119758
14366,0.300229
14367,0.157904
14368,0.363153
14369,0.172993
14370,0.284973
14371,0.893253
14372,0.494933
14373,0.677482
14374,0.181448
14375,0.931287
14376,0.329763
14377,0.854230
14378,0.198082
14379,0.221627
14380,0.621025
14381,0.394087
14382,0.276395
14383,0.527601
14384,0.302762
14385,0.310240
14387,0.358241
14389,0.418854
14390,0.373275
14391,0.791951
14392,0.765073
14393,0.244394
14394,0.176537
14395,0.908554
14396,0.502089
14397,0.623869
14398,0.905176
14399,0.948932
14400,0.946777
14401,0.495533
14402,0.205693
14404,0.888831
14405,0.565113
14406,0.552701
14407,0.129692
14408,0.857986
14409,0.648792
14410,0.919732
14411,0.796340
14412,0.647281
14413,0.668748
14414,0.369208
14415,0.605047
14416,0.801396
14417,0.355541
14418,0.532656
14420,0.399431
14421,0.590124
14422,0.721016
14423,0.829818
14424,0.511834
14425,0.406598
14426,0.885542
14427,0.083546
14428,0.875397
14429,0.744828
14430,0.129525
14431,0.271739
14432,0.594924
14433,0.783906
14434,0.291429
14436,0.405220
14437,0.192560
14438,0.196282
14439,0.129981
14440,0.527923
14441,0.338541
14442,0.177971
14443,0.328330
14444,0.735539
14445,0.302651
14446,0.876564
14447,0.554846
14448,0.782095
14449,0.785184
14450,0.085980
14451,0.339574
14452,0.859275
14453,0.367453
14454,0.793729
14455,0.204749
14456,0.263673
14457,0.851974
14458,0.243228
14459,0.825796
14460,0.194282
14461,0.164648
14462,0.585013
14463,0.161592
14464,0.099324
14465,0.563879
14466,0.172170
14467,0.519012
14468,0.226494
14469,0.514056
14470,0.251528
14471,0.669515
14472,0.197949
14473,0.093469
14474,0.517056
14475,0.372275
14476,0.503256
14478,0.530367
14479,0.043612
14480,0.844885
14481,0.430132
14482,0.731205
14483,0.202538
14484,0.491966
14487,0.914365
14488,0.396187
14489,0.113458
14490,0.669048
14491,0.785817
14492,0.337185
14494,0.572646
14495,0.456799
14496,0.749106
14497,0.825874
14498,0.163404
14499,0.230516
14500,0.824841
14501,0.173337
14502,0.417509
14504,0.749839
14505,0.347963
14506,0.791240
14507,0.867786
14508,0.791906
14509,0.134770
14511,0.355675
14512,0.323918
14513,0.603547
14514,0.273106
14515,0.876908
14516,0.728394
14517,0.293929
14518,0.229150
14519,0.171526
14520,0.219638
14521,0.058212
14522,0.670315
14523,0.482333
14524,0.224494
14525,0.299784
14526,0.697549
14527,0.953977
14528,0.962577
14529,0.173137
14530,0.682526
14531,0.152059
14532,0.608347
14534,0.953699
14535,0.895509
14537,0.107680
14538,0.371930
14539,0.364164
14540,0.851630
14541,0.316429
14542,0.823685
14543,0.276339
14544,0.932476
14545,0.424376
14546,0.658759
14547,0.751683
14548,0.095758
14549,0.254272
14550,0.903287
14551,0.494833
14552,0.317929
14553,0.517089
14554,0.714360
14555,0.666215
14557,0.673693
14559,0.401742
14560,0.690238
14561,0.282106
14562,0.608136
14563,0.660004
14564,0.239639
14565,0.179215
14567,0.016067
14568,0.826307
14569,0.533390
14570,0.470455
14571,0.682248
14573,0.202060
14574,0.599147
14575,0.590580
14576,0.314785
14578,0.740861
14579,0.570357
14580,0.548146
14581,0.176948
14582,0.074891
14583,0.718072
14584,0.856519
14585,0.276773
14586,0.820840
14587,0.057035
14588,0.218127
14589,0.739061
14591,0.912242
14592,0.629003
14593,0.761884
14594,0.620525
14595,0.412176
14597,0.970677
14598,0.719427
14599,0.945721
14600,0.404387
14601,0.566190
14602,0.715760
14603,0.086980
14604,0.249083
14605,0.671770
14606,0.526767
14607,0.923965
14608,0.194760
14609,0.522701
14610,0.163981
14611,0.306962
14612,0.216760
14613,0.848308
14614,0.820196
14615,0.379631
14616,0.744972
14617,0.787695
14618,0.116169
14619,0.045034
14620,0.674271
14621,0.740383
14622,0.794540
14623,0.945388
14624,0.655815
14625,0.831896
14626,0.848697
14627,0.668182
14628,0.811385
14629,0.887831
14630,0.276851
14631,0.568579
14632,0.707260
14634,0.483777
14635,0.848652
14636,0.294973
14638,0.296784
14639,0.913065
14640,0.468844
14641,0.430010
14642,0.400876
14643,0.840663
14646,0.903398
14647,0.933610
14648,0.050790
14649,0.379797
14651,0.613091
14652,0.826885
14653,0.150870
14654,0.097502
14655,0.770250
14656,0.848163
14657,0.824107
14658,0.802829
14659,0.789840
14660,0.846130
14661,0.681482
14662,0.302196
14663,0.624214
14664,0.573291
14665,0.285184
14666,0.109969
14667,0.210071
14668,0.770150
14669,0.658104
14670,0.902920
14671,0.178148
14672,0.556135
14673,0.920465
14674,0.722416
14675,0.518767
14676,0.210882
14677,0.633970
14678,0.871808
14679,0.844685
14680,0.366597
14681,0.449510
14682,0.975011
14683,0.829696
14684,0.699560
14685,0.905909
14686,0.102213
14687,0.282673
14688,0.699916
14689,0.938276
14690,0.515378
14692,0.849852
14693,0.953410
14694,0.563701
14695,0.701471
14696,0.343241
14698,0.935676
14699,0.223361
14700,0.293051
14701,0.828518
14702,0.153692
14703,0.155526
14704,0.636470
14705,0.608791
14707,0.324463
14708,0.503822
14709,0.778473
14710,0.347408
14711,0.194249
14712,0.210282
14713,0.297518
14714,0.043212
14715,0.857908
14716,0.827229
14717,0.238983
14719,0.738128
14720,0.781662
14721,0.284673
14722,0.318196
14723,0.072546
14724,0.811496
14725,0.181082
14726,0.229061
14727,0.226483
14728,0.099313
14729,0.101058
14730,0.126581
14731,0.340452
14732,0.941965
14733,0.250406
14734,0.266306
14737,0.191326
14738,0.325996
14739,0.087969
14740,0.206327
14741,0.150037
14742,0.838396
14743,0.350108
14744,0.570524
14745,0.173204
14746,0.853563
14747,0.713316
14748,0.509356
14749,0.327029
14750,0.301473
14751,0.470799
14752,0.081046
14753,0.814240
14754,0.556979
14755,0.845697
14757,0.835819
14758,0.296729
14759,0.843119
14760,0.414598
14761,0.171704
14762,0.705182
14763,0.760528
14764,0.673959
14765,0.258317
14766,0.233039
14768,0.815718
14769,0.094991
14770,0.275673
14772,0.185293
14773,0.544101
14774,0.799351
14775,0.268106
14776,0.182782
14777,0.495778
14778,0.546601
14779,0.248994
14780,0.149614
14781,0.482666
14782,0.027189
14783,0.911198
14784,0.233127
14785,0.210038
14786,0.752061
14787,0.633114
14788,0.697882
14789,0.123614
14791,0.833685
14792,0.229416
14793,0.203682
14794,0.285895
14795,0.224372
14797,0.820363
14799,0.296307
14800,0.576635
14801,0.306496
14802,0.528934
14803,0.250472
14804,0.325474
14805,0.959899
14806,0.018823
14807,0.201849
14808,0.200182
14809,0.341196
14810,0.324974
14811,0.619203
14812,0.218416
14814,0.434899
14815,0.430965
14816,0.644781
14817,0.908309
14818,0.805196
14819,0.533001
14820,0.640848
14821,0.237750
14824,0.259828
14825,0.269695
14826,0.120880
14827,0.192304
14828,0.406720
14829,0.067602
14830,0.875497
14831,0.930354
14832,0.124136
14834,0.108358
14835,0.510711
14836,0.955099
14837,0.547157
14838,0.613414
14839,0.243172
14840,0.389664
14841,0.794551
14842,0.926543
14843,0.869875
14844,0.445510
14845,0.386986
14846,0.220449
14848,0.176804
14849,0.465010
14850,0.786684
14852,0.435587
14853,0.533645
14854,0.169593
14857,0.770873
14858,0.400931
14859,0.750817
14860,0.402865
14861,0.777906
14862,0.051257
14863,0.686437
14865,0.784895
14866,0.288384
14868,0.237016
14869,0.118225
14870,0.530112
14871,0.136914
14872,0.096958
14873,0.696338
14874,0.166237
14875,0.598891
14876,0.934887
14877,0.959810
14878,0.246039
14879,0.157781
14880,0.505345
14881,0.259528
14882,0.228072
14885,0.385520
14886,0.484844
14887,0.371297
14888,0.614091
14889,0.146214
14890,0.241305
14891,0.122303
14892,0.611236
14893,0.860330
14894,0.803385
14895,0.466921
14896,0.096191
14897,0.799340
14898,0.506645
14901,0.763150
14902,0.111025
14903,0.723994
14904,0.821229
14905,0.204582
14906,0.918032
14907,0.858297
14908,0.316918
14909,0.487289
14910,0.741861
14911,0.788129
14912,0.274973
14914,0.274217
14915,0.843130
14916,0.467155
14917,0.388153
14918,0.321729
14920,0.135914
14921,0.702771
14922,0.656759
14923,0.236116
14924,0.114691
14925,0.397442
14927,0.517756
14928,0.224461
14929,0.783584
14930,0.382297
14931,0.809640
14932,0.288084
14933,0.277884
14934,0.219960
14935,0.775951
14936,0.887175
14937,0.630925
14938,0.344208
14939,0.255972
14940,0.309318
14942,0.646114
14943,0.934787
14944,0.797929
14945,0.033679
14946,0.851763
14947,0.695482
14948,0.874397
14949,0.888264
14951,0.828918
14952,0.587791
14955,0.929176
14956,0.841708
14957,0.717271
14958,0.158304
14960,0.715527
14961,0.848674
14962,0.338152
14963,0.566657
14964,0.159981
14965,0.906753
14966,0.555312
14967,0.821552
14968,0.935465
14969,0.285429
14970,0.291973
14971,0.524923
14972,0.676093
14973,0.298262
14974,0.308885
14975,0.317774
14976,0.264495
14977,0.298684
14978,0.799040
14979,0.322518
14980,0.235850
14981,0.393309
14982,0.714160
14983,0.106680
14984,0.294618
14985,0.436221
14986,0.985711
14988,0.366753
14989,0.207182
14990,0.320863
14991,0.449654
14992,0.704038
14993,0.846997
14994,0.066979
14995,0.744961
14996,0.915665
14997,0.498878
14998,0.502078
14999,0.812740
15000,0.950410
15001,0.305996
15002,0.346785
15003,0.269606
15004,0.837396
15005,0.084835
15006,0.798462
15007,0.305151
15008,0.163037
15009,0.156548
15010,0.268139
15011,0.916343
15012,0.292373
15013,0.852319
15014,0.710360
15015,0.901531
15016,0.902264
15018,0.775317
15020,0.837963
15021,0.534679
15022,0.490922
15023,0.769639
15024,0.122336
15025,0.749417
15026,0.856519
15027,0.730616
15028,0.354797
15029,0.857486
15030,0.160692
15031,0.384264
15032,0.675759
15033,0.295418
15034,0.320407
15035,0.334641
15036,0.767039
15037,0.254250
15038,0.776328
15039,0.712916
15041,0.249950
15042,0.477399
15043,0.870830
15044,0.025501
15046,0.861519
15047,0.428276
15048,0.377886
15049,0.103269
15050,0.940176
15051,0.323541
15052,0.203249
15053,0.787706
15054,0.154737
15055,0.723761
15056,0.357363
15057,0.843219
15059,0.283251
15060,0.456888
15061,0.753806
15062,0.662881
15063,0.846408
15064,0.450021
15065,0.968277
15066,0.267328
15067,0.403231
15068,0.203116
15070,0.547812
15071,0.359175
15072,0.418576
15073,0.779362
15074,0.706882
15075,0.306840
15076,0.047812
15077,0.504456
15078,0.829152
15079,0.259584
15080,0.764750
15081,0.469799
15082,0.762695
15083,0.200193
15084,0.857997
15085,0.613703
15086,0.916854
15087,0.274151
15088,0.907287
15089,0.397287
15090,0.373586
15091,0.719683
15092,0.538956
15093,0.224661
15094,0.102469
15096,0.861141
15097,0.794895
15098,0.234216
15099,0.873831
15100,0.248228
15101,0.393387
15102,0.000467
15103,0.847719
15104,0.795418
15105,0.325474
15107,0.440054
15108,0.218838
15109,0.077224
15110,0.344463
15111,0.522545
15112,0.296484
15113,0.536356
15114,0.374253
15115,0.956599
15116,0.307974
15117,0.160081
15118,0.972266
15120,0.267917
15121,0.750517
15122,0.481211
15123,0.291173
15124,0.939021
15126,0.481744
15127,0.546090
15128,0.493767
15129,0.221649
15130,0.614314
15131,0.884909
15132,0.226572
15133,0.318785
15134,0.254583
15135,0.418965
15136,0.225372
15137,0.136670
15138,0.225127
15139,0.287340
15140,0.105791
15141,0.090591
15142,0.185426
15143,0.276717
15144,0.512256
15145,0.886942
15146,0.354575
15148,0.402420
15149,0.429876
15150,0.361986
15151,0.882275
15152,0.397309
15153,0.204071
15154,0.861564
15155,0.349930
15156,0.535290
15157,0.914431
15158,0.857819
15159,0.274517
15160,0.906253
15161,0.139292
15162,0.466099
15163,0.279751
15164,0.132681
15165,0.624347
15166,0.630847
15167,0.463477
15168,0.231661
15169,0.679526
15171,0.601158
15172,0.663926
15173,0.407031
15174,0.711727
15176,0.919754
15177,0.390853
15178,0.670215
15179,0.251750
15180,0.789706
15181,0.775495
15182,0.837752
15183,0.321352
15184,0.497644
15185,0.320140
15186,0.518123
15187,0.363297
15188,0.169148
15189,0.064190
15190,0.273273
15191,0.924909
15192,0.719238
15193,0.326418
15194,0.924854
15196,0.550968
15197,0.272673
15198,0.776273
15199,0.512234
15200,0.203338
15201,0.571313
15202,0.981155
15203,0.299073
15204,0.179360
15205,0.791018
15206,0.850386
15207,0.678948
15208,0.177226
15209,0.253039
15210,0.442832
15211,0.855019
15212,0.323674
15214,0.150803
15215,0.615825
15216,0.919932
15217,0.774384
15218,0.187249
15219,0.326641
15220,0.511722
15221,0.329430
15222,0.685082
15224,0.543212
15226,0.817085
15227,0.246594
15228,0.211049
15230,0.208082
15233,0.788573
15235,0.257884
15236,0.913831
15237,0.055768
15238,0.834130
15239,0.292862
15241,0.070902
15242,0.565746
15243,0.591958
15244,0.885742
15245,0.403020
15246,0.407976
15247,0.571402
15248,0.375719
15249,0.538968
15250,0.207427
15251,0.786084
15252,0.784740
15253,0.334885
15255,0.359997
15258,0.069368
15259,0.837696
15260,0.249228
15261,0.443443
15262,0.225749
15263,0.233272
15264,0.502322
15265,0.388742
15266,0.557657
15267,0.907265
15268,0.223038
15269,0.773828
15270,0.923243
15271,0.818263
15272,0.946188
15273,0.146281
15274,0.603836
15275,0.209749
15276,0.772828
15278,0.411231
15279,0.632092
15280,0.717794
15281,0.611647
15282,0.332630
15283,0.766406
15284,0.529645
15285,0.120858
15287,0.569424
15288,0.162770
15289,0.638048
15290,0.249772
15291,0.865208
15293,0.841874
15294,0.317451
15296,0.073268
15297,0.244005
15298,0.676448
15299,0.747706
15300,0.646792
15301,0.637892
15302,0.697149
15303,0.878986
15304,0.030001
15305,0.567690
15306,0.274351
15307,0.851963
15309,0.009156
15311,0.904520
15312,0.675048
15313,0.487177
15314,0.260384
15315,0.925221
15316,0.888753
15317,0.456888
15318,0.215116
15319,0.570102
15320,0.681937
15322,0.128970
15323,0.094780
15324,0.541245
15325,0.237583
15326,0.770895
15327,0.141248
15328,0.292529
15329,0.232372
15331,0.704071
15332,0.151737
15333,0.536001
15334,0.227627
15335,0.806762
15336,0.149214
15337,0.299729
15338,0.765850
15339,0.770306
15340,0.959844
15341,0.359452
15342,0.807774
15343,0.377642
15344,0.254272
15345,0.874864
15346,0.030745
15347,0.986633
15348,0.667615
15349,0.821585
15350,0.849463
15351,0.890931
15352,0.604380
15353,0.037501
15354,0.342041
15355,0.511678
15356,0.172170
15357,0.261928
15358,0.235116
15359,0.289273
15361,0.507589
15363,0.330741
15364,0.384653
15365,0.306862
15366,0.138103
15367,0.853763
15368,0.173282
15369,0.172193
15370,0.260784
15371,0.587802
15372,0.399576
15373,0.343219
15374,0.245383
15375,0.261606
15376,0.652537
15377,0.507022
15378,0.865097
15379,0.078157
15380,0.628514
15381,0.906609
15382,0.131792
15383,0.753372
15385,0.171548
15386,0.744205
15387,0.559601
15388,0.728394
15389,0.162059
15390,0.035690
15391,0.942121
15392,0.442165
15393,0.313285
15394,0.207938
15395,0.749650
15396,0.088758
15397,0.371886
15398,0.780284
15399,0.697438
15400,0.389709
15401,0.893920
15402,0.729238
15403,0.316629
15405,0.276039
15406,0.881320
15407,0.933476
15408,0.862886
15409,0.339408
15410,0.223972
15411,0.817585
15412,0.791551
15413,0.273451
15414,0.224861
15415,0.931921
15416,0.171215
15418,0.694627
15419,0.754983
15421,0.312674
15422,0.541456
15423,0.760484
15424,0.422943
15425,0.944632
15426,0.616514
15427,0.274317
15428,0.585357
15429,0.694182
15430,0.964455
15431,0.869964
15432,0.221783
15433,0.823274
15434,0.803596
15435,0.226438
15436,0.548490
15437,0.765361
15438,0.248194
15439,0.530223
15440,0.895275
15441,0.222727
15442,0.369953
15443,0.538568
15445,0.836452
15446,0.595602
15447,0.976222
15448,0.359564
15450,0.791829
15451,0.561868
15452,0.914698
15453,0.775373
15454,0.387809
15455,0.154270
15456,0.841308
15457,0.430398
15458,0.355263
15459,0.215083
15460,0.809118
15461,0.360086
15462,0.179826
15463,0.295062
15464,0.905876
15465,0.181604
15466,0.849608
15468,0.687515
15469,0.294418
15470,0.126725
15471,0.866508
15472,0.485166
15473,0.199782
15474,0.327830
15475,0.478577
15476,0.229061
15478,0.202482
15479,0.712394
15480,0.252695
15481,0.103036
15482,0.756561
15483,0.159470
15484,0.156281
15485,0.727083
15486,0.809751
15487,0.228694
15488,0.406031
15489,0.347163
15490,0.110158
15491,0.279173
15492,0.667726
15493,0.782706
15494,0.650703
15495,0.913465
15496,0.230494
15497,0.394553
15498,0.232872
15499,0.519256
15500,0.884120
15501,0.968333
15502,0.082213
15503,0.529201
15504,0.252761
15505,0.769028
15506,0.273673
15507,0.840174
15508,0.433799
15509,0.425709
15510,0.646070
15511,0.528378
15512,0.250561
15513,0.370286
15514,0.426498
15515,0.927576
15516,0.381642
15517,0.842574
15518,0.780795
15520,0.095658
15521,0.948654
15522,0.781028
15523,0.914031
15524,0.898531
15525,0.339385
15526,0.844385
15527,0.215438
15528,0.323152
15529,0.714116
15530,0.800218
15531,0.930443
15532,0.286384
15533,0.482500
15534,0.856641
15535,0.330474
15536,0.419609
15537,0.846419
15538,0.618714
15539,0.937343
15540,0.661681
15541,0.111747
15542,0.776795
15543,0.258272
15544,0.289706
15545,0.672493
15546,0.866197
15547,0.183715
15548,0.131158
15549,0.545357
15550,0.650892
15552,0.104458
15553,0.882397
15554,0.798018
15555,0.911620
15557,0.251939
15558,0.274962
15559,0.769039
15560,0.092013
15561,0.973233
15562,0.165626
15563,0.807607
15564,0.821629
15565,0.849474
15566,0.640125
15567,0.825552
15568,0.890675
15570,0.579591
15571,0.097947
15572,0.314607
15573,0.810018
15574,0.332730
15575,0.606302
15577,0.218938
15578,0.503967
15579,0.272984
15580,0.790162
15581,0.505178
15582,0.472088
15583,0.791184
15584,0.803318
15585,0.280628
15586,0.535923
15587,0.773862
15588,0.940521
15589,0.146959
15590,0.084935
15591,0.843130
15592,0.884497
15595,0.882664
15596,0.315074
15598,0.886831
15600,0.883997
15601,0.272484
15602,0.879731
15603,0.339841
15604,0.240805
15605,0.633270
15606,0.694338
15607,0.218427
15608,0.802307
15609,0.374042
15610,0.381997
15611,0.586957
15612,0.894653
15613,0.817240
15614,0.259195
15615,0.717705
15616,0.884786
15617,0.109047
15618,0.847786
15619,0.263628
15621,0.148726
15622,0.117847
15623,0.772995
15624,0.098769
15625,0.807396
15626,0.810818
15628,0.012178
15630,0.311851
15631,0.679137
15632,0.447999
15633,0.782328
15634,0.434132
15635,0.880964
15636,0.944454
15637,0.318385
15638,0.310707
15639,0.051090
15640,0.374442
15641,0.942777
15642,0.375264
15643,0.925709
15644,0.455310
15645,0.214971
15646,0.524112
15647,0.741416
15648,0.356552
15649,0.174226
15650,0.614014
15651,0.826707
15652,0.710482
15653,0.727638
15654,0.123447
15655,0.266028
15656,0.906353
15657,0.285306
15658,0.180515
15659,0.660615
15660,0.866464
15661,0.985589
15663,0.387209
15664,0.290118
15665,0.801407
15666,0.732905
15667,0.263673
15668,0.761172
15669,0.376097
15670,0.261795
15671,0.061557
15672,0.941021
15673,0.118625
15674,0.914398
15677,0.218972
15678,0.936787
15679,0.284595
15680,0.700371
15682,0.520023
15683,0.397187
15684,0.667504
15685,0.614303
15686,0.879108
15688,0.252261
15689,0.489022
15690,0.126814
15691,0.728272
15692,0.169626
15693,0.173971
15694,0.496855
15695,0.197560
15696,0.901953
15698,0.246861
15700,0.855497
15701,0.502556
15702,0.939754
15703,0.369475
15704,0.314196
15705,0.896987
15706,0.362264
15707,0.824618
15708,0.497611
15709,0.456777
15710,0.298073
15711,0.223005
15713,0.548846
15714,0.338096
15715,0.122403
15716,0.212883
15717,0.532390
15720,0.688293
15721,0.904831
15722,0.888409
15723,0.181593
15724,0.250950
15725,0.843597
15726,0.684204
15727,0.458855
15728,0.147092
15729,0.372064
15730,0.896942
15731,0.129825
15732,0.814540
15733,0.480522
15734,0.662715
15735,0.315707
15736,0.384386
15737,0.284506
15738,0.783206
15739,0.870697
15740,0.502956
15741,0.349486
15742,0.208049
15743,0.890586
15744,0.619380
15745,0.066868
15746,0.615536
15748,0.471577
15749,0.410065
15750,0.295818
15751,0.813351
15752,0.166204
15754,0.854963
15755,0.170082
15756,0.235316
15757,0.305618
15758,0.806607
15759,0.656337
15760,0.538245
15761,0.295862
15762,0.306362
15763,0.102902
15764,0.429276
15765,0.330707
15766,0.305907
15767,0.754472
15769,0.255039
15770,0.474388
15771,0.380908
15772,0.245517
15773,0.852719
15774,0.771128
15775,0.538468
15776,0.144159
15777,0.799896
15778,0.134003
15779,0.331574
15780,0.388220
15781,0.864986
15782,0.790206
15783,0.201727
15784,0.323696
15785,0.356719
15786,0.717838
15787,0.326429
15788,0.356108
15789,0.711727
15790,0.853852
15792,0.672615
15794,0.649192
15796,0.178971
15797,0.148881
15798,0.192671
15799,0.661892
15800,0.910898
15801,0.678504
15802,0.861330
15803,0.917076
15804,0.424909
15805,0.827252
15806,0.675748
15807,0.486811
15808,0.487689
15809,0.422432
15810,0.270095
15811,0.407720
15812,0.826652
15814,0.951577
15815,0.394931
15816,0.910531
15817,0.838619
15818,0.794484
15819,0.858241
15820,0.894798
15821,0.168426
15822,0.159048
15823,0.400998
15824,0.906065
15825,0.735539
15826,0.856375
15827,0.033901
15828,0.186815
15829,0.225727
15830,0.912165
15831,0.582168
15832,0.805773
15833,0.965921
15834,0.958210
15835,0.041645
15836,0.514400
15837,0.819296
15838,0.641825
15839,0.941143
15840,0.480588
15841,0.785829
15842,0.218916
15843,0.795862
15844,0.609825
15845,0.349819
15846,0.281728
15847,0.741816
15848,0.329774
15849,0.179893
15850,0.266484
15851,0.800962
15852,0.103813
15853,0.171748
15854,0.376431
15855,0.900176
15857,0.285562
15858,0.617336
15859,0.166804
15860,0.978211
15861,0.568057
15862,0.904242
15863,0.703249
15864,0.675937
15865,0.305996
15866,0.261584
15867,0.623892
15868,0.191293
15869,0.121303
15870,0.143514
15872,0.561357
15873,0.854341
15874,0.118858
15875,0.686826
15876,0.551534
15878,0.238361
15879,0.284295
15880,0.917054
15881,0.892409
15882,0.109425
15883,0.205582
15884,0.904631
15886,0.221072
15887,0.007156
15888,0.114769
15889,0.504745
15890,0.369597
15892,0.865030
15893,0.007978
15896,0.882709
15897,0.210905
15898,0.761328
15899,0.177071
15900,0.930754
15901,0.736283
15902,0.908565
15903,0.380320
15904,0.253206
15905,0.351674
15906,0.519034
15907,0.562557
15908,0.639159
15909,0.836863
15910,0.942243
15911,0.964599
15912,0.718349
15913,0.371142
15914,0.116347
15916,0.702260
15917,0.234272
15918,0.694160
15919,0.165693
15920,0.746550
15921,0.375475
15922,0.192893
15923,0.667659
15924,0.324996
15925,0.460655
15926,0.722438
15927,0.775828
15928,0.342074
15929,0.930010
15930,0.574402
15932,0.567490
15933,0.873875
15934,0.722827
15935,0.211405
15936,0.127258
15937,0.511967
15940,0.847519
15941,0.771228
15943,0.589291
15944,0.271284
15945,0.752206
15946,0.242172
15947,0.798329
15948,0.935265
15949,0.646292
15950,0.577991
15951,0.406565
15952,0.279373
15953,0.313118
15954,0.609780
15955,0.189138
15957,0.715860
15959,0.230861
15960,0.274728
15961,0.702560
15962,0.295962
15963,0.931843
15964,0.253306
15965,0.302162
15966,0.702149
15967,0.483133
15968,0.581368
15969,0.314551
15970,0.578135
15972,0.126114
15973,0.898176
15974,0.839408
15975,0.677082
15976,0.335507
15977,0.770550
15979,0.782117
15980,0.091958
15981,0.568968
15982,0.150370
15983,0.629525
15984,0.656459
15985,0.592346
15986,0.250161
15987,0.688515
15988,0.623281
15989,0.331596
15990,0.775028
15991,0.871775
15992,0.338941
15993,0.655859
15994,0.728061
15995,0.739128
15996,0.315351
15997,0.506522
15998,0.620514
15999,0.789229
16000,0.201160
16001,0.157359
16002,0.775551
16003,0.344441
16004,0.537001
16005,0.971899
16006,0.596802
16007,0.793629
16008,0.789418
16009,0.400287
16010,0.033212
16011,0.818074
16012,0.176282
16013,0.307707
16014,0.244550
16016,0.861030
16017,0.731616
16018,0.061901
16019,0.739928
16020,0.521967
16021,0.571046
16022,0.363875
16023,0.163948
16024,0.899764
16025,0.460755
16026,0.151581
16027,0.848430
16028,0.226138
16029,0.302873
16030,0.220283
16031,0.251583
16032,0.185137
16033,0.872130
16034,0.867164
16035,0.597113
16036,0.672404
16037,0.832807
16038,0.756517
16039,0.203993
16040,0.210516
16041,0.954188
16042,0.321274
16043,0.301362
16044,0.367553
16045,0.272039
16046,0.689638
16048,0.025289
16049,0.798929
16050,0.196482
16051,0.734827
16052,0.482122
16053,0.089658
16054,0.712938
16055,0.317940
16056,0.327263
16057,0.916576
16058,0.773606
16059,0.351341
16060,0.915454
16061,0.650803
16065,0.750039
16066,0.238105
16067,0.268217
16068,0.614180
16069,0.860419
16070,0.617847
16071,0.224138
16072,0.109102
16073,0.397620
16075,0.251750
16076,0.629570
16077,0.302484
16078,0.665226
16079,0.335452
16080,0.926854
16081,0.693671
16082,0.404576
16083,0.118047
16084,0.786906
16087,0.843063
16088,0.520389
16089,0.256306
16090,0.616925
16091,0.161748
16092,0.438899
16093,0.506378
16094,0.349719
16095,0.869697
16096,0.278873
16097,0.797573
16098,0.800729
16099,0.849974
16100,0.360497
16102,0.731416
16103,0.134347
16104,0.201749
16105,0.753572
16106,0.387231
16108,0.622003
16109,0.900564
16110,0.431032
16111,0.453910
16112,0.711427
16113,0.026923
16115,0.892353
16116,0.157559
16117,0.303773
16118,0.074624
16119,0.248672
16120,0.949688
16121,0.578102
16122,0.357852
16123,0.192749
16124,0.877486
16126,0.182148
16127,0.267562
16128,0.208660
16129,0.838063
16130,0.705727
16131,0.374031
16132,0.105969
16134,0.043068
16135,0.596902
16136,0.342041
16137,0.923721
16138,0.290106
16139,0.787495
16141,0.384553
16142,0.589958
16143,0.680648
16144,0.171659
16145,0.290440
16146,0.714416
16148,0.236461
16149,0.241050
16150,0.283729
16151,0.117325
16152,0.271028
16153,0.790773
16154,0.212260
16155,0.460488
16156,0.140292
16157,0.608614
16158,0.765906
16159,0.263861
16160,0.928132
16161,0.116147
16162,0.341796
16163,0.393553
16164,0.875753
16165,0.269406
16166,0.596169
16167,0.279795
16168,0.564501
16169,0.132959
16170,0.681182
16171,0.780551
16172,0.952199
16173,0.544801
16174,0.615836
16175,0.980422
16176,0.209316
16177,0.808062
16178,0.185593
16179,0.174882
16180,0.213649
16181,0.823496
16182,0.914443
16183,0.896509
16184,0.803473
16185,0.770906
16186,0.070335
16187,0.244317
16188,0.231750
16189,0.158004
16190,0.870164
16191,0.251628
16192,0.294129
16193,0.138270
16195,0.174193
16196,0.773884
16197,0.808940
16198,0.329441
16199,0.270973
16200,0.307851
16201,0.983755
16202,0.266806
16203,0.250050
16204,0.862030
16205,0.612380
16207,0.236494
16208,0.239016
16209,0.373153
16210,0.548746
16211,0.539201
16212,0.877208
16213,0.022689
16215,0.058112
16216,0.737505
16217,0.155859
16218,0.911876
16219,0.760772
16220,0.524167
16221,0.189471
16222,0.683060
16223,0.329141
16224,0.108936
16225,0.676826
16226,0.411587
16227,0.487300
16228,0.586102
16229,0.201560
16230,0.252872
16231,0.573313
16232,0.065335
16233,0.648981
16234,0.204927
16235,0.895664
16236,0.376553
16237,0.374108
16238,0.971722
16239,0.103780
16240,0.272562
16241,0.123369
16243,0.266373
16244,0.730738
16245,0.901642
16246,0.195893
16247,0.383797
16249,0.548779
16250,0.199293
16251,0.849452
16252,0.919654
16253,0.260072
16254,0.457877
16255,0.210927
16256,0.641492
16257,0.397642
16258,0.615536
16259,0.117703
16260,0.914209
16261,0.844030
16262,0.248483
16263,0.488900
16265,0.439076
16266,0.085502
16267,0.293507
16268,0.220449
16269,0.796907
16270,0.938154
16272,0.783784
16273,0.743217
16274,0.167737
16275,0.789318
16276,0.206716
16277,0.915943
16278,0.354563
16279,0.244939
16280,0.420798
16281,0.806307
16282,0.611058
16283,0.717416
16284,0.689860
16286,0.689882
16287,0.468844
16288,0.075513
16289,0.703905
16290,0.321907
16291,0.804462
16292,0.058046
16293,0.337963
16294,0.888331
16295,0.332085
16297,0.063801
16299,0.808718
16300,0.357864
16301,0.733505
16302,0.920543
16303,0.462432
16304,0.890942
16305,0.690115
16306,0.889253
16307,0.793784
16310,0.343808
16311,0.157992
16312,0.683904
16313,0.114969
16314,0.223594
16316,0.266906
16317,0.574513
16318,0.410009
16319,0.018934
16320,0.481888
16321,0.265450
16322,0.161248
16323,0.779517
16324,0.221927
16325,0.754906
16326,0.078435
16328,0.239783
16329,0.246305
16330,0.170137
16331,0.227027
16332,0.805451
16333,0.394453
16334,0.298396
16335,0.674859
16337,0.152926
16338,0.363697
16339,0.956321
16340,0.108225
16342,0.300329
16344,0.306618
16345,0.833585
16346,0.592213
16347,0.348652
16348,0.195649
16349,0.383064
16350,0.448154
16351,0.807985
16352,0.084869
16353,0.642814
16354,0.795418
16355,0.331252
16356,0.723061
16357,0.604480
16359,0.461510
16360,0.689182
16361,0.858597
16362,0.169793
16363,0.536056
16364,0.450666
16365,0.795051
16366,0.594680
16367,0.588324
16368,0.703493
16369,0.776739
16370,0.506856
16371,0.974099
16372,0.877286
16374,0.932376
16375,0.840285
16376,0.338985
16377,0.950654
16378,0.672848
16379,0.918654
16380,0.273017
16382,0.368119
16383,0.553468
16384,0.367575
16385,0.846852
16386,0.749383
16387,0.859697
16388,0.172926
16389,0.503489
16390,0.341808
16391,0.914254
16392,0.057546
16393,0.428598
16394,0.262850
16395,0.810818
16396,0.814363
16398,0.426854
16400,0.719772
16401,0.406042
16402,0.808929
16403,0.791218
16405,0.225261
16406,0.498000
16407,0.796829
16408,0.429354
16409,0.334796
16410,0.303240
16411,0.745917
16412,0.768373
16413,0.687115
16414,0.180882
16415,0.835207
16416,0.227016
16417,0.107847
16418,0.525912
16420,0.997433
16421,0.740750
16422,0.080268
16423,0.167948
16424,0.594713
16425,0.257528
16426,0.669504
16427,0.526856
16428,0.291962
16429,0.339930
16430,0.865164
16431,0.378553
16433,0.687671
16434,0.564557
16435,0.054101
16436,0.140792
16437,0.654815
16439,0.750972
16440,0.341185
16441,0.094147
16442,0.577780
16443,0.082635
16444,0.419498
16445,0.582324
16446,0.852619
16447,0.266584
16448,0.332263
16449,0.559757
16450,0.745094
16451,0.856075
16453,0.447688
16454,0.271595
16455,0.403220
16456,0.858608
16457,0.361941
16458,0.375853
16459,0.598658
16460,0.034267
16461,0.637970
16462,0.908120
16463,0.830430
16464,0.249483
16465,0.258672
16467,0.342608
16468,0.226394
16469,0.481811
16470,0.299196
16471,0.076791
16473,0.168259
16474,0.212638
16475,0.971133
16476,0.210638
16477,0.237127
16478,0.829563
16479,0.209871
16480,0.682704
16481,0.769673
16482,0.677904
16483,0.142136
16484,0.134281
16485,0.252294
16486,0.581435
16487,0.231994
16488,0.436376
16489,0.315929
16491,0.867475
16492,0.646125
16493,0.568779
16494,0.548112
16495,0.242994
16496,0.692582
16497,0.267550
16498,0.069413
16499,0.341941
16500,0.684560
16501,0.053112
16502,0.331652
16503,0.623158
16504,0.313051
16505,0.732138
16507,0.801462
16508,0.351097
16509,0.204627
16510,0.255839
16511,0.124058
16513,0.716616
16515,0.794673
16516,0.589358
16517,0.290740
16518,0.597847
16519,0.496411
16520,0.128547
16523,0.838396
16524,0.466966
16525,0.882086
16526,0.648948
16527,0.430621
16528,0.433610
16529,0.059546
16530,0.567246
16531,0.845474
16532,0.208705
16533,0.492044
16534,0.317740
16535,0.712360
16536,0.933054
16537,0.779840
16538,0.307651
16539,0.779740
16540,0.408631
16542,0.193971
16543,0.641125
16544,0.199771
16545,0.392553
16546,0.805940
16547,0.775328
16548,0.064390
16549,0.660926
16550,0.708227
16551,0.954755
16552,0.894187
16553,0.072046
16554,0.114225
16555,0.208471
16556,0.513567
16557,0.227494
16558,0.892109
16559,0.563535
16560,0.500433
16561,0.719538
16562,0.236816
16563,0.626125
16565,0.213494
16566,0.656659
16567,0.299740
16568,0.196271
16569,0.101124
16570,0.480922
16571,0.094147
16572,0.554412
16573,0.603502
16574,0.820596
16576,0.906676
16577,0.244461
16578,0.118658
16579,0.858408
16580,0.485989
16581,0.792940
16582,0.289918
16583,0.290906
16584,0.384531
16586,0.778406
16587,0.521534
16588,0.686626
16589,0.354875
16590,0.588502
16591,0.801184
16592,0.732627
16593,0.965599
16595,0.735050
16596,0.659515
16597,0.502378
16599,0.658326
16600,0.957555
16601,0.807562
16602,0.059090
16603,0.564990
16604,0.854752
16605,0.102291
16606,0.939432
16607,0.606847
16608,0.222049
16609,0.791551
16610,0.777473
16611,0.181182
16613,0.224861
16614,0.839774
16615,0.738005
16616,0.217205
16617,0.295484
16618,0.285140
16620,0.355108
16621,0.773584
16622,0.863897
16623,0.622725
16624,0.233305
16625,0.058101
16626,0.468955
16627,0.076402
16628,0.314929
16629,0.312174
16630,0.128558
16631,0.657481
16632,0.301607
16633,0.853241
16634,0.091446
16635,0.749306
16636,0.930998
16637,0.148092
16638,0.346019
16639,0.238916
16640,0.682048
16641,0.477877
16642,0.481900
16643,0.902665
16644,0.898109
16645,0.893709
16646,0.360141
16647,0.203905
16648,0.625014
16649,0.903420
16650,0.283495
16651,0.439088
16652,0.257784
16653,0.896531
16654,0.178137
16655,0.526434
16656,0.732516
16657,0.168537
16658,0.385075
16659,0.418265
16660,0.134347
16661,0.933287
16662,0.688293
16663,0.811962
16664,0.336919
16665,0.283062
16666,0.919632
16667,0.745061
16668,0.267784
16669,0.291418
16670,0.909920
16671,0.772728
16673,0.659548
16674,0.606547
16675,0.493344
16677,0.070390
16678,0.718016
16679,0.605858
16680,0.069490
16683,0.126603
16684,0.251072
16685,0.681793
16686,0.092058
16687,0.326607
16688,0.901576
16689,0.754039
16690,0.637803
16691,0.073179
16692,0.084413
16693,0.052346
16694,0.513134
16695,0.583135
16696,0.926465
16697,0.199738
16698,0.343541
16699,0.643214
16700,0.903765
16701,0.269795
16702,0.653926
16703,0.840085
16704,0.291206
16705,0.154870
16706,0.899409
16707,0.832952
16708,0.290818
16709,0.576079
16711,0.167715
16712,0.269062
16713,0.328796
16714,0.405187
16715,0.388353
16716,0.846352
16718,0.777995
16719,0.840485
16720,0.849141
16721,0.154092
16722,0.178704
16723,0.625525
16724,0.786162
16726,0.229705
16727,0.836230
16728,0.487733
16729,0.509089
16730,0.520478
16733,0.521712
16735,0.244139
16736,0.853686
16737,0.456888
16738,0.253406
16739,0.518167
16740,0.812585
16741,0.687149
16743,0.138903
16744,0.360730
16745,0.220860
16746,0.570135
16747,0.239828
16748,0.823974
16749,0.787518
16750,0.240039
16751,0.832441
16752,0.002200
16753,0.968810
16754,0.572035
16755,0.505745
16756,0.798140
16757,0.503011
16758,0.945543
16759,0.382831
16760,0.111791
16761,0.323296
16762,0.279740
16763,0.523867
16764,0.197093
16765,0.401164
16766,0.822818
16767,0.712927
16768,0.415698
16769,0.531623
16770,0.777062
16771,0.932376
16772,0.861408
16773,0.245894
16774,0.345985
16775,0.216816
16776,0.090946
16777,0.233839
16778,0.806107
16779,0.231950
16780,0.216894
16781,0.175415
16782,0.146070
16783,0.172604
16784,0.594591
16785,0.077013
16786,0.415343
16787,0.468444
16788,0.888264
16789,0.624014
16790,0.081557
16791,0.616080
16792,0.453188
16793,0.114180
16794,0.811718
16795,0.359041
16796,0.683104
16797,0.318163
16798,0.968877
16799,0.286440
16800,0.218660
16801,0.374497
16802,0.089802
16803,0.569490
16805,0.881031
16806,0.931843
16808,0.694082
16809,0.623281
16810,0.692893
16811,0.173915
16812,0.519534
16813,0.853108
16814,0.653570
16815,0.268850
16816,0.114714
16817,0.581280
16818,0.743883
16819,0.134625
16820,0.944099
16821,0.803073
16822,0.475688
16823,0.901387
16824,0.110602
16825,0.692827
16826,0.201627
16827,0.780584
16828,0.296707
16829,0.286762
16830,0.235083
16831,0.035990
16832,0.109525
16833,0.819896
16834,0.232683
16835,0.266495
16836,0.156503
16837,0.960455
16838,0.726149
16840,0.860630
16841,0.810662
16842,0.104958
16843,0.132192
16844,0.839419
16845,0.469855
16846,0.352397
16847,0.880275
16848,0.756228
16849,0.167193
16850,0.129603
16851,0.144670
16852,0.437443
16853,0.759795
16854,0.170648
16855,0.705460
16856,0.251672
16857,0.839841
16858,0.319707
16859,0.808240
16860,0.819874
16861,0.175471
16862,0.416476
16863,0.410376
16864,0.722138
16865,0.515823
16866,0.377486
16867,0.303251
16868,0.222583
16869,0.677237
16870,0.382186
16871,0.390953
16872,0.896675
16873,0.644514
16875,0.647059
16876,0.884697
16877,0.735650
16878,0.424254
16880,0.133247
16881,0.082080
16882,0.226949
16883,0.376231
16884,0.821774
16886,0.199404
16887,0.590758
16888,0.882042
16890,0.611602
16891,0.839352
16892,0.799507
16894,0.584580
16895,0.035467
16896,0.671559
16897,0.321196
16898,0.103880
16899,0.710271
16900,0.781006
16901,0.782562
16902,0.212927
16903,0.286962
16904,0.264639
16905,0.507934
16906,0.253450
16907,0.680871
16908,0.197927
16909,0.383109
16910,0.789451
16911,0.850786
16912,0.013378
16913,0.277417
16914,0.946577
16915,0.702271
16917,0.738772
16918,0.650670
16919,0.381475
16920,0.279128
16921,0.286162
16922,0.517389
16923,0.889286
16924,0.289562
16925,0.237094
16926,0.688204
16927,0.909020
16928,0.265195
16929,0.584624
16930,0.393509
16931,0.893075
16932,0.866053
16933,0.347374
16934,0.847185
16935,0.187682
16936,0.391720
16937,0.761561
16938,0.787251
16939,0.939410
16940,0.809374
16941,0.125247
16942,0.265028
16943,0.403253
16944,0.147214
16945,0.365775
16946,0.513011
16947,0.199404
16948,0.842163
16949,0.839196
16950,0.834874
16951,0.382320
16952,0.948188
16953,0.734794
16954,0.171648
16955,0.864286
16956,0.435521
16957,0.898409
16958,0.957766
16959,0.175626
16960,0.218294
16961,0.734394
16962,0.689660
16963,0.909276
16964,0.753606
16965,0.047401
16966,0.727838
16967,0.825152
16968,0.180282
16969,0.350008
16970,0.866275
16971,0.890198
16972,0.291840
16973,0.378608
16974,0.315818
16975,0.312462
16976,0.577868
16977,0.372186
16978,0.288884
16979,0.805618
16980,0.728072
16981,0.642070
16982,0.932932
16983,0.599591
16984,0.317652
16985,0.976277
16986,0.502444
16987,0.669559
16988,0.239416
16989,0.239072
16990,0.163248
16991,0.438054
16992,0.788162
16993,0.743439
16994,0.929210
16995,0.175515
16996,0.596213
16997,0.782362
16998,0.272528
16999,0.077546
17000,0.342152
17001,0.153815
17003,0.637714
17004,0.258339
17005,0.266550
17006,0.953777
17007,0.214660
17008,0.797707
17010,0.094247
17012,0.847430
17013,0.227716
17014,0.342074
17015,0.313118
17016,0.032590
17017,0.328396
17018,0.575957
17020,0.084080
17021,0.785540
17024,0.440721
17025,0.422554
17026,0.839174
17027,0.156003
17028,0.218960
17029,0.274184
17030,0.807251
17031,0.307596
17032,0.859930
17033,0.124158
17034,0.111158
17035,0.746328
17036,0.898353
17038,0.251706
17039,0.713571
17040,0.174426
17041,0.790184
17042,0.231527
17043,0.500767
17044,0.318018
17045,0.332563
17046,0.636970
17047,0.378842
17048,0.939865
17049,0.609558
17050,0.901598
17051,0.679048
17052,0.697438
17053,0.579524
17054,0.314718
17055,0.286395
17056,0.176882
17057,0.303229
17058,0.700727
17059,0.805007
17060,0.274451
17061,0.329596
17062,0.412365
17063,0.822285
17064,0.188693
17065,0.959199
17066,0.364708
17067,0.415276
17068,0.172604
17069,0.498600
17070,0.844163
17071,0.629636
17072,0.378808
17074,0.559735
17076,0.875519
17077,0.664493
17078,0.150426
17079,0.539168
17080,0.263884
17081,0.825196
17083,0.866097
17084,0.845897
17085,0.384609
17086,0.472555
17087,0.332474
17088,0.411809
17090,0.474333
17091,0.182304
17093,0.197971
17094,0.697460
17095,0.171448
17096,0.333007
17097,0.212438
17098,0.375908
17099,0.334474
17100,0.367330
17101,0.232016
17102,0.265117
17103,0.768073
17104,0.821307
17105,0.208971
17106,0.325963
17107,0.662637
17108,0.733494
17109,0.932443
17110,0.297851
17111,0.289729
17112,0.554623
17113,0.355430
17114,0.325385
17115,0.836963
17116,0.218816
17117,0.504545
17118,0.394164
17119,0.234161
17120,0.193604
17121,0.672804
17122,0.750794
17123,0.322129
17124,0.303251
17126,0.791140
17127,0.311451
17128,0.586735
17129,0.926654
17130,0.813163
17131,0.285251
17132,0.310074
17133,0.804573
17134,0.910587
17135,0.806496
17136,0.412198
17137,0.603147
17138,0.782784
17140,0.745905
17141,0.765084
17142,0.773995
17143,0.781606
17144,0.445854
17145,0.744383
17146,0.136570
17147,0.961466
17148,0.134436
17149,0.004389
17150,0.834119
17151,0.461610
17152,0.314085
17154,0.156592
17155,0.501033
17156,0.084969
17157,0.827718
17158,0.234816
17159,0.826396
17160,0.765384
17161,0.936676
17162,0.398187
17163,0.402142
17165,0.282195
17167,0.234239
17168,0.885797
17169,0.291151
17170,0.916465
17171,0.826952
17174,0.424054
17175,0.491466
17177,0.708182
17178,0.134747
17179,0.635592
17180,0.356352
17181,0.219627
17182,0.300218
17183,0.500089
17184,0.487489
17185,0.105002
17186,0.794418
17187,0.844797
17188,0.671559
17189,0.871175
17191,0.169137
17192,0.950954
17193,0.723794
17194,0.069002
17195,0.896209
17196,0.131081
17197,0.611236
17198,0.083524
17199,0.821418
17201,0.688349
17203,0.448399
17205,0.887864
17206,0.854852
17207,0.752317
17208,0.034512
17209,0.285906
17210,0.272828
17211,0.748761
17212,0.254539
17213,0.261584
17214,0.821585
17215,0.287284
17216,0.542123
17217,0.230161
17220,0.190904
17221,0.286017
17222,0.935710
17223,0.457066
17224,0.293673
17225,0.378864
17226,0.018367
17227,0.723849
17228,0.820107
17229,0.257261
17230,0.296640
17231,0.808640
17233,0.260539
17234,0.225172
17235,0.331707
17236,0.203605
17237,0.259395
17238,0.312507
17239,0.958688
17240,0.650137
17241,0.741072
17242,0.304940
17243,0.618003
17244,0.389975
17245,0.243917
17246,0.352430
17247,0.095191
17249,0.717738
17250,0.620836
17251,0.750906
17252,0.235883
17253,0.086180
17254,0.498011
17255,0.370675
17256,0.215294
17257,0.163793
17258,0.274862
17259,0.739994
17260,0.853097
17261,0.331385
17262,0.609658
17263,0.462721
17264,0.298596
17265,0.319785
17266,0.108080
17267,0.257506
17268,0.334041
17269,0.384475
17270,0.488666
17271,0.764139
17272,0.862364
17273,0.152603
17274,0.241694
17275,0.661715
17276,0.614747
17278,0.723549
17279,0.676648
17280,0.653781
17281,0.362152
17282,0.842952
17283,0.224394
17284,0.830663
17285,0.386842
17286,0.908920
17287,0.319840
17288,0.484433
17289,0.776839
17290,0.771150
17292,0.536712
17293,0.189993
17294,0.135836
17295,0.540990
17296,0.687226
17297,0.121558
17298,0.861686
17299,0.412487
17300,0.944521
17301,0.284684
17302,0.873431
17303,0.868042
17304,0.885542
17305,0.494944
17306,0.924498
17307,0.656270
17308,0.118869
17309,0.318752
17310,0.772595
17311,0.925576
17312,0.313740
17314,0.376608
17315,0.292784
17316,0.109869
17317,0.561201
17318,0.306162
17319,0.716271
17320,0.381208
17321,0.829074
17322,0.774817
17323,0.298918
17324,0.189360
17325,0.244328
17326,0.411609
17327,0.596202
17328,0.211938
17329,0.140070
17330,0.710738
17331,0.331774
17332,0.373864
17333,0.384709
17334,0.178960
17335,0.742972
17336,0.260884
17338,0.426243
17339,0.773295
17340,0.275028
17342,0.307596
17344,0.824085
17345,0.312863
17346,0.212871
17347,0.971433
17349,0.933299
17351,0.245772
17352,0.200682
17353,0.613525
17354,0.696104
17355,0.939210
17356,0.247272
17357,0.877064
17358,0.651259
17359,0.333374
17360,0.248061
17361,0.670626
17362,0.134147
17363,0.652014
17364,0.287029
17365,0.747872
17366,0.363019
17367,0.832296
17368,0.788540
17370,0.294029
17371,0.591680
17373,0.146259
17374,0.348874
17375,0.868608
17376,0.662226
17377,0.895431
17378,0.808062
17379,0.141959
17380,0.085324
17381,0.636725
17382,0.561679
17383,0.506767
17384,0.262195
17385,0.341408
17386,0.238194
17387,0.046612
17388,0.586724
17389,0.803273
17390,0.129014
17391,0.504245
17392,0.546368
17393,0.948543
17394,0.288018
17397,0.165070
17398,0.044712
17399,0.057590
17400,0.611091
17401,0.202860
17402,0.540790
17403,0.693504
17404,0.546168
17405,0.619780
17406,0.904820
17407,0.179082
17409,0.571679
17410,0.122669
17411,0.282884
17412,0.318463
17414,0.124136
17415,0.849841
17416,0.925787
17417,0.443299
17418,0.746905
17419,0.211527
17421,0.580502
17422,0.463344
17423,0.593702
17424,0.371475
17425,0.880686
17426,0.434143
17427,0.902853
17428,0.256083
17429,0.885431
17430,0.321840
17431,0.466599
17432,0.146381
17433,0.821552
17434,0.337263
17435,0.540412
17436,0.699049
17437,0.369964
17438,0.234416
17439,0.437699
17440,0.592502
17441,0.860308
17442,0.198271
17443,0.333319
17444,0.820429
17445,0.549468
17447,0.420087
17448,0.159170
17449,0.304396
17450,0.894975
17451,0.426976
17452,0.500367
17453,0.018412
17454,0.302518
17455,0.569224
17456,0.414687
17457,0.156726
17458,0.909531
17459,0.700638
17460,0.367753
17461,0.772217
17462,0.403387
17463,0.865241
17464,0.061179
17465,0.071546
17467,0.447221
17468,0.181437
17469,0.471044
17470,0.290129
17472,0.422498
17473,0.205416
17474,0.275817
17475,0.237283
17476,0.822863
17477,0.607547
17478,0.514667
17479,0.282062
17480,0.424776
17481,0.281517
17482,0.186082
17484,0.549601
17485,0.858375
17486,0.345852
17487,0.186960
17488,0.034823
17489,0.801907
17490,0.175126
17491,0.806296
17492,0.375553
17493,0.405253
17494,0.882375
17495,0.624181
17496,0.637470
17497,0.190749
17498,0.592346
17499,0.313918
17501,0.325641
17503,0.290029
17504,0.556623
17505,0.180682
17506,0.283295
17507,0.493222
17508,0.203027
17509,0.133314
17510,0.635925
17511,0.480888
17512,0.970566
17513,0.374797
17514,0.170715
17515,0.710994
17516,0.213371
17517,0.745561
17518,0.423676
17519,0.134759
17520,0.034756
17521,0.901431
17523,0.276917
17524,0.622981
17526,0.409109
17527,0.912665
17528,0.295940
17529,0.853452
17533,0.846530
17534,0.907609
17535,0.239994
17536,0.517956
17538,0.785440
17540,0.194971
17541,0.200827
17542,0.329507
17543,0.847863
17545,0.167493
17546,0.652359
17548,0.272262
17549,0.754506
17550,0.891420
17552,0.762106
17553,0.311296
17554,0.639159
17555,0.883586
17556,0.508845
17557,0.750950
17558,0.816363
17559,0.215383
17560,0.157659
17561,0.273295
17562,0.835374
17563,0.668259
17564,0.489166
17565,0.778340
17566,0.299007
17567,0.553857
17568,0.435765
17569,0.323085
17571,0.211605
17573,0.846674
17574,0.278928
17575,0.229361
17576,0.714283
17577,0.205171
17578,0.917743
17579,0.220138
17580,0.176948
17581,0.295740
17583,0.392086
17584,0.289940
17586,0.664370
17588,0.127192
17589,0.668682
17590,0.862964
17591,0.655459
17592,0.954310
17593,0.786451
17596,0.543168
17597,0.414131
17600,0.978311
17602,0.364464
17603,0.756506
17604,0.217194
17606,0.262773
17607,0.632370
17608,0.809274
17609,0.265717
17610,0.411942
17611,0.558557
17612,0.244350
17613,0.403653
17614,0.879153
17615,0.500944
17617,0.940621
17618,0.241028
17619,0.399098
17620,0.542501
17621,0.408842
17624,0.127747
17625,0.284440
17626,0.245217
17627,0.964344
17628,0.598458
17629,0.158770
17630,0.903965
17631,0.524523
17632,0.794618
17633,0.651637
17635,0.149481
17637,0.104769
17638,0.456577
17639,0.376097
17640,0.907242
17641,0.746839
17643,0.712394
17644,0.659392
17645,0.620992
17646,0.558012
17647,0.701216
17648,0.881231
17649,0.560146
17650,0.706905
17651,0.275717
17653,0.782028
17654,0.891609
17655,0.519445
17656,0.318096
17657,0.047368
17658,0.533079
17659,0.946732
17661,0.192549
17662,0.160737
17663,0.943499
17664,0.609247
17665,0.945499
17666,0.756661
17667,0.887086
17668,0.853963
17669,0.349763
17670,0.534912
17671,0.605780
17673,0.793307
17674,0.643659
17675,0.265506
17676,0.282328
17677,0.446188
17678,0.244694
17680,0.919865
17681,0.649514
17682,0.698271
17683,0.938176
17684,0.909998
17685,0.430221
17686,0.449043
17687,0.361186
17688,0.934954
17689,0.735327
17690,0.278762
17691,0.472333
17692,0.271017
17694,0.347663
17695,0.267317
17698,0.357852
17699,0.675082
17701,0.179371
17702,0.659815
17703,0.793240
17704,0.731383
17705,0.200093
17706,0.295673
17707,0.849741
17708,0.499133
17709,0.306662
17711,0.913565
17712,0.599691
17713,0.456199
17714,0.831418
17715,0.865430
17716,0.672015
17717,0.368586
17719,0.845108
17720,0.893431
17721,0.902353
17722,0.225727
17723,0.347030
17724,0.087280
17725,0.671915
17726,0.824274
17727,0.654781
17728,0.800951
17729,0.671470
17730,0.154937
17731,0.664093
17732,0.231927
17733,0.530756
17734,0.194049
17735,0.317907
17736,0.231561
17737,0.885809
17738,0.285673
17740,0.751039
17741,0.072213
17742,0.875631
17743,0.037479
17744,0.811307
17745,0.230227
17746,0.358264
17747,0.299529
17748,0.915565
17749,0.761484
17750,0.804307
17751,0.439899
17752,0.661537
17753,0.857141
17754,0.264828
17755,0.326729
17756,0.627203
17757,0.068524
17758,0.755039
17759,0.477866
17760,0.772084
17761,0.411720
17762,0.260184
17763,0.343174
17764,0.672293
17765,0.253839
17766,0.692993
17767,0.454932
17769,0.751306
17770,0.792784
17771,0.629492
17772,0.364253
17773,0.364408
17774,0.793318
17775,0.801596
17776,0.463910
17777,0.065535
17778,0.714338
17779,0.216227
17780,0.616358
17781,0.235439
17782,0.344830
17783,0.504222
17784,0.821374
17786,0.306396
17787,0.628047
17788,0.420620
17789,0.246617
17790,0.232261
17791,0.848041
17792,0.278840
17795,0.859052
17796,0.716016
17797,0.638081
17798,0.589124
17799,0.330252
17800,0.785817
17801,0.268506
17802,0.601402
17803,0.642114
17804,0.192582
17805,0.918443
17806,0.237839
17807,0.883542
17808,0.902820
17809,0.182482
17810,0.936987
17811,0.306018
17812,0.949577
17813,0.325363
17814,0.185160
17815,0.208294
17816,0.662259
17817,0.145470
17818,0.878397
17819,0.164093
17820,0.320374
17821,0.746928
17822,0.318229
17823,0.593335
17824,0.132870
17825,0.774117
17826,0.883675
17827,0.227138
17828,0.870542
17829,0.964210
17830,0.329141
17831,0.902553
17832,0.630447
17833,0.665226
17834,0.030212
17835,0.540534
17836,0.859230
17837,0.217160
17838,0.185537
17840,0.927821
17841,0.322474
17843,0.144637
17845,0.893164
17846,0.097847
17847,0.928498
17848,0.244761
17849,0.692171
17850,0.698004
17851,0.467277
17852,0.875608
17853,0.231327
17854,0.780273
17855,0.414854
17856,0.529345
17857,0.344141
17858,0.804640
17859,0.145570
17860,0.800140
17861,0.821429
17862,0.288795
17863,0.549079
17864,0.618480
17865,0.171270
17866,0.789073
17867,0.288984
17868,0.582646
17869,0.166470
17870,0.246017
17871,0.170237
17872,0.147703
17873,0.823574
17874,0.518789
17875,0.177482
17876,0.379442
17877,0.586813
17878,0.461510
17879,0.647259
17880,0.268084
17881,0.422465
17883,0.065213
17885,0.690815
17886,0.756872
17887,0.690549
17888,0.844530
17889,0.590558
17890,0.776728
17891,0.244250
17892,0.847819
17895,0.784995
17896,0.704271
17897,0.680593
17898,0.431165
17900,0.332141
17901,0.747606
17902,0.849730
17904,0.369164
17905,0.334541
17906,0.388998
17907,0.161381
17908,0.507789
17909,0.835530
17911,0.269173
17912,0.627403
17913,0.346863
17914,0.245128
17915,0.223238
17917,0.044168
17918,0.436787
17919,0.692960
17920,0.776551
17921,0.808718
17923,0.926943
17924,0.308140
17925,0.197071
17926,0.117080
17927,0.718405
17928,0.174293
17929,0.229383
17930,0.307218
17931,0.886153
17932,0.150226
17933,0.259828
17934,0.280440
17935,0.474088
17936,0.278984
17937,0.108614
17938,0.437487
17939,0.640525
17940,0.167126
17941,0.379508
17942,0.265750
17943,0.922965
17944,0.895753
17945,0.170126
17946,0.196371
17947,0.330896
17948,0.911276
17949,0.668859
17950,0.164581
17951,0.171648
17952,0.240083
17953,0.716827
17954,0.862975
17955,0.865219
17956,0.388898
17957,0.186026
17958,0.838763
17959,0.413709
17961,0.874197
17962,0.338319
17963,0.309318
17964,0.218338
17965,0.219694
17966,0.306307
17969,0.638892
17970,0.854208
17971,0.873519
17972,0.174571
17973,0.317496
17974,0.136603
17975,0.305873
17976,0.771295
17979,0.267973
17980,0.505033
17981,0.596269
17983,0.267528
17984,0.220594
17985,0.306507
17986,0.163615
17987,0.368797
17988,0.568657
17989,0.905853
17990,0.496878
17991,0.725616
17993,0.413354
17994,0.356941
17996,0.372886
17997,0.340408
17998,0.377419
18000,0.265128
18002,0.426443
18003,0.292784
18004,0.140803
18005,0.939921
18006,0.839841
18007,0.571835
18008,0.671082
18009,0.038968
18010,0.179437
18011,0.637125
18014,0.569079
18015,0.774617
18016,0.858386
18017,0.211682
18018,0.772839
18019,0.249117
18020,0.296107
18021,0.887764
18022,0.459032
18023,0.516945
18024,0.784840
18025,0.348708
18026,0.579735
18027,0.628270
18028,0.464733
18029,0.797318
18030,0.488466
18031,0.158815
18032,0.704816
18033,0.328385
18034,0.733772
18036,0.213383
18038,0.777740
18039,0.256917
18040,0.067902
18041,0.934832
18042,0.802484
18043,0.738683
18044,0.691815
18045,0.300196
18046,0.539912
18047,0.274962
18048,0.412743
18049,0.674759
18050,0.068179
18052,0.681404
18053,0.576813
18054,0.688071
18055,0.074479
18056,0.844863
18057,0.232616
18058,0.951921
18059,0.456188
18060,0.715749
18061,0.321196
18062,0.694282
18064,0.563057
18065,0.350163
18066,0.173604
18067,0.101069
18069,0.413176
18070,0.576113
18071,0.338019
18072,0.976811
18073,0.220683
18074,0.404476
18075,0.249317
18076,0.223049
18078,0.748783
18079,0.314918
18080,0.826574
18081,0.923721
18082,0.685649
18083,0.476666
18084,0.184304
18085,0.738683
18086,0.811762
18088,0.512367
18089,0.394098
18090,0.207471
18092,0.791484
18093,0.509200
18095,0.179182
18096,0.731750
18097,0.327574
18098,0.194238
18099,0.674971
18100,0.017534
18101,0.030456
18102,0.371853
18103,0.864964
18104,0.626314
18105,0.337241
18106,0.864953
18108,0.251917
18109,0.854530
18110,0.785284
18111,0.565735
18112,0.828485
18113,0.389342
18114,0.413587
18115,0.653526
18116,0.726083
18117,0.308529
18118,0.148670
18119,0.646037
18120,0.208182
18121,0.334430
18122,0.141814
18123,0.219183
18124,0.276562
18125,0.803651
18126,0.243094
18127,0.702849
18128,0.599769
18130,0.683171
18131,0.820363
18132,0.131370
18133,0.052690
18134,0.775839
18136,0.901953
18137,0.879642
18138,0.180460
18140,0.015023
18141,0.852863
18142,0.661381
18143,0.310274
18144,0.304207
18145,0.220349
18146,0.332730
18147,0.484833
18148,0.625181
18149,0.407165
18150,0.826607
18152,0.253906
18153,0.672604
18154,0.168726
18155,0.708738
18156,0.330430
18157,0.612903
18158,0.232605
18159,0.301196
18160,0.817640
18161,0.218938
18162,0.357475
18163,0.487000
18164,0.840830
18165,0.168959
18166,0.193938
18167,0.595724
18168,0.083591
18169,0.427543
18170,0.858408
18173,0.431654
18174,0.531467
18175,0.379120
18176,0.307696
18177,0.935076
18178,0.695315
18179,0.540379
18180,0.601947
18181,0.878886
18182,0.854141
18183,0.788851
18184,0.440332
18186,0.346830
18187,0.534534
18188,0.199349
18189,0.853297
18190,0.439399
18191,0.288484
18192,0.553679
18193,0.822618
18194,0.510645
18195,0.217483
18196,0.807851
18197,0.637492
18198,0.844485
18199,0.662015
18200,0.741450
18201,0.230594
18202,0.808296
18204,0.080302
18205,0.673682
18206,0.910854
18207,0.688215
18208,0.390009
18209,0.026134
18210,0.296729
18211,0.044568
18213,0.887209
18214,0.901509
18215,0.070713
18216,0.513267
18217,0.684504
18218,0.779762
18220,0.274795
18221,0.677804
18222,0.589324
18223,0.483266
18224,0.862075
18225,0.197093
18226,0.497578
18229,0.534090
18230,0.731316
18231,0.198927
18233,0.622603
18234,0.060857
18235,0.204338
18236,0.581424
18237,0.774195
18238,0.442110
18239,0.401087
18240,0.216394
18241,0.748806
18242,0.316851
18244,0.104125
18245,0.156792
18246,0.686337
18248,0.286306
18249,0.306918
18250,0.395320
18251,0.608847
18253,0.238328
18254,0.796151
18255,0.130636
18256,0.932599
18257,0.861719
18258,0.088158
18259,0.088680
18260,0.605836
18261,0.816007
18262,0.255217
18263,0.823952
18264,0.887820
18265,0.338485
18266,0.258784
18268,0.391953
18269,0.174871
18271,0.529212
18272,0.867930
18273,0.962177
18274,0.855375
18275,0.647859
18276,0.771128
18277,0.574824
18278,0.609514
18279,0.635736
18280,0.583480
18281,0.470755
18282,0.781617
18283,0.668537
18284,0.387642
18285,0.485844
18286,0.646703
18287,0.673426
18288,0.460510
18291,0.899242
18292,0.165481
18293,0.821507
18294,0.134225
18295,0.264806
18298,0.010345
18299,0.005022
18300,0.790240
18301,0.677182
18302,0.841196
18303,0.928565
18304,0.353708
18306,0.068602
18307,0.280217
18309,0.299729
18310,0.569290
18311,0.806496
18312,0.337085
18313,0.269262
18315,0.839730
18318,0.064990
18319,0.736383
18320,0.713438
18321,0.625236
18322,0.823952
18323,0.850897
18324,0.256295
18326,0.886942
18327,0.239172
18328,0.523489
18330,0.850274
18331,0.366830
18332,0.331330
18333,0.665870
18334,0.824741
18335,0.730850
18336,0.402742
18337,0.850241
18338,0.780062
18339,0.792206
18341,0.923021
18343,0.341930
18344,0.832552
18345,0.475633
18346,0.800462
18347,0.418887
18348,0.522356
18349,0.141870
18350,0.284362
18351,0.239650
18352,0.440243
18353,0.764339
18354,0.744161
18355,0.244483
18356,0.449221
18357,0.101402
18360,0.778706
18361,0.129570
18362,0.604869
18363,0.664181
18364,0.254395
18365,0.295073
18366,0.772673
18367,0.760495
18368,0.970855
18369,0.169026
18370,0.257917
18371,0.468410
18372,0.285362
18373,0.355075
18374,0.497867
18375,0.951854
18376,0.506222
18377,0.178182
18378,0.421776
18380,0.505433
18381,0.787918
18382,0.058812
18383,0.211627
18384,0.856808
18385,0.116491
18386,0.589324
18387,0.249761
18388,0.336452
18389,0.387342
18390,0.083402
18391,0.144848
18392,0.755683
18393,0.561679
18394,0.586757
18395,0.279351
18396,0.831052
18397,0.316607
18398,0.154881
18399,0.853852
18400,0.756961
18401,0.766361
18402,0.915009
18404,0.692738
18405,0.830752
18406,0.292484
18407,0.884664
18408,0.729972
18410,0.168926
18411,0.339985
18412,0.481066
18413,0.118192
18414,0.948599
18415,0.297718
18416,0.420165
18417,0.210527
18418,0.893275
18419,0.968588
18420,0.439388
18421,0.727227
18423,0.596580
18424,0.176448
18425,0.322018
18426,0.896387
18428,0.279540
18430,0.856763
18431,0.278051
18432,0.418020
18433,0.736839
18434,0.550168
18435,0.645148
18436,0.067035
18438,0.577513
18439,0.299273
18440,0.541768
18441,0.974655
18442,0.727905
18443,0.200293
18444,0.125703
18445,0.490344
18446,0.666381
18447,0.217749
18448,0.136681
18449,0.585169
18451,0.703138
18452,0.801918
18453,0.732761
18454,0.394164
18455,0.548246
18456,0.341363
18457,0.447388
18458,0.202893
18459,0.862808
18460,0.850174
18461,0.856675
18462,0.949488
18463,0.356486
18464,0.678915
18465,0.562813
18468,0.246294
18469,0.924687
18470,0.352074
18471,0.614747
18472,0.649926
18473,0.530501
18474,0.321629
18475,0.456366
18476,0.584557
18477,0.414465
18478,0.776328
18479,0.697893
18480,0.814074
18481,0.841908
18482,0.418276
18483,0.323329
18484,0.895820
18485,0.834930
18486,0.917598
18487,0.796851
18488,0.134047
18489,0.745017
18490,0.895709
18492,0.813618
18493,0.751872
18494,0.274262
18495,0.903431
18496,0.027978
18497,0.444065
18498,0.325396
18499,0.798596
18500,0.233961
18501,0.403420
18502,0.666559
18503,0.111036
18504,0.809574
18505,0.354852
18506,0.732839
18507,0.344063
18508,0.546545
18509,0.156103
18510,0.772139
18511,0.735350
18512,0.378508
18514,0.333496
18517,0.282706
18518,0.744439
18519,0.326674
18521,0.717560
18522,0.449443
18524,0.782451
18525,0.272462
18526,0.244539
18527,0.343874
18528,0.252783
18529,0.124425
18530,0.067424
18531,0.326818
18533,0.456177
18534,0.793195
18535,0.440021
18536,0.811996
18537,0.885575
18538,0.172793
18539,0.263728
18540,0.357319
18541,0.262684
18542,0.232061
18543,0.279462
18544,0.664337
18545,0.655526
18547,0.901776
18548,0.447899
18549,0.947621
18552,0.493355
18553,0.752206
18554,0.863464
18555,0.350241
18556,0.345719
18557,0.360386
18558,0.494944
18559,0.508767
18560,0.898209
18561,0.865319
18562,0.285517
18563,0.806118
18565,0.175737
18566,0.600413
18567,0.708494
18568,0.336952
18569,0.723716
18570,0.589935
18571,0.320729
18572,0.575879
18573,0.031301
18574,0.574335
18575,0.366653
18576,0.324041
18577,0.341852
18579,0.063357
18580,0.380608
18581,0.579280
18582,0.683137
18583,0.400064
18584,0.649937
18585,0.218405
18586,0.240405
18587,0.852197
18588,0.588246
18589,0.328285
18590,0.147170
18591,0.171582
18592,0.801973
18593,0.030623
18594,0.874308
18596,0.796607
18597,0.797251
18598,0.798796
18599,0.860897
18600,0.180993
18601,0.154715
18603,0.726927
18604,0.461699
18605,0.373097
18606,0.484011
18607,0.916409
18609,0.175759
18610,0.312818
18611,0.204071
18612,0.939276
18613,0.155659
18614,0.959444
18615,0.748306
18616,0.208371
18617,0.660470
18618,0.804085
18619,0.713005
18620,0.307629
18621,0.743683
18623,0.966199
18624,0.030134
18625,0.853508
18626,0.357797
18627,0.822196
18628,0.771028
18630,0.254817
18632,0.465333
18633,0.688482
18634,0.137992
18635,0.881953
18636,0.596891
18637,0.333774
18638,0.540756
18639,0.325496
18641,0.864064
18642,0.189915
18643,0.788695
18644,0.139770
18645,0.670870
18646,0.347663
18647,0.554346
18648,0.871842
18649,0.730161
18650,0.271817
18652,0.282940
18653,0.619269
18654,0.827530
18655,0.155903
18657,0.692215
18658,0.448432
18659,0.422443
18660,0.228972
18661,0.652792
18662,0.623336
18663,0.491155
18664,0.924954
18665,0.976611
18667,0.137548
18668,0.599313
18669,0.842374
18670,0.260850
18671,0.248306
18672,0.640270
18673,0.543445
18674,0.786417
18675,0.143381
18677,0.754783
18679,0.875419
18680,0.743950
18681,0.368675
18682,0.472299
18683,0.265284
18684,0.637725
18685,0.562268
18686,0.374386
18687,0.636703
18688,0.258084
18689,0.613869
18690,0.379731
18691,0.722238
18692,0.376231
18693,0.352575
18694,0.656326
18695,0.174248
18696,0.760028
18697,0.250472
18698,0.240350
18699,0.663615
18700,0.017889
18701,0.205582
18703,0.639270
18704,0.199904
18705,0.778440
18706,0.279517
18707,0.763473
18708,0.655626
18709,0.831752
18710,0.295084
18711,0.246439
18712,0.764173
18713,0.180226
18714,0.657115
18715,0.225516
18716,0.286362
18717,0.133881
18718,0.946532
18719,0.725861
18721,0.183460
18722,0.850919
18723,0.222449
18724,0.590558
18725,0.910842
18726,0.209171
18727,0.505589
18728,0.109425
18729,0.138759
18730,0.792895
18731,0.814840
18732,0.251950
18733,0.795384
18734,0.194327
18735,0.697004
18736,0.856686
18737,0.067313
18738,0.244805
18740,0.895142
18741,0.340574
18743,0.709994
18744,0.157459
18745,0.744905
18746,0.927354
18747,0.282806
18748,0.680148
18749,0.267617
18750,0.678460
18751,0.313618
18752,0.898042
18753,0.194449
18754,0.297618
18756,0.039801
18757,0.265295
18759,0.240494
18760,0.338074
18761,0.914876
18762,0.535756
18763,0.489178
18764,0.206793
18765,0.124047
18766,0.761595
18767,0.950666
18768,0.185671
18770,0.234027
18771,0.759439
18773,0.932143
18774,0.783629
18775,0.447566
18777,0.053323
18778,0.319696
18779,0.506733
18780,0.236839
18781,0.608336
18783,0.037090
18784,0.364841
18785,0.863386
18786,0.667726
18788,0.453566
18789,0.778940
18790,0.680871
18791,0.231738
18792,0.604191
18793,0.892520
18794,0.353897
18795,0.851108
18796,0.233627
18797,0.307929
18799,0.844930
18800,0.337963
18801,0.164693
18802,0.370819
18803,0.766750
18804,0.206827
18805,0.154392
18806,0.287095
18808,0.936032
18809,0.115858
18810,0.212627
18811,0.852252
18814,0.224538
18815,0.211516
18816,0.154781
18817,0.410198
18818,0.686937
18819,0.918498
18820,0.611714
18821,0.054646
18822,0.429365
18824,0.793418
18825,0.399031
18826,0.788851
18827,0.913687
18828,0.882920
18829,0.617614
18830,0.929998
18831,0.381742
18832,0.300307
18833,0.717572
18834,0.442010
18835,0.800884
18836,0.441165
18838,0.613325
18839,0.084846
18840,0.228183
18842,0.746117
18843,0.289318
18844,0.700927
18845,0.188671
18846,0.384031
18847,0.268484
18848,0.807273
18849,0.246494
18850,0.302696
18851,0.869097
18853,0.860708
18854,0.211860
18855,0.369397
18856,0.276595
18857,0.859086
18858,0.518612
18859,0.555746
18861,0.656459
18862,0.456321
18863,0.234172
18864,0.363730
18865,0.639403
18866,0.848552
18867,0.550146
18868,0.116936
18869,0.436865
18870,0.809051
18872,0.941121
18873,0.435021
18874,0.892687
18875,0.931510
18876,0.644848
18877,0.839274
18878,0.260095
18879,0.229072
18880,0.469022
18881,0.568168
18882,0.180871
18883,0.408554
18884,0.712760
18885,0.869997
18886,0.241605
18887,0.945032
18888,0.091813
18889,0.854463
18890,0.207649
18891,0.821818
18893,0.152092
18895,0.378842
18896,0.920820
18897,0.237972
18898,0.536412
18899,0.352875
18900,0.438276
18901,0.595613
18903,0.748350
18904,0.717783
18905,0.159637
18906,0.148303
18907,0.193838
18908,0.201871
18909,0.800529
18910,0.740861
18911,0.187893
18912,0.845185
18913,0.813451
18914,0.227694
18915,0.575068
18916,0.397387
18917,0.037401
18918,0.322729
18919,0.227127
18920,0.502822
18921,0.468644
18922,0.916420
18923,0.277184
18924,0.862830
18925,0.127081
18926,0.801029
18927,0.317985
18928,0.457544
18929,0.967466
18930,0.410142
18931,0.114725
18932,0.378108
18933,0.129547
18934,0.679915
18935,0.150214
18936,0.920043
18938,0.051268
18940,0.266717
18941,0.906787
18942,0.185393
18943,0.251406
18944,0.636881
18945,0.598924
18946,0.473299
18947,0.688104
18948,0.742850
18949,0.114303
18950,0.265173
18951,0.749906
18952,0.795684
18953,0.003933
18954,0.416420
18955,0.597335
18956,0.646770
18957,0.812940
18958,0.211149
18959,0.859075
18962,0.336219
18963,0.256506
18964,0.761084
18965,0.448254
18966,0.243083
18969,0.836196
18970,0.772462
18971,0.230350
18972,0.302962
18976,0.052357
18977,0.554223
18978,0.228738
18979,0.330096
18980,0.877931
18981,0.422332
18982,0.405409
18983,0.605791
18984,0.193349
18985,0.309974
18986,0.844963
18987,0.058190
18988,0.517778
18989,0.147759
18990,0.317785
18991,0.103391
18992,0.858808
18993,0.346774
18994,0.369853
18995,0.786540
18996,0.292384
18997,0.622236
18998,0.972444
18999,0.924376
19000,0.278573
19001,0.375375
19002,0.438543
19003,0.262550
19005,0.572668
19006,0.780195
19007,0.806496
19008,0.943077
19009,0.630025
19010,0.263039
19012,0.821418
19013,0.384509
19014,0.730494
19015,0.738283
19016,0.200616
19017,0.781395
19019,0.434999
19021,0.198138
19022,0.190126
19023,0.352141
19024,0.820040
19025,0.554857
19026,0.273162
19027,0.854530
19028,0.814985
19029,0.350108
19030,0.069179
19031,0.793184
19032,0.472933
19033,0.534923
19034,0.705438
19035,0.960355
19036,0.261606
19037,0.365864
19038,0.171515
19040,0.316251
19041,0.204882
19042,0.462066
19043,0.515389
19044,0.063057
19045,0.232805
19046,0.354263
19048,0.428998
19049,0.433154
19050,0.233261
19051,0.317707
19052,0.685337
19053,0.610636
19054,0.244139
19055,0.698049
19056,0.785729
19057,0.439643
19058,0.628070
19059,0.487811
19060,0.565346
19061,0.249061
19062,0.201804
19063,0.359530
19064,0.231861
19066,0.011156
19067,0.392764
19068,0.409165
19069,0.912420
19070,0.569535
19072,0.227494
19073,0.271439
19074,0.223594
19075,0.439343
19076,0.267161
19077,0.256250
19078,0.421609
19079,0.703827
19080,0.169426
19082,0.116314
19083,0.208060
19084,0.897676
19086,0.355630
19087,0.896831
19088,0.649748
19090,0.100447
19092,0.465299
19093,0.827941
19094,0.123625
19095,0.244805
19097,0.119680
19098,0.839652
19099,0.686893
19100,0.825585
19101,0.590102
19102,0.246594
19103,0.820785
19104,0.667770
19105,0.799551
19106,0.760517
19107,0.180760
19108,0.851541
19109,0.084380
19110,0.836307
19111,0.691126
19113,0.532945
19114,0.354252
19116,0.492022
19117,0.281951
19118,0.814451
19119,0.303585
19121,0.180704
19122,0.445677
19123,0.216694
19124,0.904387
19126,0.316718
19127,0.045545
19128,0.311996
19129,0.881164
19130,0.945399
19131,0.675004
19132,0.481288
19135,0.852563
19136,0.723261
19137,0.205471
19138,0.689082
19139,0.362275
19140,0.780295
19142,0.423232
19143,0.849519
19144,0.369919
19145,0.567868
19146,0.771173
19147,0.664626
19148,0.153659
19149,0.846974
19150,0.561301
19151,0.665448
19152,0.871186
19153,0.717027
19154,0.233016
19155,0.131625
19156,0.781306
19157,0.352697
19158,0.853286
19159,0.674315
19160,0.901453
19161,0.317029
19162,0.842641
19163,0.834841
19164,0.450332
19166,0.245205
19167,0.235927
19168,0.966377
19169,0.186571
19170,0.696849
19171,0.511967
19172,0.081291
19173,0.829574
19174,0.535601
19175,0.881420
19176,0.725327
19177,0.150248
19178,0.638436
19180,0.961221
19181,0.924676
19182,0.567868
19183,0.299273
19184,0.790351
19185,0.707005
19186,0.841774
19187,0.673037
19188,0.871530
19189,0.256295
19190,0.475922
19191,0.702127
19192,0.615336
19193,0.309151
19194,0.740861
19196,0.249361
19197,0.633481
19198,0.478977
19199,0.809229
19200,0.097569
19201,0.464444
19202,0.338308
19203,0.338030
19204,0.147670
19205,0.254161
19206,0.948477
19207,0.375619
19208,0.797751
19209,0.612080
19210,0.088735
19211,0.421298
19212,0.453910
19213,0.383153
19214,0.408754
19215,0.479477
19216,0.050690
19217,0.355841
19218,0.589946
19219,0.898564
19220,0.436310
19221,0.721005
19222,0.339063
19224,0.622736
19225,0.889820
19226,0.412687
19227,0.195560
19228,0.213516
19229,0.142181
19230,0.919276
19231,0.328718
19232,0.135503
19233,0.342208
19234,0.431321
19235,0.372497
19236,0.078591
19237,0.951377
19238,0.719738
19239,0.262928
19243,0.939432
19245,0.599747
19246,0.709771
19247,0.798351
19248,0.421098
19249,0.868019
19250,0.214905
19251,0.124103
19252,0.617547
19254,0.118514
19255,0.539179
19256,0.575968
19257,0.105036
19258,0.806451
19259,0.146892
19260,0.749406
19261,0.232494
19262,0.806173
19263,0.221916
19264,0.414587
19265,0.807596
19266,0.223327
19267,0.137192
19269,0.051390
19270,0.471888
19271,0.676571
19272,0.416420
19273,0.342085
19274,0.883986
19275,0.366930
19276,0.554001
19277,0.103647
19278,0.144948
19279,0.883853
19280,0.618625
19281,0.708194
19282,0.787629
19283,0.894809
19284,0.582068
19285,0.165415
19287,0.616480
19288,0.255861
19289,0.703716
19290,0.304807
19291,0.987089
19293,0.658615
19294,0.050012
19295,0.839630
19296,0.075113
19297,0.286506
19298,0.965933
19299,0.163804
19301,0.265317
19302,0.659681
19303,0.850541
19304,0.206605
19305,0.822218
19306,0.988411
19307,0.128181
19308,0.926054
19309,0.781117
19310,0.167137
19311,0.373997
19313,0.374342
19314,0.296184
19315,0.878220
19316,0.770895
19317,0.232038
19318,0.190649
19319,0.609314
19320,0.791951
19321,0.313729
19322,0.680660
19323,0.831407
19324,0.253228
19325,0.987944
19326,0.322240
19327,0.146314
19328,0.807396
19330,0.337852
19331,0.406220
19332,0.161981
19333,0.381975
19334,0.303551
19335,0.119714
19336,0.785740
19337,0.292729
19338,0.725894
19339,0.756239
19340,0.488978
19341,0.105713
19342,0.757550
19343,0.721772
19344,0.281117
19345,0.127892
19346,0.636470
19347,0.633014
19348,0.176393
19349,0.102813
19351,0.368730
19352,0.653103
19353,0.485044
19354,0.220560
19355,0.934076
19356,0.420965
19357,0.208727
19358,0.606613
19359,0.107725
19360,0.587057
19362,0.291918
19363,0.778128
19364,0.844330
19365,0.320640
19366,0.125469
19367,0.289673
19368,0.183993
19369,0.527712
19370,0.693349
19371,0.451532
19373,0.765839
19374,0.277506
19375,0.823707
19376,0.599680
19377,0.419020
19378,0.381897
19379,0.106502
19381,0.626914
19382,0.772462
19383,0.904742
19384,0.313318
19385,0.735139
19386,0.012222
19387,0.179660
19388,0.738739
19389,0.475799
19390,0.136870
19391,0.170670
19392,0.101380
19393,0.930898
19394,0.751417
19395,0.150448
19397,0.578180
19398,0.951443
19399,0.341496
19400,0.522412
19401,0.329418
19402,0.250950
19403,0.885853
19404,0.487800
19405,0.163126
19407,0.264317
19409,0.102547
19410,0.422665
19411,0.321574
19412,0.533556
19413,0.100224
19414,0.308540
19415,0.237805
19416,0.827152
19417,0.935032
19418,0.250106
19419,0.313151
19421,0.663193
19422,0.266350
19423,0.307196
19424,0.730538
19425,0.345730
19426,0.603480
19427,0.482733
19429,0.581091
19430,0.242839
19431,0.159081
19432,0.338074
19434,0.965144
19435,0.888753
19436,0.334063
19437,0.789795
19438,0.664959
19439,0.213438
19440,0.010511
19441,0.256861
19442,0.355419
19444,0.421543
19445,0.293140
19446,0.831430
19447,0.393220
19448,0.385786
19449,0.515967
19450,0.358175
19451,0.851841
19452,0.306673
19453,0.366819
19456,0.770106
19457,0.517889
19458,0.786317
19459,0.337819
19460,0.133759
19461,0.777417
19462,0.329796
19463,0.089435
19464,0.293429
19465,0.667615
19466,0.829007
19467,0.773217
19468,0.244050
19469,0.941721
19470,0.938699
19471,0.818374
19472,0.200371
19473,0.876953
19474,0.811196
19475,0.917365
19476,0.495455
19477,0.225449
19478,0.455121
19479,0.248439
19480,0.773884
19481,0.195160
19483,0.274406
19484,0.633247
19486,0.127303
19487,0.557079
19488,0.373175
19489,0.490722
19490,0.720672
19491,0.743605
19493,0.148648
19495,0.361841
19496,0.258450
19498,0.252683
19499,0.652059
19500,0.687260
19501,0.909487
19502,0.299773
19504,0.532245
19505,0.092691
19506,0.345163
19507,0.153481
19508,0.818174
19509,0.122569
19510,0.555201
19512,0.498189
19513,0.175637
19514,0.879186
19515,0.627314
19516,0.874986
19518,0.517667
19519,0.153015
19520,0.165004
19522,0.344752
19523,0.481255
19524,0.813185
19525,0.511711
19526,0.199804
19527,0.230850
19528,0.710238
19529,0.209038
19530,0.297273
19531,0.186626
19532,0.415365
19533,0.255428
19534,0.214960
19535,0.226861
19536,0.635492
19537,0.814396
19538,0.825207
19539,0.198549
19540,0.806273
19542,0.922798
19543,0.757850
19545,0.302029
19546,0.242961
19547,0.144048
19548,0.171859
19549,0.665304
19551,0.758239
19552,0.346030
19553,0.300196
19554,0.752517
19555,0.314251
19556,0.730483
19557,0.194115
19558,0.572568
19559,0.227349
19560,0.102213
19561,0.782306
19562,0.458121
19563,0.374464
19564,0.777228
19565,0.383109
19568,0.503467
19569,0.825396
19570,0.123336
19571,0.146625
19572,0.754439
19573,0.201882
19574,0.913843
19575,0.903709
19576,0.359097
19578,0.898653
19579,0.579480
19580,0.327141
19581,0.639781
19582,0.100824
19583,0.139236
19585,0.858764
19586,0.758906
19587,0.210060
19589,0.763261
19590,0.933643
19591,0.274328
19592,0.883786
19593,0.313218
19594,0.410709
19596,0.629758
19597,0.664193
19598,0.199260
19599,0.756417
19600,0.286317
19601,0.471110
19602,0.512256
19603,0.608102
19604,0.345608
19605,0.798718
19606,0.565257
19607,0.824663
19609,0.386864
19610,0.255939
19611,0.157915
19612,0.531267
19613,0.745239
19614,0.243594
19617,0.150114
19618,0.228961
19619,0.783229
19620,0.337330
19621,0.067868
19623,0.719349
19624,0.532367
19625,0.660259
19626,0.253595
19627,0.977944
19629,0.945165
19630,0.239705
19631,0.343708
19632,0.232050
19634,0.700693
19635,0.287095
19636,0.058857
19638,0.303618
19639,0.041779
19641,0.223049
19642,0.387886
19643,0.761317
19644,0.679160
19645,0.759617
19646,0.618425
19647,0.303518
19648,0.295984
19649,0.391186
19650,0.480877
19651,0.241194
19653,0.729050
19654,0.188460
19655,0.909931
19656,0.883242
19657,0.262884
19658,0.885586
19659,0.918076
19660,0.792862
19661,0.430010
19662,0.144414
19663,0.521500
19664,0.260939
19665,0.948277
19666,0.302507
19667,0.763106
19668,0.794762
19670,0.819463
19672,0.625125
19675,0.813351
19676,0.933687
19677,0.030912
19678,0.898709
19679,0.407231
19680,0.296840
19681,0.460444
19682,0.939021
19683,0.704493
19684,0.075746
19685,0.399031
19686,0.884375
19687,0.930210
19688,0.335930
19690,0.806129
19691,0.188004
19692,0.228494
19693,0.645537
19695,0.403476
19696,0.194260
19697,0.131425
19698,0.196904
19699,0.334196
19701,0.327196
19702,0.920987
19703,0.803673
19704,0.279128
19705,0.331374
19707,0.245828
19708,0.152314
19709,0.273639
19711,0.543279
19712,0.544612
19713,0.223972
19714,0.130670
19715,0.733927
19716,0.636425
19717,0.908576
19718,0.926754
19720,0.126647
19721,0.779128
19722,0.311151
19723,0.703471
19724,0.610280
19725,0.619425
19726,0.895764
19728,0.819763
19729,0.817896
19730,0.464199
19731,0.766106
19732,0.870775
19733,0.906542
19734,0.498167
19735,0.679560
19736,0.481500
19737,0.213727
19739,0.593491
19740,0.106325
19741,0.598558
19742,0.446499
19743,0.066757
19744,0.844985
19745,0.739661
19746,0.280173
19747,0.182126
19748,0.710049
19749,0.824741
19750,0.349652
19753,0.092847
19754,0.829441
19755,0.265095
19756,0.554579
19757,0.735827
19758,0.625403
19759,0.922565
19760,0.187349
19761,0.114703
19762,0.267739
19763,0.324929
19764,0.247883
19765,0.983233
19766,0.429932
19767,0.516589
19768,0.733894
19769,0.605858
19770,0.640148
19772,0.356897
19773,0.880008
19774,0.525445
19776,0.957199
19777,0.176393
19778,0.398453
19779,0.287329
19780,0.410198
19781,0.879420
19782,0.369508
19783,0.329596
19784,0.448054
19785,0.293151
19786,0.486600
19787,0.632258
19788,0.214449
19789,0.810785
19790,0.108669
19791,0.655726
19792,0.773806
19793,0.418798
19794,0.339430
19795,0.595202
19796,0.331474
19797,0.647059
19798,0.592013
19799,0.566579
19800,0.243950
19801,0.241861
19802,0.834330
19803,0.640125
19804,0.068079
19805,0.778128
19806,0.169126
19807,0.247806
19808,0.465255
19809,0.132603
19810,0.286640
19811,0.676504
19812,0.876331
19813,0.113758
19814,0.054868
19815,0.436221
19816,0.094247
19817,0.817663
19818,0.103125
19819,0.662248
19821,0.330674
19823,0.271195
19825,0.211105
19826,0.453166
19827,0.574913
19828,0.207827
19829,0.768606
19830,0.583724
19831,0.872330
19833,0.782562
19834,0.345608
19836,0.328607
19837,0.719738
19839,0.818718
19840,0.616014
19841,0.513856
19843,0.540456
19844,0.567824
19845,0.292584
19846,0.640481
19848,0.886486
19850,0.357197
19851,0.190826
19852,0.331830
19853,0.377186
19854,0.139803
19855,0.410798
19856,0.334152
19858,0.030712
19859,0.792440
19860,0.020300
19861,0.604347
19863,0.173548
19864,0.517445
19865,0.165893
19866,0.269350
19868,0.910109
19869,0.212082
19870,0.488622
19871,0.777695
19873,0.865741
19874,0.715894
19875,0.437054
19876,0.717549
19877,0.105402
19878,0.112647
19879,0.772317
19880,0.928465
19882,0.550334
19883,0.939699
19884,0.864230
19885,0.696215
19887,0.710038
19888,0.300107
19889,0.445188
19890,0.515189
19891,0.212005
19892,0.338874
19893,0.465033
19894,0.115803
19895,0.596402
19896,0.495044
19897,0.825963
19898,0.337741
19899,0.797440
19900,0.636792
19901,0.565190
19902,0.366353
19903,0.297529
19904,0.129047
19905,0.535201
19906,0.196927
19907,0.621269
19908,0.453643
19909,0.280362
19910,0.491355
19911,0.947388
19912,0.943677
19913,0.228594
19915,0.301140
19916,0.086913
19917,0.596347
19918,0.090380
19919,0.675893
19920,0.889420
19921,0.187049
19922,0.354697
19923,0.813396
19924,0.322618
19925,0.676837
19926,0.508500
19927,0.791551
19928,0.306007
19929,0.566579
19930,0.927043
19931,0.237672
19932,0.286962
19933,0.713916
19934,0.403742
19936,0.286784
19937,0.853163
19938,0.272062
19939,0.183871
19940,0.359697
19941,0.855686
19943,0.854119
19944,0.658015
19945,0.274262
19946,0.929087
19947,0.244061
19950,0.290184
19951,0.227049
19952,0.091158
19954,0.228316
19955,0.466788
19956,0.428587
19957,0.269917
19958,0.987578
19959,0.758139
19960,0.894931
19961,0.480988
19963,0.386297
19964,0.787629
19965,0.988733
19966,0.549368
19967,0.833585
19968,0.633981
19970,0.811496
19971,0.264406
19972,0.543068
19973,0.271617
19974,0.139381
19975,0.194393
19976,0.758639
19977,0.261061
19978,0.209805
19979,0.073613
19980,0.363230
19981,0.449232
19982,0.751317
19983,0.608936
19984,0.787306
19985,0.292362
19986,0.491144
19987,0.167070
19989,0.218305
19990,0.174804
19991,0.104058
19992,0.479444
19993,0.269228
19994,0.823985
19995,0.033601
19996,0.094547
19997,0.806173
19998,0.257461
19999,0.671670
20000,0.461366
20001,0.294573
20002,0.775228
20005,0.643748
20006,0.927498
20007,0.332396
20008,0.209460
20009,0.827307
20010,0.799573
20011,0.785273
20012,0.622681
20013,0.232016
20014,0.827785
20016,0.254739
20017,0.449710
20018,0.322707
20019,0.574735
20020,0.484122
20021,0.764995
20022,0.584369
20023,0.306985
20024,0.542657
20025,0.396109
20026,0.909842
20027,0.715094
20028,0.362897
20029,0.213183
20031,0.249983
20032,0.760584
20033,0.516556
20035,0.726661
20037,0.918120
20038,0.419854
20039,0.693560
20040,0.865975
20041,0.078257
20042,0.259272
20043,0.789340
20044,0.273084
20045,0.830541
20046,0.780851
20048,0.872286
20049,0.582091
20050,0.597035
20051,0.931854
20052,0.168748
20053,0.217927
20054,0.219160
20055,0.293473
20056,0.130670
20057,0.828418
20058,0.963033
20059,0.145059
20061,0.117336
20062,0.270750
20063,0.852241
20064,0.700760
20065,0.604191
20066,0.783384
20067,0.587069
20068,0.752572
20069,0.852252
20070,0.437899
20071,0.824063
20072,0.751083
20073,0.669904
20074,0.230005
20075,0.624992
20076,0.905765
20077,0.907965
20078,0.657092
20079,0.205405
20080,0.683060
20081,0.254328
20082,0.851674
20084,0.213249
20087,0.645970
20088,0.737250
20090,0.654792
20091,0.843497
20092,0.168082
20093,0.266228
20094,0.092469
20095,0.896064
20096,0.332719
20097,0.273617
20098,0.800029
20099,0.757717
20100,0.816496
20101,0.612425
20102,0.826529
20103,0.765161
20104,0.399676
20105,0.271862
20106,0.872486
20108,0.820552
20109,0.130903
20110,0.130436
20111,0.427532
20112,0.417954
20113,0.218149
20115,0.845597
20116,0.436554
20117,0.868508
20119,0.664293
20120,0.083902
20121,0.629814
20122,0.490455
20124,0.652192
20125,0.893753
20126,0.841785
20127,0.143170
20128,0.137936
20130,0.448421
20131,0.676682
20132,0.154359
20133,0.350497
20135,0.680004
20136,0.107202
20137,0.862575
20138,0.969633
20139,0.683971
20140,0.380242
20141,0.380075
20142,0.511311
20143,0.448721
20144,0.641592
20145,0.460999
20146,0.288351
20148,0.571390
20149,0.832619
20150,0.223949
20152,0.178515
20153,0.346208
20154,0.118314
20156,0.305762
20157,0.273951
20158,0.282873
20159,0.901653
20160,0.510867
20162,0.961821
20164,0.248261
20165,0.914709
20166,0.151248
20167,0.644914
20168,0.823585
20169,0.652359
20170,0.866875
20171,0.770773
20172,0.549190
20173,0.808796
20174,0.943554
20176,0.696404
20178,0.562457
20179,0.262706
20180,0.489666
20181,0.260106
20182,0.810762
20183,0.939588
20185,0.545345
20186,0.236705
20187,0.905820
20188,0.330407
20190,0.113680
20191,0.247061
20192,0.757161
20193,0.293151
20194,0.944577
20195,0.791484
20196,0.423743
20197,0.816651
20198,0.191649
20199,0.223538
20200,0.905042
20201,0.452199
20202,0.888820
20203,0.517878
20204,0.829574
20206,0.875375
20207,0.540401
20208,0.421165
20209,0.320807
20210,0.320429
20211,0.420387
20213,0.300218
20214,0.754050
20215,0.858919
20217,0.475088
20218,0.887686
20219,0.668770
20220,0.151637
20221,0.238005
20222,0.728683
20223,0.171537
20224,0.357964
20225,0.645037
20226,0.681615
20227,0.139459
20228,0.120380
20229,0.869953
20230,0.420676
20231,0.357541
20232,0.205449
20233,0.607536
20234,0.941765
20235,0.894031
20236,0.829441
20238,0.405931
20239,0.303618
20240,0.803962
20241,0.670682
20242,0.026234
20245,0.706560
20246,0.225772
20247,0.425309
20249,0.401176
20250,0.352563
20251,0.909187
20252,0.526878
20253,0.862019
20254,0.745550
20255,0.768150
20256,0.392431
20257,0.905120
20259,0.252939
20260,0.449243
20261,0.587602
20262,0.508178
20263,0.824063
20264,0.559790
20265,0.331863
20266,0.308596
20268,0.514823
20269,0.325252
20270,0.691104
20271,0.459877
20272,0.781640
20273,0.763928
20274,0.911276
20275,0.296107
20276,0.341619
20277,0.753606
20278,0.318496
20279,0.821607
20280,0.846774
20281,0.987933
20282,0.815318
20283,0.665548
20284,0.939276
20285,0.290973
20286,0.968910
20287,0.783362
20288,0.729116
20289,0.514111
20291,0.689971
20292,0.135103
20295,0.939388
20296,0.286417
20297,0.538456
20298,0.147603
20299,0.254195
20300,0.971555
20301,0.404076
20302,0.241016
20303,0.313774
20304,0.209660
20305,0.378131
20306,0.292795
20307,0.186171
20308,0.138636
20309,0.117403
20310,0.406031
20311,0.318763
20312,0.340185
20313,0.170448
20314,0.827552
20315,0.597691
20316,0.573502
20317,0.250672
20318,0.815540
20319,0.323552
20320,0.324929
20321,0.844252
20322,0.318885
20323,0.242705
20325,0.487844
20326,0.179171
20327,0.814507
20328,0.946432
20329,0.136870
20330,0.296151
20331,0.399564
20332,0.813407
20333,0.255317
20334,0.671959
20335,0.298840
20336,0.309040
20337,0.638936
20338,0.654703
20339,0.332696
20340,0.731605
20341,0.458088
20343,0.904153
20344,0.850941
20345,0.670393
20346,0.204949
20347,0.330730
20348,0.689315
20349,0.287162
20350,0.695282
20351,0.687804
20352,0.178826
20353,0.658559
20354,0.192982
20356,0.302773
20357,0.240350
20358,0.623814
20359,0.920676
20360,0.569235
20361,0.217405
20362,0.593947
20363,0.824418
20364,0.431832
20365,0.203849
20366,0.371030
20367,0.918832
20368,0.437199
20369,0.346241
20370,0.282351
20371,0.669137
20373,0.308451
20374,0.737605
20376,0.922198
20377,0.398298
20380,0.865930
20381,0.179004
20382,0.853841
20383,0.606702
20384,0.260584
20385,0.325618
20387,0.455921
20388,0.649937
20389,0.535445
20390,0.143114
20391,0.372475
20392,0.145414
20393,0.403187
20394,0.901498
20395,0.269228
20396,0.835185
20397,0.650703
20398,0.768539
20399,0.190382
20400,0.769617
20401,0.590624
20402,0.572568
20403,0.213716
20405,0.491811
20406,0.726238
20407,0.921598
20408,0.244550
20409,0.239539
20410,0.362019
20411,0.707238
20412,0.473677
20413,0.400909
20415,0.636670
20416,0.690904
20417,0.291195
20418,0.342385
20419,0.473088
20420,0.522345
20421,0.821640
20422,0.161259
20423,0.646503
20424,0.856075
20425,0.267361
20426,0.498089
20427,0.601869
20428,0.372664
20429,0.120214
20430,0.689971
20431,0.906609
20432,0.925243
20433,0.248083
20435,0.628425
20436,0.310629
20437,0.837063
20439,0.136514
20440,0.217027
20441,0.373142
20442,0.790495
20443,0.261195
20444,0.254572
20445,0.342074
20446,0.706460
20447,0.381097
20448,0.503356
20449,0.765006
20450,0.931643
20451,0.130803
20452,0.764639
20453,0.859930
20455,0.750672
20456,0.488244
20457,0.079746
20460,0.314029
20462,0.546901
20463,0.911498
20465,0.814763
20466,0.714394
20467,0.033523
20468,0.443565
20469,0.654781
20470,0.315340
20471,0.167604
20472,0.248950
20473,0.447632
20474,0.189460
20475,0.233950
20476,0.486644
20477,0.487344
20478,0.758850
20479,0.094613
20480,0.141003
20481,0.320018
20482,0.461577
20483,0.599380
20484,0.904742
20485,0.564924
20486,0.723516
20487,0.684260
20488,0.647803
20489,0.209194
20490,0.700138
20492,0.383042
20493,0.926254
20494,0.301840
20495,0.397242
20496,0.713171
20498,0.626814
20499,0.648926
20500,0.171115
20501,0.186349
20502,0.073991
20504,0.222405
20505,0.486589
20506,0.679626
20507,0.295984
20508,0.193604
20509,0.795151
20510,0.611925
20511,0.678737
20512,0.495811
20513,0.378342
20514,0.691704
20515,0.643181
20516,0.391420
20517,0.404153
20519,0.946610
20520,0.573002
20521,0.932187
20522,0.573879
20523,0.741205
20524,0.275928
20525,0.656126
20526,0.198527
20527,0.281184
20528,0.344308
20529,0.639603
20530,0.203616
20531,0.200838
20532,0.190815
20533,0.982800
20534,0.147103
20535,0.635936
20536,0.350163
20537,0.967777
20538,0.216338
20539,0.185326
20540,0.109625
20541,0.358130
20542,0.231550
20543,0.690015
20544,0.254050
20545,0.135492
20546,0.380408
20548,0.762961
20549,0.213871
20550,0.499233
20551,0.950543
20552,0.717916
20553,0.704516
20554,0.884731
20555,0.081502
20556,0.963044
20557,0.155092
20558,0.669315
20559,0.527267
20560,0.231850
20561,0.368786
20562,0.802284
20563,0.753617
20564,0.858152
20565,0.281051
20566,0.750828
20568,0.211149
20569,0.735850
20570,0.757817
20571,0.587024
20572,0.779506
20573,0.860097
20574,0.141359
20575,0.760828
20576,0.377231
20577,0.600313
20579,0.335474
20580,0.844908
20581,0.320340
20582,0.301196
20583,0.042690
20584,0.124569
20585,0.110014
20586,0.376753
20587,0.677248
20588,0.454566
20589,0.475233
20590,0.848874
20592,0.238561
20593,0.941865
20594,0.227027
20595,0.840074
20596,0.279240
20597,0.230005
20598,0.821852
20599,0.238861
20601,0.858919
20602,0.082802
20603,0.789195
20604,0.094869
20605,0.286629
20606,0.246261
20607,0.399931
20608,0.583302
20609,0.726116
20610,0.574724
20611,0.945388
20612,0.861864
20614,0.297996
20615,0.887820
20616,0.258106
20617,0.357430
20618,0.498211
20619,0.150403
20620,0.168093
20621,0.618080
20622,0.216727
20623,0.795451
20624,0.566290
20625,0.623169
20626,0.214660
20627,0.808418
20628,0.764939
20629,0.397220
20630,0.825796
20632,0.703738
20633,0.495922
20634,0.589558
20635,0.816340
20636,0.334707
20637,0.285040
20638,0.966477
20639,0.629314
20640,0.735550
20641,0.690538
20642,0.386831
20643,0.814240
20644,0.792129
20645,0.605613
20646,0.219583
20647,0.535012
20648,0.595624
20649,0.448410
20650,0.835252
20651,0.046590
20652,0.033834
20653,0.399353
20654,0.797851
20655,0.224816
20656,0.930454
20658,0.033790
20661,0.305196
20662,0.867130
20663,0.320674
20664,0.249017
20665,0.494411
20666,0.450743
20667,0.846319
20668,0.133714
20669,0.987766
20670,0.813440
20672,0.279240
20673,0.348286
20674,0.426587
20675,0.769050
20676,0.354475
20677,0.870686
20678,0.179160
20679,0.140148
20680,0.387775
20681,0.231261
20682,0.617469
20683,0.411242
20684,0.607280
20685,0.657048
20686,0.804473
20687,0.275517
20688,0.361175
20689,0.846541
20690,0.945110
20691,0.455166
20692,0.419254
20693,0.372164
20694,0.031523
20695,0.922465
20696,0.047312
20697,0.498467
20698,0.965644
20699,0.308707
20700,0.898320
20701,0.909720
20702,0.879031
20703,0.259006
20705,0.910031
20706,0.253606
20707,0.854563
20708,0.353830
20709,0.220949
20710,0.957699
20711,0.277551
20712,0.187604
20714,0.527234
20715,0.798484
20716,0.850241
20717,0.840763
20718,0.839741
20719,0.784729
20720,0.793251
20721,0.609458
20722,0.062557
20724,0.511200
20725,0.203605
20726,0.337196
20727,0.318663
20728,0.443999
20729,0.381197
20730,0.521356
20731,0.817018
20732,0.878531
20733,0.276139
20734,0.827674
20735,0.230238
20736,0.751461
20737,0.057168
20740,0.550012
20741,0.938765
20742,0.253306
20743,0.443354
20744,0.276328
20746,0.267850
20747,0.904476
20748,0.302618
20749,0.233627
20750,0.671637
20751,0.227772
20752,0.342563
20753,0.459888
20754,0.351941
20755,0.723727
20756,0.095624
20757,0.693804
20758,0.126336
20759,0.536534
20760,0.183482
20761,0.790706
20762,0.857219
20763,0.301529
20764,0.836685
20765,0.527101
20766,0.835007
20767,0.248106
20768,0.931298
20769,0.768506
20770,0.202104
20771,0.857719
20772,0.334996
20773,0.921365
20774,0.155137
20775,0.660137
20776,0.214416
20777,0.599002
20778,0.616491
20779,0.883586
20780,0.293895
20781,0.735672
20782,0.239105
20783,0.186715
20784,0.498278
20785,0.630358
20786,0.553501
20787,0.887120
20788,0.726272
20789,0.124958
20790,0.368208
20791,0.902331
20792,0.832441
20793,0.162781
20794,0.520778
20795,0.791351
20796,0.229727
20797,0.131547
20798,0.818807
20799,0.298973
20800,0.667004
20801,0.516989
20802,0.674504
20803,0.439676
20804,0.887653
20805,0.829585
20806,0.572324
20807,0.855397
20808,0.123503
20809,0.561224
20810,0.168504
20811,0.386086
20812,0.304440
20813,0.074213
20814,0.180093
20815,0.694071
20816,0.696249
20817,0.820896
20818,0.280984
20819,0.189438
20820,0.866075
20821,0.812840
20822,0.464210
20823,0.939954
20824,0.031212
20825,0.271862
20826,0.880297
20827,0.515711
20828,0.674093
20829,0.155226
20830,0.247061
20831,0.109825
20833,0.354030
20834,0.457266
20835,0.132725
20836,0.520600
20837,0.352752
20839,0.442054
20840,0.840063
20841,0.321296
20842,0.416931
20843,0.257617
20844,0.751428
20845,0.332574
20846,0.448121
20847,0.104536
20848,0.147903
20849,0.630536
20850,0.565946
20851,0.293362
20853,0.476844
20854,0.351619
20855,0.343308
20856,0.356875
20858,0.194649
20859,0.877953
20860,0.229538
20861,0.378108
20862,0.878420
20863,0.905698
20864,0.223305
20865,0.792251
20866,0.290984
20868,0.363086
20869,0.614180
20870,0.172648
20871,0.964544
20872,0.674971
20873,0.254372
20874,0.863653
20875,0.570790
20876,0.973033
20877,0.941199
20878,0.203660
20879,0.396931
20882,0.482000
20883,0.840119
20884,0.892687
20885,0.766073
20886,0.159015
20888,0.759672
20889,0.778817
20890,0.673593
20891,0.373064
20892,0.682682
20893,0.189071
20894,0.755883
20896,0.763606
20898,0.168270
20899,0.638648
20900,0.351941
20901,0.870642
20902,0.973911
20903,0.332452
20904,0.171826
20905,0.819363
20906,0.972277
20907,0.285329
20910,0.258061
20911,0.165081
20912,0.655370
20913,0.895109
20914,0.680082
20915,0.206238
20916,0.126214
20917,0.354230
20919,0.471877
20921,0.269473
20922,0.297484
20923,0.816285
20924,0.906842
20925,0.261717
20926,0.184837
20927,0.859697
20928,0.823263
20929,0.311696
20930,0.327485
20931,0.891798
20932,0.176815
20933,0.303518
20934,0.384986
20935,0.714527
20936,0.201149
20937,0.909531
20938,0.285817
20939,0.401931
20940,0.666693
20941,0.165859
20942,0.079757
20943,0.863608
20944,0.175115
20945,0.382886
20946,0.468310
20947,0.229761
20948,0.815696
20949,0.189638
20950,0.437754
20951,0.356075
20954,0.226394
20955,0.834207
20956,0.953855
20957,0.728438
20958,0.087413
20959,0.670115
20960,0.394520
20961,0.145437
20962,0.855463
20963,0.231327
20964,0.598524
20965,0.128225
20966,0.645559
20967,0.800884
20968,0.577324
20969,0.461899
20970,0.161670
20971,0.323752
20973,0.933843
20974,0.808140
20975,0.843652
20976,0.865608
20977,0.933565
20978,0.091202
20979,0.237572
20980,0.290540
20982,0.564235
20983,0.442621
20984,0.175193
20986,0.262828
20987,0.219960
20988,0.954266
20990,0.171459
20991,0.598269
20992,0.187237
20993,0.678393
20995,0.240172
20996,0.347241
20997,0.777473
20998,0.350363
20999,0.614436
21000,0.038923
21001,0.263073
21002,0.093435
21003,0.216971
21004,0.326985
21005,0.089835
21006,0.281251
21007,0.231172
21008,0.855975
21009,0.654503
21010,0.149914
21011,0.328752
21012,0.437643
21013,0.868686
21014,0.158704
21015,0.867930
21016,0.785162
21017,0.495989
21018,0.305207
21019,0.510911
21020,0.965533
21022,0.727938
21023,0.249717
21024,0.500311
21025,0.285740
21026,0.749283
21027,0.299940
21028,0.081202
21029,0.679515
21030,0.268495
21031,0.899109
21032,0.842841
21033,0.830385
21037,0.827252
21039,0.229327
21040,0.807951
21041,0.809162
21042,0.865186
21043,0.867030
21044,0.040401
21045,0.848286
21047,0.232539
21048,0.666026
21049,0.716271
21050,0.499744
21051,0.724494
21052,0.742939
21053,0.668726
21054,0.347919
21055,0.289562
21056,0.787684
21057,0.132114
21058,0.408665
21059,0.780973
21060,0.155003
21061,0.171382
21062,0.283751
21063,0.328674
21064,0.868142
21065,0.331485
21066,0.437243
21067,0.133314
21068,0.373364
21070,0.559968
21071,0.217283
21072,0.281328
21073,0.683071
21074,0.663326
21075,0.259684
21076,0.817385
21077,0.499644
21078,0.832163
21079,0.557435
21080,0.370464
21081,0.846674
21082,0.263373
21083,0.099569
21084,0.240939
21085,0.219172
21086,0.313818
21087,0.450399
21089,0.931265
21091,0.740350
21092,0.165059
21093,0.726694
21094,0.912442
21095,0.558201
21096,0.642281
21097,0.397431
21098,0.274851
21099,0.974577
21100,0.457310
21101,0.390998
21102,0.438899
21103,0.810829
21104,0.342263
21105,0.154048
21106,0.247572
21108,0.151759
21109,0.277740
21110,0.323218
21112,0.670193
21113,0.361286
21115,0.582313
21116,0.891998
21117,0.440343
21118,0.359930
21119,0.882020
21120,0.307974
21121,0.322696
21122,0.903587
21123,0.943010
21124,0.585102
21125,0.750406
21126,0.235339
21127,0.617114
21128,0.475455
21129,0.553079
21130,0.832663
21131,0.905709
21133,0.066835
21134,0.336119
21135,0.163904
21137,0.330807
21138,0.725572
21139,0.225127
21140,0.339108
21141,0.969977
21142,0.755728
21143,0.455110
21145,0.126125
21146,0.389442
21147,0.535934
21148,0.416154
21149,0.926065
21150,0.940465
21151,0.794862
21152,0.469266
21153,0.389986
21154,0.671737
21156,0.736872
21157,0.348563
21158,0.022501
21159,0.723049
21161,0.859341
21163,0.113080
21164,0.803518
21165,0.501578
21166,0.787462
21167,0.178504
21168,0.097402
21169,0.888042
21170,0.672215
21171,0.627581
21172,0.802807
21173,0.536134
21174,0.049412
21175,0.812940
21176,0.864141
21177,0.931576
21178,0.233916
21179,0.192893
21180,0.617880
21181,0.337141
21182,0.593302
21183,0.452066
21185,0.774784
21186,0.951554
21187,0.184371
21188,0.797518
21189,0.756672
21191,0.859297
21192,0.277395
21193,0.381931
21194,0.277273
21195,0.158815
21196,0.450810
21197,0.872953
21199,0.932532
21200,0.907765
21201,0.597091
21202,0.376019
21203,0.297573
21204,0.634036
21205,0.269128
21206,0.276406
21207,0.239305
21208,0.501300
21209,0.307485
21210,0.614203
21211,0.679615
21212,0.350063
21213,0.471988
21214,0.802873
21215,0.438710
21216,0.391075
21217,0.120969
21218,0.769150
21219,0.223827
21220,0.785417
21221,0.929321
21222,0.731405
21223,0.544534
21224,0.279117
21225,0.246617
21226,0.875842
21227,0.956877
21228,0.832607
21229,0.936965
21230,0.930398
21233,0.603513
21234,0.214338
21235,0.866008
21236,0.344885
21237,0.671759
21238,0.392442
21239,0.770084
21242,0.301962
21243,0.093202
21244,0.355052
21245,0.156681
21246,0.116836
21247,0.415631
21248,0.052679
21249,0.303085
21250,0.680260
21251,0.832230
21252,0.797484
21253,0.877164
21254,0.350819
21255,0.417120
21256,0.335263
21257,0.032934
21258,0.817218
21260,0.875864
21261,0.577035
21262,0.940743
21263,0.165470
21264,0.499822
21265,0.523545
21266,0.231616
21267,0.167415
21268,0.180226
21269,0.116858
21270,0.224416
21271,0.302551
21272,0.209105
21273,0.759261
21274,0.453877
21275,0.416887
21276,0.929721
21277,0.533801
21278,0.377042
21279,0.783517
21280,0.792629
21281,0.562646
21282,0.391553
21283,0.613847
21284,0.622003
21285,0.104780
21286,0.253239
21287,0.891020
21288,0.769128
21289,0.733627
21290,0.350708
21292,0.738050
21293,0.613091
21294,0.859964
21295,0.417365
21296,0.299484
21297,0.937776
21298,0.033445
21299,0.436410
21300,0.211505
21301,0.751561
21302,0.778917
21303,0.250628
21304,0.869842
21305,0.440754
21306,0.299651
21307,0.897275
21309,0.654626
21310,0.546057
21313,0.390864
21314,0.813851
21315,0.602091
21316,0.691071
21317,0.840874
21318,0.138792
21319,0.775239
21320,0.813485
21321,0.544757
21322,0.768595
21323,0.234294
21324,0.231794
21326,0.602536
21327,0.848886
21328,0.949832
21329,0.119525
21330,0.374442
21331,0.467666
21332,0.105869
21333,0.784529
21335,0.806651
21336,0.431887
21337,0.498756
21338,0.160626
21339,0.169070
21340,0.618780
21341,0.732450
21342,0.393631
21343,0.920043
21344,0.257061
21345,0.227416
21346,0.773806
21347,0.470233
21348,0.478100
21349,0.382675
21350,0.277184
21351,0.257850
21354,0.785206
21355,0.225438
21357,0.168493
21358,0.243572
21359,0.643703
21360,0.716549
21362,0.103325
21363,0.763239
21364,0.712405
21365,0.206782
21367,0.308585
21368,0.568779
21369,0.799251
21370,0.282351
21371,0.097302
21372,0.969955
21373,0.893575
21374,0.689249
21375,0.955099
21376,0.140392
21377,0.885075
21378,0.843241
21379,0.584113
21380,0.202771
21381,0.067268
21382,0.261817
21383,0.374542
21384,0.376419
21385,0.326407
21386,0.188871
21387,0.285806
21388,0.940199
21389,0.632081
21390,0.399576
21391,0.376586
21392,0.613614
21393,0.410687
21394,0.775695
21395,0.977433
21396,0.573102
21397,0.303118
21398,0.735950
21399,0.196471
21401,0.370675
21402,0.577257
21403,0.856330
21405,0.744705
21406,0.316318
21408,0.859141
21409,0.470966
21410,0.825396
21411,0.856286
21412,0.819074
21413,0.018078
21414,0.360175
21415,0.606913
21416,0.582902
21417,0.362208
21418,0.746739
21419,0.740761
21421,0.970655
21422,0.238972
21423,0.369186
21424,0.510345
21425,0.366930
21426,0.236161
21427,0.209360
21428,0.608914
21429,0.153603
21430,0.837896
21431,0.840919
21432,0.382675
21433,0.654392
21434,0.699138
21435,0.838141
21436,0.636681
21437,0.778628
21438,0.384375
21439,0.096891
21440,0.231238
21441,0.184337
21442,0.072979
21443,0.524156
21444,0.896209
21445,0.697171
21446,0.606036
21447,0.592735
21448,0.162648
21449,0.800029
21450,0.190938
21451,0.690304
21452,0.861419
21453,0.459510
21454,0.300807
21455,0.622903
21456,0.845763
21457,0.875319
21458,0.661359
21459,0.320763
21460,0.352697
21461,0.902787
21462,0.679371
21463,0.531845
21464,0.756072
21466,0.390031
21467,0.056679
21468,0.536012
21469,0.117892
21470,0.551868
21471,0.536067
21472,0.049546
21473,0.318396
21474,0.371053
21475,0.804351
21476,0.533423
21477,0.823129
21478,0.355330
21479,0.888886
21480,0.555801
21481,0.353230
21483,0.090013
21484,0.525323
21485,0.598347
21486,0.894742
21487,0.701527
21488,0.246072
21489,0.372897
21490,0.526878
21491,0.117847
21492,0.774851
21493,0.961944
21494,0.664093
21495,0.305418
21496,0.496544
21497,0.917565
21498,0.218272
21499,0.874175
21500,0.012689
21501,0.133570
21502,0.357664
21503,0.218460
21504,0.118103
21505,0.387509
21506,0.325896
21507,0.667037
21508,0.137859
21509,0.363530
21511,0.597902
21512,0.841752
21513,0.703582
21514,0.483344
21515,0.825107
21517,0.658315
21518,0.440821
21519,0.165226
21520,0.585335
21521,0.632859
21522,0.186582
21523,0.755361
21524,0.933621
21526,0.690393
21527,0.712405
21528,0.279240
21529,0.142348
21531,0.060312
21532,0.633470
21533,0.959010
21534,0.818707
21535,0.963044
21537,0.938799
21538,0.863808
21539,0.060290
21540,0.205660
21541,0.354908
21542,0.383842
21543,0.293340
21545,0.256783
21547,0.390498
21549,0.109025
21550,0.160215
21551,0.381731
21553,0.616414
21554,0.607580
21555,0.251250
21556,0.329974
21558,0.404376
21559,0.901131
21560,0.828452
21561,0.837463
21562,0.669337
21563,0.239683
21564,0.782384
21565,0.778717
21566,0.058701
21567,0.620380
21568,0.832241
21569,0.448788
21570,0.067824
21571,0.539901
21572,0.539601
21573,0.844252
21574,0.279751
21575,0.868130
21576,0.836574
21577,0.136125
21578,0.721860
21579,0.096258
21580,0.709594
21581,0.772017
21582,0.368564
21583,0.941199
21584,0.387153
21585,0.625436
21586,0.437554
21587,0.732083
21588,0.312640
21589,0.803885
21590,0.949299
21591,0.271306
21592,0.256295
21593,0.173426
21594,0.791684
21595,0.678115
21596,0.079346
21598,0.510245
21599,0.195949
21600,0.792495
21601,0.272673
21602,0.516545
21604,0.917431
21605,0.334196
21607,0.639314
21608,0.106825
21609,0.543923
21610,0.917643
21612,0.948943
21613,0.344397
21614,0.212616
21615,0.798229
21616,0.931976
21617,0.898198
21618,0.882431
21619,0.910198
21620,0.401887
21621,0.290029
21622,0.240761
21623,0.744461
21624,0.228183
21626,0.816829
21627,0.694793
21628,0.352319
21629,0.456621
21630,0.795695
21631,0.810862
21632,0.293007
21633,0.023423
21634,0.937932
21635,0.317929
21636,0.270717
21637,0.622492
21638,0.256617
21639,0.301084
21640,0.850330
21641,0.443677
21642,0.876619
21643,0.787440
21645,0.936699
21647,0.544868
21648,0.445321
21649,0.213271
21650,0.689382
21651,0.371342
21652,0.621914
21653,0.745439
21654,0.863941
21655,0.643670
21656,0.380208
21657,0.271628
21658,0.269328
21659,0.144637
21660,0.224116
21661,0.326607
21663,0.900787
21664,0.260917
21665,0.407931
21666,0.279217
21667,0.710938
21668,0.206949
21669,0.723905
21670,0.786451
21671,0.267784
21672,0.801873
21673,0.280206
21674,0.222116
21675,0.265628
21677,0.476322
21678,0.393153
21679,0.177893
21680,0.744761
21681,0.132525
21682,0.114236
21683,0.407609
21684,0.615236
21685,0.269362
21687,0.705793
21688,0.121814
21689,0.202382
21690,0.383520
21691,0.319829
21692,0.687826
21693,0.857730
21694,0.305340
21695,0.282662
21696,0.448010
21697,0.802073
21698,0.356852
21699,0.265717
21700,0.286273
21701,0.204560
21702,0.514234
21704,0.361030
21706,0.311651
21707,0.509378
21708,0.172159
21709,0.328485
21710,0.219594
21711,0.281584
21712,0.572802
21713,0.858486
21714,0.521389
21715,0.145281
21716,0.336152
21717,0.746639
21718,0.251772
21719,0.293351
21720,0.251961
21721,0.977022
21722,0.118125
21723,0.493289
21724,0.733205
21725,0.375597
21726,0.273817
21727,0.572224
21728,0.787518
21729,0.722872
21730,0.818952
21731,0.845363
21732,0.894064
21733,0.163493
21734,0.246605
21735,0.255317
21736,0.433887
21737,0.844874
21738,0.734383
21739,0.967822
21741,0.403676
21742,0.318729
21743,0.440999
21744,0.323296
21745,0.491033
21746,0.583513
21747,0.238139
21748,0.336674
21749,0.563146
21750,0.916787
21751,0.313740
21752,0.583857
21753,0.665293
21754,0.118980
21755,0.193727
21756,0.466044
21757,0.239528
21758,0.205060
21759,0.811851
21760,0.148903
21761,0.795384
21762,0.592091
21763,0.815507
21764,0.869442
21765,0.233327
21766,0.328063
21767,0.688915
21769,0.221394
21770,0.199527
21771,0.794918
21772,0.425243
21773,0.114247
21774,0.289118
21775,0.355019
21776,0.534112
21777,0.241939
21778,0.969810
21779,0.108447
21780,0.450766
21781,0.232450
21782,0.085257
21784,0.212105
21785,0.088869
21786,0.506900
21787,0.820140
21788,0.410965
21789,0.386397
21790,0.835696
21791,0.733839
21792,0.511011
21793,0.409687
21794,0.497933
21795,0.333452
21797,0.208638
21800,0.852219
21801,0.602091
21803,0.075935
21804,0.836207
21805,0.854308
21806,0.534956
21807,0.279717
21808,0.140548
21809,0.354575
21810,0.187260
21811,0.827607
21812,0.275962
21813,0.324485
21814,0.488311
21815,0.903587
21816,0.379386
21817,0.953688
21818,0.769539
21819,0.133947
21820,0.278984
21821,0.319752
21822,0.504378
21823,0.502689
21824,0.925409
21825,0.782940
21826,0.891186
21828,0.372975
21829,0.159037
21831,0.492822
21832,0.209738
21833,0.421443
21835,0.679671
21836,0.360641
21837,0.335674
21838,0.834719
21839,0.505900
21840,0.206727
21841,0.928710
21842,0.205649
21843,0.224594
21844,0.110836
21845,0.804662
21846,0.205038
21847,0.298362
21848,0.379642
21849,0.118125
21850,0.441910
21851,0.604747
21852,0.129136
21853,0.516811
21854,0.570824
21855,0.742328
21857,0.751461
21858,0.557123
21859,0.404420
21860,0.045012
21861,0.373664
21862,0.202438
21863,0.207527
21864,0.401464
21865,0.390242
21867,0.234161
21868,0.771695
21869,0.155848
21870,0.289895
21871,0.241028
21872,0.473411
21873,0.236883
21876,0.754150
21877,0.600091
21878,0.534756
21879,0.932498
21880,0.278328
21881,0.056890
21882,0.622525
21883,0.361875
21884,0.357119
21885,0.374808
21886,0.365219
21887,0.309118
21888,0.862052
21890,0.552379
21891,0.931943
21892,0.344952
21893,0.933121
21894,0.665037
21895,0.120892
21896,0.539745
21897,0.745239
21898,0.781673
21900,0.261272
21901,0.154303
21902,0.906709
21903,0.345463
21904,0.190693
21905,0.144059
21907,0.210794
21908,0.719794
21909,0.381342
21910,0.129081
21911,0.390898
21912,0.217538
21913,0.627892
21914,0.743461
21916,0.880475
21917,0.783017
21918,0.266817
21919,0.714138
21920,0.804718
21922,0.510200
21923,0.913909
21924,0.932665
21926,0.717949
21927,0.551834
21928,0.282228
21929,0.251083
21930,0.874042
21931,0.239994
21932,0.548257
21933,0.179437
21934,0.512245
21935,0.161681
21936,0.537556
21937,0.289562
21939,0.202016
21940,0.031934
21941,0.761006
21942,0.313551
21943,0.199316
21944,0.395909
21945,0.930376
21947,0.722360
21948,0.282606
21950,0.619303
21951,0.644903
21952,0.160137
21953,0.051334
21954,0.665526
21955,0.830541
21956,0.178282
21957,0.476677
21958,0.534179
21959,0.678193
21960,0.458599
21961,0.585324
21962,0.496844
21963,0.233339
21964,0.932043
21966,0.850730
21967,0.287895
21968,0.324752
21969,0.168070
21970,0.498622
21971,0.380808
21972,0.492622
21973,0.736850
21975,0.545323
21976,0.135714
21977,0.567157
21978,0.477755
21980,0.490489
21981,0.246417
21982,0.741928
21983,0.114280
21985,0.516034
21986,0.393475
21987,0.859508
21988,0.447866
21989,0.297318
21990,0.379731
21991,0.320740
21992,0.857786
21994,0.304185
21995,0.309240
21997,0.890864
21998,0.100247
21999,0.095391
22000,0.255939
22001,0.757250
22002,0.329241
22003,0.428721
22004,0.224294
22005,0.524834
22006,0.503156
22007,0.854475
22008,0.604847
22009,0.710494
22010,0.910342
22011,0.572346
22013,0.755139
22014,0.816540
22015,0.127725
22017,0.194360
22018,0.375231
22019,0.810396
22020,0.126803
22021,0.826463
22022,0.048823
22023,0.580613
22024,0.274117
22025,0.395120
22026,0.436110
22027,0.812696
22028,0.656959
22029,0.494389
22030,0.599347
22033,0.121514
22034,0.119180
22035,0.494355
22036,0.263584
22037,0.144992
22038,0.645748
22039,0.228883
22040,0.013456
22041,0.213749
22042,0.261917
22043,0.515134
22044,0.813329
22045,0.174415
22046,0.102680
22047,0.736839
22049,0.534290
22050,0.361219
22051,0.499156
22052,0.422621
22053,0.356497
22054,0.308918
22056,0.637103
22057,0.127847
22058,0.760672
22059,0.408376
22060,0.787584
22061,0.447877
22062,0.926965
22063,0.439176
22064,0.136514
22065,0.856741
22066,0.174671
22067,0.850474
22068,0.309674
22069,0.358075
22070,0.709116
22071,0.240383
22072,0.241539
22073,0.252595
22074,0.873219
22075,0.318274
22076,0.804907
22077,0.271195
22078,0.647826
22079,0.285851
22080,0.027334
22081,0.738050
22083,0.613680
22084,0.010089
22085,0.408376
22086,0.397798
22087,0.918809
22088,0.781406
22089,0.410242
22090,0.382053
22091,0.763617
22092,0.841919
22093,0.802729
22094,0.182682
22095,0.544534
22096,0.916954
22097,0.143525
22098,0.391453
22099,0.837374
22100,0.549934
22101,0.173315
22102,0.943710
22103,0.534967
22105,0.633992
22106,0.110291
22108,0.514289
22109,0.782317
22110,0.170070
22111,0.284851
22112,0.765806
22113,0.231994
22114,0.335552
22115,0.082857
22116,0.158404
22117,0.641192
22118,0.099791
22119,0.884120
22120,0.456499
22121,0.437110
22122,0.178493
22123,0.508600
22124,0.750628
22125,0.765761
22126,0.351130
22127,0.388920
22128,0.168604
22129,0.603980
22130,0.678237
22131,0.266461
22132,0.767728
22133,0.324029
22135,0.065646
22136,0.294195
22138,0.651826
22139,0.153470
22140,0.223483
22142,0.703416
22143,0.631803
22144,0.723594
22145,0.331630
22147,0.869275
22148,0.388175
22149,0.450466
22150,0.301151
22151,0.221416
22152,0.505256
22153,0.094035
22154,0.917598
22155,0.767006
22156,0.952888
22157,0.838508
22158,0.214383
22159,0.390898
22160,0.294618
22161,0.546912
22162,0.842941
22163,0.230650
22164,0.823663
22165,0.320907
22167,0.854675
22168,0.050646
22169,0.605347
22170,0.421876
22171,0.773462
22172,0.245394
22173,0.796162
22174,0.473511
22175,0.591358
22176,0.643559
22177,0.933765
22178,0.261872
22179,0.236039
22180,0.401498
22181,0.769684
22182,0.304740
22183,0.208416
22184,0.757850
22185,0.751983
22186,0.650103
22187,0.716849
22188,0.683626
22189,0.240683
22190,0.479600
22191,0.741505
22192,0.825607
22194,0.866353
22196,0.322452
22197,0.625092
22198,0.278662
22200,0.882764
22201,0.780251
22202,0.522623
22204,0.226094
22205,0.118458
22206,0.503733
22208,0.316907
22209,0.445599
22210,0.860675
22211,0.164248
22212,0.312574
22213,0.353730
22215,0.649926
22216,0.817629
22217,0.281495
22218,0.143025
22219,0.266095
22220,0.225738
22221,0.421387
22222,0.229472
22223,0.594069
22224,0.718416
22225,0.448832
22226,0.736583
22228,0.841241
22229,0.263906
22230,0.213049
22232,0.832552
22233,0.576313
22235,0.478488
22236,0.846930
22237,0.808851
22239,0.577791
22240,0.399364
22241,0.434876
22242,0.244194
22245,0.374786
22247,0.647403
22248,0.856808
22249,0.053890
22250,0.171082
22251,0.340174
22252,0.961832
22253,0.520034
22254,0.529856
22255,0.743128
22256,0.619192
22257,0.536667
22258,0.342385
22259,0.376742
22261,0.325429
22262,0.084735
22263,0.183449
22264,0.942821
22265,0.182960
22266,0.276084
22267,0.232005
22268,0.372597
22270,0.160792
22271,0.852130
22272,0.300073
22273,0.444410
22274,0.318907
22276,0.628492
22277,0.181982
22278,0.201082
22279,0.084491
22281,0.230650
22282,0.192138
22283,0.348586
22284,0.906542
22285,0.310174
22287,0.473311
22289,0.214338
22290,0.856441
22291,0.183893
22292,0.584924
22293,0.723783
22294,0.322552
22295,0.233972
22296,0.831741
22297,0.940999
22298,0.352430
22299,0.171648
22300,0.513834
22301,0.523123
22302,0.768684
22303,0.280784
22304,0.040323
22305,0.656515
22307,0.145314
22308,0.210682
22309,0.396887
22310,0.885153
22311,0.302673
22312,0.418720
22313,0.566701
22314,0.279428
22316,0.351597
22317,0.920798
22318,0.548757
22320,0.084369
22322,0.771850
22323,0.317251
22324,0.282140
22325,0.249294
22326,0.453377
22327,0.210505
22328,0.866130
22329,0.506400
22330,0.361741
22331,0.432776
22333,0.283795
22334,0.281173
22335,0.961610
22336,0.282017
22337,0.227016
22338,0.550168
22339,0.262550
22340,0.139036
22341,0.195393
22342,0.543857
22344,0.117936
22346,0.634636
22347,0.519045
22348,0.339152
22349,0.294229
22350,0.178937
22351,0.623992
22352,0.608880
22353,0.818218
22355,0.289440
22357,0.578524
22359,0.624714
22361,0.799662
22362,0.507989
22363,0.813374
22364,0.949710
22365,0.380642
22367,0.390386
22368,0.138659
22369,0.714060
22370,0.375175
22371,0.684882
22372,0.197027
22373,0.513089
22374,0.185137
22375,0.708749
22376,0.137592
22377,0.869253
22378,0.595580
22379,0.778906
22380,0.307140
22381,0.853497
22383,0.136081
22385,0.689004
22386,0.544823
22387,0.449832
22388,0.329452
22389,0.700027
22390,0.653848
22391,0.761895
22393,0.746950
22394,0.830363
22395,0.452232
22396,0.329918
22397,0.408676
22398,0.794395
22399,0.268562
22400,0.752172
22402,0.893609
22403,0.761328
22404,0.743461
22405,0.213194
22406,0.746494
22407,0.331374
22408,0.156270
22409,0.546279
22410,0.847541
22411,0.289906
22412,0.785273
22413,0.644048
22414,0.587402
22415,0.785106
22416,0.446799
22418,0.820096
22419,0.828974
22420,0.437421
22421,0.223649
22422,0.256561
22423,0.859408
22424,0.562724
22425,0.623369
22426,0.312440
22427,0.723427
22428,0.227761
22429,0.605169
22431,0.479566
22432,0.938999
22433,0.192960
22434,0.403776
22435,0.312462
22436,0.196438
22437,0.377142
22438,0.285506
22439,0.320352
22440,0.904720
22442,0.652314
22443,0.843241
22444,0.827318
22445,0.337374
22446,0.302818
22447,0.466855
22448,0.285240
22449,0.370119
22450,0.733250
22451,0.778628
22452,0.241228
22453,0.348674
22455,0.857586
22457,0.339752
22458,0.194004
22459,0.701671
22460,0.383964
22461,0.585369
22462,0.873519
22463,0.736161
22464,0.407820
22465,0.137125
22466,0.917798
22467,0.576757
22469,0.648370
22470,0.249317
22471,0.248539
22472,0.271328
22473,0.741450
22474,0.298562
22475,0.364341
22476,0.091480
22477,0.614003
22478,0.202982
22479,0.315207
22480,0.891120
22481,0.935843
22482,0.438610
22483,0.751872
22484,0.346463
22485,0.235416
22486,0.490922
22487,0.726649
22488,0.092224
22489,0.662492
22490,0.497789
22491,0.829152
22492,0.111847
22493,0.875719
22494,0.512467
22495,0.696160
22496,0.219127
22497,0.282762
22498,0.418798
22499,0.269573
22500,0.346574
22501,0.271806
22502,0.929587
22504,0.500456
22505,0.508422
22506,0.178348
22507,0.646370
22508,0.184382
22509,0.775295
22511,0.769995
22512,0.338752
22513,0.896720
22514,0.197616
22515,0.691793
22516,0.217405
22517,0.591469
22518,0.177126
22519,0.209849
22520,0.802240
22521,0.694349
22522,0.796795
22523,0.361675
22524,0.181515
22525,0.946188
22526,0.793340
22527,0.191626
22528,0.630981
22529,0.344663
22530,0.854919
22531,0.758372
22533,0.459599
22534,0.792851
22535,0.091646
22536,0.248028
22538,0.283695
22539,0.147148
22541,0.477755
22542,0.559368
22543,0.122336
22544,0.942310
22545,0.342063
22546,0.716783
22547,0.387220
22548,0.916576
22549,0.869253
22550,0.453666
22551,0.845397
22552,0.609514
22553,0.853975
22554,0.325785
22555,0.455788
22556,0.225494
22557,0.246883
22558,0.558657
22559,0.777828
22560,0.786440
22561,0.918132
22564,0.222105
22565,0.741872
22566,0.848052
22567,0.208438
22568,0.892875
22569,0.279651
22570,0.800307
22571,0.487344
22572,0.153359
22573,0.601547
22574,0.562068
22575,0.366964
22576,0.725916
22577,0.607247
22578,0.173248
22579,0.317596
22580,0.052968
22582,0.339741
22583,0.472577
22584,0.260850
22585,0.828918
22587,0.772562
22588,0.022989
22589,0.297918
22590,0.370919
22591,0.439043
22592,0.148837
22593,0.961166
22594,0.195671
22595,0.060868
22596,0.194993
22597,0.628714
22598,0.229594
22599,0.080580
22602,0.834930
22603,0.832396
22604,0.551368
22605,0.294951
22606,0.512334
22607,0.743428
22608,0.283673
22609,0.167648
22610,0.745639
22611,0.605302
22612,0.305340
22613,0.549490
22615,0.148992
22616,0.739361
22617,0.679604
22618,0.652992
22619,0.730827
22620,0.215738
22621,0.783540
22622,0.317107
22623,0.330674
22625,0.480811
22626,0.114158
22627,0.449877
22628,0.946799
22630,0.209060
22631,0.554501
22632,0.806862
22634,0.941843
22635,0.181882
22636,0.779606
22637,0.461955
22638,0.479200
22639,0.429976
22640,0.306662
22641,0.419743
22642,0.640736
22643,0.686660
22644,0.864064
22645,0.296429
22647,0.318163
22648,0.610191
22649,0.155692
22650,0.758261
22651,0.616891
22653,0.887142
22654,0.329341
22656,0.494511
22657,0.776928
22658,0.390931
22659,0.317263
22660,0.211660
22661,0.309174
22663,0.274517
22664,0.659548
22666,0.318118
22667,0.148337
22668,0.080180
22669,0.861752
22670,0.605058
22671,0.208160
22672,0.849041
22673,0.870130
22674,0.155948
22675,0.360508
22676,0.057090
22678,0.171770
22679,0.461199
22680,0.008078
22681,0.472099
22682,0.169226
22683,0.479244
22684,0.804040
22685,0.656537
22686,0.783395
22687,0.215371
22688,0.767739
22689,0.149870
22690,0.732494
22691,0.663859
22692,0.803007
22693,0.960044
22694,0.236750
22695,0.652170
22696,0.713649
22697,0.356863
22698,0.703293
22699,0.955677
22700,0.083146
22701,0.286873
22702,0.797407
22703,0.405065
22704,0.965810
22705,0.247672
22706,0.426187
22707,0.891720
22708,0.043812
22709,0.358908
22710,0.310396
22711,0.632592
22713,0.073524
22714,0.570190
22715,0.354441
22716,0.564157
22717,0.821118
22718,0.133981
22719,0.627570
22721,0.732783
22722,0.685049
22724,0.051746
22725,0.158470
22726,0.969699
22727,0.698571
22728,0.268728
22729,0.524512
22730,0.157103
22731,0.580557
22732,0.616069
22734,0.678148
22736,0.867786
22737,0.369286
22738,0.894364
22739,0.849808
22740,0.022067
22741,0.256850
22742,0.693782
22744,0.462833
22745,0.365030
22746,0.317718
22748,0.147003
22749,0.488689
22750,0.486000
22751,0.314085
22753,0.268339
22754,0.239272
22755,0.651103
22756,0.223038
22758,0.952010
22759,0.860997
22760,0.252439
22761,0.173515
22762,0.233672
22763,0.134803
22764,0.838408
22765,0.117480
22766,0.687549
22767,0.257017
22768,0.671726
22769,0.009745
22771,0.823329
22772,0.204749
22773,0.869530
22774,0.953610
22775,0.532067
22776,0.269273
22777,0.768339
22778,0.622025
22780,0.240339
22781,0.182071
22782,0.392109
22783,0.620558
22784,0.336519
22785,0.820274
22786,0.807562
22788,0.333752
22789,0.542245
22790,0.826396
22791,0.112058
22792,0.208827
22793,0.246161
22795,0.773017
22796,0.465244
22797,0.031390
22798,0.770417
22799,0.425065
22800,0.161815
22802,0.585435
22803,0.128281
22804,0.832185
22805,0.774639
22806,0.281962
22807,0.291084
22808,0.427465
22810,0.329652
22811,0.337107
22812,0.325174
22813,0.637136
22814,0.600958
22815,0.813263
22816,0.240039
22817,0.533279
22819,0.285762
22820,0.565568
22821,0.546945
22822,0.512011
22823,0.584369
22824,0.158615
22825,0.485466
22826,0.265195
22827,0.860997
22828,0.078680
22829,0.161537
22830,0.882520
22831,0.425865
22832,0.757684
22833,0.286840
22834,0.519989
22835,0.149659
22836,0.351752
22837,0.245317
22838,0.808929
22839,0.779640
22841,0.970355
22842,0.986555
22843,0.046745
22844,0.024834
22845,0.864297
22846,0.842808
22847,0.062390
22848,0.831218
22849,0.165915
22850,0.908820
22851,0.739539
22852,0.127992
22853,0.979288
22855,0.895331
22856,0.228850
22857,0.248028
22858,0.279528
22859,0.313840
22860,0.513078
22861,0.644814
22863,0.909909
22864,0.602658
22865,0.197460
22866,0.942710
22867,0.532967
22868,0.262506
22869,0.780040
22871,0.813074
22872,0.776417
22873,0.109258
22874,0.060768
22875,0.148970
22876,0.800984
22877,0.078124
22878,0.437921
22879,0.626558
22880,0.448166
22881,0.048357
22882,0.222405
22883,0.776573
22885,0.222927
22886,0.629636
22887,0.356152
22888,0.126525
22889,0.451666
22890,0.356886
22891,0.780551
22892,0.226294
22893,0.660348
22894,0.239839
22896,0.736472
22897,0.327196
22898,0.348163
22899,0.334030
22900,0.572935
22901,0.693104
22902,0.981366
22903,0.650692
22904,0.222116
22905,0.158048
22906,0.196727
22907,0.190071
22908,0.923509
22909,0.811985
22911,0.170726
22912,0.375375
22913,0.537956
22914,0.275817
22915,0.146303
22916,0.638525
22917,0.341030
22918,0.121514
22919,0.526756
22920,0.266050
22921,0.653459
22922,0.552390
22923,0.744605
22924,0.843430
22925,0.374264
22926,0.513011
22927,0.102113
22928,0.792373
22929,0.484344
22930,0.922998
22931,0.427298
22932,0.301007
22933,0.557012
22934,0.252206
22935,0.773484
22936,0.226572
22937,0.216438
22938,0.316285
22939,0.092602
22940,0.361052
22941,0.761206
22943,0.447821
22944,0.618847
22945,0.942476
22946,0.796584
22947,0.165615
22948,0.520589
22949,0.578368
22950,0.467177
22951,0.406198
22952,0.671515
22953,0.531412
22954,0.907554
22955,0.287840
22957,0.238483
22958,0.266128
22959,0.330118
22960,0.183882
22962,0.647648
22963,0.697082
22964,0.878586
22965,0.179337
22966,0.099102
22968,0.304629
22970,0.571457
22971,0.815651
22972,0.555423
22973,0.482377
22974,0.731494
22975,0.626714
22976,0.431176
22977,0.086880
22978,0.197193
22979,0.821452
22980,0.901320
22981,0.406353
22982,0.912131
22983,0.777273
22984,0.833785
22985,0.598280
22986,0.830641
22987,0.403342
22988,0.864153
22989,0.526101
22990,0.474088
22991,0.028823
22992,0.339352
22993,0.494244
22994,0.325907
22995,0.529701
22996,0.745250
22997,0.543023
22998,0.260295
22999,0.653403
23000,0.407620
23001,0.612147
23002,0.863886
23003,0.629047
23004,0.272517
23005,0.796384
23006,0.256117
23007,0.854452
23008,0.217549
23009,0.313007
23010,0.488989
23011,0.180315
23012,0.243228
23013,0.278540
23014,0.480522
23015,0.680215
23016,0.909887
23017,0.768495
23019,0.794295
23020,0.291073
23021,0.778917
23022,0.789873
23023,0.315685
23024,0.898509
23025,0.739539
23026,0.700904
23028,0.221627
23029,0.418676
23030,0.522834
23031,0.856008
23032,0.243139
23033,0.515267
23034,0.810529
23035,0.356775
23036,0.220860
23037,0.924609
23038,0.586769
23039,0.205605
23040,0.199027
23041,0.182404
23042,0.175982
23043,0.119292
23044,0.569557
23045,0.842619
23046,0.388275
23047,0.350986
23048,0.566190
23049,0.286173
23050,0.740339
23051,0.756595
23052,0.292495
23053,0.116303
23054,0.322074
23055,0.903365
23056,0.731561
23057,0.787929
23058,0.334496
23059,0.648192
23060,0.331541
23061,0.759617
23062,0.817018
23063,0.196604
23065,0.726138
23066,0.410798
23067,0.399564
23068,0.264339
23069,0.181471
23070,0.742250
23071,0.507867
23072,0.425987
23073,0.229261
23074,0.072702
23075,0.646503
23076,0.669159
23077,0.135592
23078,0.944054
23080,0.243028
23081,0.653337
23082,0.368730
23084,0.286540
23085,0.232661
23086,0.735161
23087,0.308085
23088,0.323507
23089,0.638125
23090,0.753461
23091,0.261184
23092,0.894953
23093,0.921943
23094,0.615658
23095,0.850541
23096,0.280751
23097,0.147914
23098,0.330907
23099,0.127003
23100,0.915809
23101,0.312496
23102,0.971544
23103,0.270728
23104,0.385097
23105,0.218749
23106,0.056723
23107,0.309362
23108,0.728861
23109,0.111625
23110,0.215283
23111,0.319174
23112,0.785662
23113,0.706905
23114,0.450021
23115,0.863486
23116,0.165826
23117,0.283584
23119,0.469522
23120,0.719427
23121,0.313529
23122,0.374886
23123,0.774306
23125,0.268662
23126,0.699571
23127,0.397498
23128,0.857175
23129,0.285173
23130,0.788106
23131,0.445532
23132,0.088458
23133,0.902765
23134,0.883242
23135,0.270595
23136,0.888520
23137,0.416776
23138,0.155492
23139,0.755906
23140,0.221938
23141,0.388686
23142,0.255483
23143,0.458077
23146,0.572879
23147,0.623692
23148,0.103347
23151,0.180582
23152,0.290651
23153,0.236594
23154,0.878620
23155,0.905320
23156,0.163748
23157,0.813518
23158,0.396609
23160,0.819863
23161,0.793729
23162,0.249283
23163,0.771295
23165,0.228227
23166,0.774906
23167,0.147003
23168,0.277073
23170,0.454632
23171,0.086335
23172,0.231083
23173,0.483711
23174,0.709005
23175,0.757272
23176,0.778751
23177,0.225227
23178,0.454388
23179,0.682115
23180,0.431932
23181,0.949332
23182,0.889798
23183,0.647414
23184,0.186960
23185,0.736750
23186,0.127636
23187,0.874886
23188,0.205227
23190,0.928965
23191,0.710238
23192,0.481488
23193,0.302229
23194,0.820296
23195,0.810540
23196,0.614658
23197,0.572757
23198,0.259006
23199,0.547879
23201,0.800029
23202,0.149159
23204,0.266950
23205,0.168237
23206,0.890753
23207,0.568235
23208,0.394764
23209,0.930154
23210,0.900520
23211,0.813407
23212,0.844330
23213,0.207849
23214,0.488955
23215,0.437688
23216,0.304718
23217,0.204871
23218,0.415109
23219,0.109136
23220,0.773562
23221,0.101491
23222,0.389420
23223,0.624825
23224,0.223394
23225,0.888286
23226,0.370819
23227,0.948032
23228,0.410465
23230,0.268117
23232,0.191582
23233,0.671282
23234,0.458699
23235,0.432765
23236,0.448066
23237,0.093180
23238,0.643559
23239,0.655315
23240,0.057735
23241,0.309396
23242,0.891298
23243,0.387420
23244,0.358141
23245,0.059524
23246,0.246461
23247,0.687826
23248,0.634070
23249,0.378164
23250,0.743639
23251,0.863008
23252,0.954277
23253,0.146459
23254,0.125969
23255,0.779973
23256,0.524834
23257,0.769228
23258,0.174971
23260,0.288995
23261,0.842997
23262,0.891986
23263,0.677304
23264,0.329530
23265,0.861741
23266,0.238016
23267,0.070846
23268,0.266706
23269,0.838608
23270,0.488122
23271,0.871019
23272,0.245628
23273,0.298629
23274,0.908320
23275,0.334352
23277,0.138125
23278,0.584846
23279,0.418509
23281,0.563424
23282,0.037390
23283,0.411142
23284,0.199838
23285,0.591535
23286,0.859975
23287,0.173482
23288,0.149281
23289,0.289784
23290,0.153170
23291,0.222716
23292,0.082602
23293,0.864441
23294,0.252272
23295,0.793295
23296,0.806785
23297,0.265584
23298,0.182271
23299,0.901620
23300,0.391064
23302,0.816063
23303,0.214383
23304,0.232994
23305,0.391886
23306,0.826129
23307,0.847452
23308,0.220427
23309,0.382597
23310,0.765784
23311,0.290006
23312,0.278928
23313,0.328485
23314,0.338163
23315,0.713327
23316,0.488055
23317,0.833874
23318,0.686137
23319,0.570790
23320,0.740650
23321,0.570857
23322,0.733861
23323,0.028045
23324,0.448166
23325,0.179948
23326,0.778095
23327,0.729972
23328,0.229661
23329,0.546901
23330,0.350563
23331,0.163504
23332,0.836574
23334,0.416231
23335,0.151903
23336,0.328918
23337,0.530334
23338,0.331096
23339,0.355986
23340,0.247883
23341,0.787529
23342,0.352119
23343,0.676971
23344,0.789318
23345,0.913309
23346,0.621114
23347,0.923143
23348,0.345197
23350,0.569224
23351,0.196971
23352,0.849019
23353,0.531378
23354,0.502689
23355,0.218960
23356,0.089858
23357,0.389698
23358,0.833096
23359,0.226849
23360,0.925343
23362,0.611658
23363,0.539712
23364,0.749861
23365,0.904187
23366,0.185926
23367,0.250917
23368,0.180137
23369,0.854441
23370,0.313351
23371,0.682293
23372,0.412731
23373,0.049123
23374,0.041412
23375,0.800451
23377,0.080946
23378,0.535801
23379,0.175682
23380,0.481655
23382,0.633047
23383,0.184882
23384,0.751450
23385,0.842352
23386,0.143459
23387,0.653126
23388,0.089391
23389,0.631470
23390,0.754295
23392,0.824274
23393,0.252506
23394,0.846752
23395,0.798296
23396,0.738972
23398,0.008800
23400,0.240972
23401,0.794862
23402,0.261128
23403,0.352652
23405,0.174604
23406,0.879620
23407,0.875986
23408,0.425732
23411,0.284651
23412,0.935999
23414,0.860964
23415,0.306151
23416,0.196082
23417,0.730483
23418,0.369919
23419,0.694127
23420,0.240961
23421,0.865908
23422,0.098791
23423,0.292184
23425,0.273151
23426,0.774662
23428,0.651237
23430,0.896353
23431,0.789606
23432,0.638336
23434,0.134314
23435,0.522623
23437,0.110791
23438,0.825974
23439,0.792584
23440,0.742083
23441,0.741939
23442,0.345708
23443,0.481166
23444,0.671593
23446,0.708960
23447,0.491966
23448,0.829385
23449,0.995589
23450,0.415354
23451,0.848152
23452,0.698904
23453,0.678093
23454,0.874942
23455,0.507656
23456,0.196160
23457,0.609125
23458,0.334730
23459,0.887131
23460,0.785340
23461,0.328252
23462,0.329118
23463,0.265417
23464,0.383031
23465,0.240850
23466,0.728594
23467,0.946177
23468,0.567046
23470,0.559890
23471,0.363597
23472,0.899031
23473,0.354952
23475,0.265550
23476,0.767250
23477,0.228005
23478,0.292195
23481,0.933043
23484,0.824752
23485,0.896720
23486,0.420287
23487,0.663493
23489,0.166293
23490,0.412254
23491,0.363286
23492,0.258106
23493,0.880464
23494,0.280551
23496,0.760795
23497,0.777362
23498,0.664470
23499,0.171170
23500,0.769328
23501,0.165604
23502,0.887786
23503,0.461899
23504,0.168048
23505,0.145448
23506,0.120880
23507,0.355852
23508,0.893709
23509,0.114580
23510,0.891453
23512,0.650803
23513,0.218427
23514,0.244617
23515,0.582124
23516,0.295718
23517,0.317818
23518,0.083435
23519,0.487444
23520,0.587691
23521,0.808007
23522,0.659915
23523,0.685093
23524,0.133359
23526,0.570968
23527,0.670115
23528,0.699304
23529,0.752683
23530,0.325063
23531,0.626647
23533,0.276728
23534,0.116291
23535,0.426965
23536,0.351941
23537,0.125725
23538,0.082557
23539,0.419309
23540,0.849486
23541,0.579157
23542,0.114003
23544,0.882231
23545,0.812385
23546,0.803262
23547,0.142336
23548,0.220260
23549,0.960021
23550,0.255750
23551,0.338319
23552,0.220916
23553,0.152837
23554,0.461410
23556,0.758828
23557,0.443699
23558,0.558879
23559,0.106991
23560,0.948788
23561,0.394220
23562,0.292073
23563,0.871153
23564,0.779628
23566,0.066468
23567,0.866819
23568,0.101502
23569,0.318352
23570,0.761406
23571,0.265961
23572,0.040023
23573,0.890875
23574,0.411254
23575,0.876731
23576,0.386575
23577,0.259939
23578,0.316096
23579,0.919987
23580,0.929521
23581,0.103058
23583,0.264661
23584,0.675904
23585,0.163715
23586,0.191482
23587,0.359264
23588,0.903976
23589,0.704305
23590,0.813440
23592,0.639125
23594,0.642436
23597,0.489011
23598,0.661215
23599,0.920787
23600,0.085291
23601,0.279140
23602,0.142270
23603,0.253250
23604,0.886697
23605,0.446543
23606,0.308762
23607,0.276162
23608,0.832296
23609,0.239061
23610,0.160815
23612,0.582980
23613,0.966966
23614,0.114403
23615,0.851163
23616,0.260117
23617,0.054512
23618,0.578702
23619,0.368108
23620,0.766850
23621,0.339808
23622,0.905598
23623,0.302218
23624,0.855552
23625,0.490989
23626,0.076579
23628,0.305396
23629,0.026901
23630,0.489611
23631,0.093591
23632,0.722283
23633,0.437754
23634,0.595247
23635,0.710216
23636,0.572746
23637,0.760250
23638,0.688438
23639,0.408187
23640,0.298218
23642,0.810151
23643,0.821763
23644,0.281462
23646,0.162204
23647,0.355741
23648,0.230472
23649,0.359352
23650,0.939243
23651,0.832841
23652,0.782217
23653,0.871364
23655,0.160137
23656,0.909742
23657,0.583169
23658,0.709494
23659,0.893042
23660,0.313440
23661,0.708382
23662,0.164304
23663,0.517756
23664,0.656392
23665,0.760361
23666,0.880375
23667,0.245017
23668,0.667293
23670,0.741661
23671,0.818518
23672,0.170637
23673,0.227361
23674,0.844674
23675,0.183760
23676,0.422487
23677,0.645970
23678,0.351319
23679,0.095335
23680,0.541345
23681,0.344063
23682,0.912154
23683,0.553323
23684,0.694960
23685,0.118792
23686,0.848652
23687,0.716627
23689,0.343374
23690,0.667582
23691,0.707260
23692,0.033701
23693,0.188360
23694,0.248506
23695,0.187982
23696,0.869875
23697,0.557646
23699,0.213727
23700,0.732994
23701,0.202182
23702,0.772939
23703,0.214683
23704,0.328396
23705,0.525545
23707,0.496278
23708,0.364164
23710,0.851730
23711,0.289751
23712,0.276295
23714,0.821674
23716,0.309540
23717,0.150592
23718,0.302373
23719,0.866686
23720,0.859297
23721,0.557657
23722,0.276417
23723,0.533212
23724,0.160226
23725,0.188415
23726,0.714371
23727,0.241994
23728,0.149581
23729,0.775073
23730,0.161870
23731,0.418787
23732,0.542479
23733,0.284229
23734,0.896364
23736,0.719905
23737,0.263395
23738,0.112891
23739,0.884375
23740,0.879753
23741,0.429843
23742,0.925176
23743,0.582846
23744,0.262361
23745,0.235416
23746,0.714038
23748,0.829596
23749,0.373708
23750,0.187815
23751,0.918076
23752,0.322852
23753,0.892531
23755,0.562735
23756,0.429232
23757,0.384364
23758,0.334930
23759,0.655659
23760,0.463610
23762,0.434554
23763,0.485866
23764,0.256317
23765,0.029801
23766,0.202460
23767,0.091680
23768,0.726627
23769,0.735405
23770,0.493711
23771,0.844352
23772,0.906698
23773,0.376242
23774,0.937065
23775,0.478555
23776,0.645081
23777,0.449021
23778,0.558835
23781,0.273462
23782,0.892698
23784,0.734427
23786,0.105291
23787,0.618747
23788,0.610980
23789,0.409520
23790,0.689960
23791,0.102236
23792,0.583946
23793,0.350652
23794,0.906176
23795,0.831363
23796,0.178226
23797,0.194804
23798,0.762928
23799,0.379853
23800,0.630836
23801,0.604202
23803,0.797084
23804,0.877542
23805,0.875642
23806,0.976299
23807,0.499367
23808,0.113191
23809,0.938454
23810,0.206982
23811,0.382108
23812,0.656681
23813,0.371630
23814,0.356730
23815,0.206782
23816,0.752483
23817,0.163959
23818,0.159104
23819,0.277828
23820,0.442877
23821,0.431810
23822,0.959488
23823,0.728905
23825,0.120592
23826,0.813518
23827,0.081913
23828,0.137381
23829,0.851108
23830,0.872542
23831,0.759250
23833,0.895487
23835,0.308396
23837,0.673593
23838,0.080880
23839,0.917854
23840,0.756228
23842,0.839274
23843,0.542312
23844,0.856086
23845,0.763973
23846,0.285362
23847,0.490855
23848,0.395887
23849,0.843063
23851,0.050468
23852,0.676715
23853,0.335274
23854,0.677182
23855,0.724994
23856,0.657226
23857,0.743428
23858,0.219294
23859,0.337219
23860,0.414120
23861,0.097269
23863,0.702327
23864,0.198382
23865,0.207905
23866,0.371275
23867,0.260250
23868,0.487044
23869,0.215338
23871,0.235061
23872,0.782584
23873,0.370786
23874,0.741305
23875,0.604869
23876,0.364597
23877,0.353630
23878,0.237972
23879,0.548334
23880,0.663915
23881,0.380331
23882,0.313007
23883,0.045157
23884,0.664493
23885,0.317985
23887,0.861519
23888,0.375831
23889,0.241728
23890,0.553968
23891,0.936343
23893,0.274484
23894,0.707271
23895,0.172793
23896,0.321018
23897,0.241705
23898,0.291118
23899,0.337396
23900,0.858986
23901,0.274495
23902,0.151037
23903,0.306918
23904,0.733627
23905,0.867019
23906,0.661592
23907,0.820729
23908,0.892031
23909,0.418954
23910,0.434221
23911,0.138325
23913,0.587846
23914,0.660992
23915,0.736361
23916,0.782417
23917,0.835841
23918,0.335196
23919,0.309285
23920,0.222127
23921,0.251450
23922,0.878831
23923,0.907165
23924,0.846974
23925,0.760095
23926,0.622436
23927,0.893753
23928,0.272062
23929,0.311751
23930,0.167893
23931,0.721660
23932,0.883220
23933,0.741961
23934,0.835252
23935,0.906065
23936,0.261361
23937,0.124847
23938,0.292451
23939,0.831230
23941,0.754861
23942,0.282695
23943,0.043279
23944,0.061890
23945,0.199260
23946,0.970144
23949,0.804973
23950,0.273951
23951,0.796640
23952,0.781851
23953,0.371419
23954,0.760428
23955,0.863786
23956,0.340396
23958,0.499089
23959,0.248872
23962,0.200527
23963,0.247672
23964,0.004489
23965,0.762206
23966,0.495400
23967,0.505156
23968,0.175771
23969,0.542356
23970,0.082502
23971,0.587691
23972,0.301673
23973,0.233516
23974,0.280162
23975,0.926254
23976,0.661959
23977,0.761417
23978,0.890886
23979,0.396509
23980,0.819829
23981,0.778551
23982,0.356141
23983,0.140225
23984,0.351508
23985,0.856697
23986,0.845363
23987,0.313174
23988,0.262284
23989,0.370397
23990,0.770517
23993,0.154626
23994,0.654992
23995,0.837363
23996,0.746983
23997,0.929321
23998,0.295873
23999,0.407265
24000,0.265350
24001,0.505722
24002,0.889520
24003,0.872375
24004,0.409076
24005,0.929554
24006,0.287117
24007,0.691526
24008,0.756872
24009,0.148226
24010,0.338819
24011,0.589491
24012,0.303173
24013,0.504800
24015,0.656426
24016,0.341752
24017,0.752006
24018,0.383897
24019,0.098369
24020,0.860941
24021,0.236272
24022,0.273684
24023,0.472144
24024,0.375164
24025,0.589346
24026,0.326774
24027,0.899509
24028,0.465988
24029,0.851019
24030,0.192960
24031,0.469944
24032,0.885386
24033,0.579457
24034,0.563768
24035,0.394898
24036,0.762784
24037,0.899442
24038,0.214227
24039,0.057157
24040,0.647203
24042,0.530978
24043,0.878297
24044,0.178404
24045,0.615758
24047,0.796029
24048,0.251450
24049,0.701438
24050,0.358575
24051,0.123781
24052,0.868297
24053,0.264850
24054,0.208605
24055,0.340330
24057,0.203371
24058,0.410065
24059,0.028856
24060,0.363075
24061,0.514067
24062,0.885453
24063,0.362075
24064,0.912787
24065,0.844119
24066,0.298140
24067,0.684704
24068,0.296207
24069,0.894042
24070,0.244105
24071,0.601613
24072,0.295540
24073,0.152403
24074,0.876708
24076,0.685926
24078,0.438821
24079,0.730627
24082,0.495933
24083,0.332919
24084,0.195249
24086,0.915887
24087,0.330585
24089,0.433987
24090,0.159226
24091,0.248994
24092,0.247450
24094,0.071613
24095,0.209105
24096,0.037401
24097,0.618480
24098,0.878086
24099,0.215805
24100,0.920632
24101,0.191071
24102,0.063368
24103,0.746628
24105,0.465410
24106,0.578968
24107,0.611014
24108,0.307996
24110,0.649470
24111,0.042590
24112,0.901053
24113,0.900398
24114,0.657259
24115,0.316785
24116,0.549857
24117,0.334163
24118,0.621325
24119,0.826241
24120,0.693993
24121,0.363308
24122,0.508700
24123,0.283117
24124,0.730094
24125,0.615491
24126,0.298684
24127,0.136925
24128,0.955710
24129,0.833796
24130,0.855686
24131,0.099613
24132,0.272428
24133,0.272362
24134,0.807318
24135,0.596635
24136,0.579780
24137,0.910454
24138,0.509645
24139,0.273895
24140,0.939721
24141,0.857786
24142,0.550379
24143,0.279884
24144,0.055590
24145,0.463410
24146,0.755706
24147,0.534967
24148,0.036556
24149,0.848297
24152,0.931165
24153,0.371542
24154,0.613847
24156,0.617180
24157,0.801584
24158,0.106858
24159,0.135625
24160,0.718160
24161,0.486966
24162,0.390164
24163,0.189871
24164,0.994500
24166,0.565124
24167,0.760239
24168,0.509378
24169,0.057068
24170,0.235461
24172,0.954232
24173,0.850997
24174,0.584302
24175,0.134014
24176,0.355030
24177,0.121025
24178,0.165304
24179,0.601958
24180,0.136970
24181,0.809074
24182,0.517489
24183,0.080046
24184,0.819474
24185,0.639814
24186,0.732739
24188,0.617569
24189,0.748639
24190,0.809562
24191,0.656359
24192,0.474577
24193,0.787029
24194,0.396620
24195,0.241283
24196,0.500822
24197,0.921520
24198,0.271150
24199,0.208860
24200,0.377086
24201,0.590858
24202,0.839274
24203,0.852963
24204,0.340352
24205,0.754850
24206,0.761261
24207,0.805996
24208,0.804618
24209,0.273406
24210,0.886464
24211,0.316963
24212,0.840941
24213,0.064924
24216,0.205282
24217,0.746383
24219,0.150248
24220,0.310862
24221,0.666159
24222,0.929254
24223,0.507122
24224,0.822074
24226,0.826841
24227,0.412820
24228,0.312007
24229,0.569346
24230,0.770162
24231,0.457388
24232,0.299518
24233,0.234416
24234,0.181015
24235,0.426687
24236,0.507922
24237,0.848330
24238,0.460666
24239,0.819896
24240,0.256828
24241,0.217460
24242,0.489511
24243,0.880742
24244,0.617569
24245,0.260839
24246,0.419987
24247,0.252739
24248,0.241261
24249,0.878075
24250,0.466733
24251,0.188804
24252,0.137270
24254,0.479488
24255,0.781784
24256,0.672659
24257,0.817151
24258,0.956866
24259,0.038034
24260,0.288340
24261,0.283684
24262,0.537467
24263,0.136570
24264,0.221016
24265,0.210482
24266,0.314174
24267,0.803885
24268,0.839096
24269,0.826229
24270,0.906809
24271,0.762950
24272,0.867208
24274,0.330752
24275,0.652114
24276,0.663926
24277,0.850352
24278,0.170148
24279,0.364930
24280,0.911331
24281,0.598091
24282,0.738728
24283,0.148448
24284,0.432721
24285,0.296929
24286,0.076691
24287,0.512911
24288,0.451843
24289,0.338774
24290,0.497844
24291,0.593580
24292,0.241361
24293,0.766217
24294,0.919532
24295,0.686649
24297,0.794107
24298,0.284195
24299,0.729661
24300,0.201404
24301,0.830318
24302,0.608158
24303,0.434654
24304,0.654303
24305,0.150548
24306,0.519456
24307,0.958655
24308,0.887497
24310,0.131636
24311,0.478522
24312,0.773728
24313,0.549023
24314,0.805251
24315,0.120603
24316,0.284906
24318,0.392698
24319,0.811140
24321,0.177904
24322,0.312318
24324,0.887264
24326,0.860930
24327,0.783762
24328,0.262461
24329,0.340208
24330,0.845485
24331,0.976533
24332,0.339008
24333,0.632559
24334,0.753339
24335,0.780295
24336,0.367197
24337,0.381520
24339,0.182182
24340,0.256739
24341,0.503633
24342,0.773151
24343,0.813385
24344,0.811418
24345,0.780606
24346,0.863275
24347,0.181204
24348,0.301451
24349,0.410298
24350,0.555723
24351,0.387031
24352,0.585191
24353,0.410287
24354,0.795962
24355,0.072257
24356,0.866397
24357,0.597013
24358,0.943332
24359,0.876253
24360,0.560412
24361,0.323063
24362,0.117880
24363,0.441010
24364,0.596424
24365,0.166170
24367,0.560212
24368,0.336752
24369,0.508711
24370,0.322929
24371,0.907609
24372,0.725105
24373,0.969288
24374,0.938510
24375,0.151281
24376,0.281540
24377,0.791040
24378,0.306973
24379,0.634681
24380,0.717327
24381,0.246217
24382,0.557957
24383,0.925932
24384,0.709194
24385,0.239639
24386,0.308851
24387,0.659681
24388,0.640548
24390,0.638825
24391,0.651870
24392,0.051834
24393,0.714205
24394,0.339930
24395,0.112780
24397,0.573846
24398,0.725049
24399,0.918254
24401,0.177093
24402,0.547968
24403,0.039290
24404,0.267028
24405,0.338519
24406,0.341274
24407,0.245328
24408,0.859986
24409,0.414887
24410,0.734372
24411,0.345619
24412,0.388320
24413,0.123492
24414,0.408665
24415,0.813840
24416,0.280128
24417,0.951999
24418,0.644925
24419,0.856608
24420,0.348330
24421,0.046234
24422,0.516200
24423,0.775106
24424,0.400687
24425,0.154503
24426,0.221783
24427,0.809840
24428,0.726449
24430,0.885709
24431,0.926354
24432,0.646970
24433,0.268084
24434,0.678171
24435,0.084480
24436,0.092724
24437,0.896131
24438,0.394642
24440,0.575979
24441,0.802073
24442,0.245739
24444,0.055446
24445,0.125247
24446,0.651259
24447,0.105069
24448,0.756772
24449,0.323363
24451,0.049834
24452,0.111191
24455,0.242839
24456,0.123936
24457,0.321085
24458,0.399864
24459,0.208405
24460,0.846652
24461,0.697849
24462,0.264373
24463,0.296740
24464,0.757317
24465,0.326418
24466,0.205449
24467,0.951177
24468,0.475644
24469,0.847730
24470,0.307251
24471,0.066313
24472,0.232972
24473,0.164104
24474,0.472611
24475,0.830452
24476,0.495822
24477,0.643281
24478,0.312340
24479,0.293651
24480,0.167859
24481,0.057512
24483,0.129703
24484,0.676759
24485,0.911031
24486,0.213949
24487,0.198382
24488,0.601413
24489,0.770395
24490,0.248194
24491,0.021656
24492,0.179337
24493,0.585246
24494,0.537579
24496,0.105491
24497,0.208260
24498,0.896053
24499,0.342263
24500,0.880253
24501,0.109969
24502,0.310862
24503,0.388875
24504,0.451621
24505,0.936410
24507,0.105280
24508,0.313951
24510,0.578202
24511,0.138470
24512,0.933110
24513,0.780606
24514,0.063835
24515,0.276339
24517,0.718338
24518,0.741505
24519,0.475899
24520,0.564257
24521,0.215060
24522,0.554068
24524,0.767028
24525,0.549268
24527,0.639992
24528,0.779384
24529,0.870297
24530,0.091780
24531,0.291840
24532,0.358164
24533,0.146770
24534,0.293784
24535,0.433721
24536,0.317140
24537,0.238472
24538,0.925976
24539,0.380831
24540,0.715905
24541,0.404687
24542,0.920820
24543,0.021134
24544,0.672715
24545,0.962132
24546,0.234739
24547,0.605169
24548,0.866419
24549,0.226272
24550,0.667337
24551,0.730138
24552,0.812974
24553,0.452866
24554,0.934576
24556,0.459444
24559,0.227572
24560,0.727116
24561,0.144859
24562,0.584891
24563,0.940621
24564,0.948199
24565,0.827741
24566,0.300451
24567,0.064024
24568,0.367653
24569,0.078846
24570,0.411854
24571,0.851608
24572,0.659670
24573,0.192715
24574,0.851119
24575,0.059968
24576,0.169137
24578,0.589280
24579,0.306985
24580,0.303562
24581,0.198004
24582,0.261117
24583,0.880775
24584,0.742594
24585,0.718749
24586,0.390398
24587,0.127203
24588,0.275884
24589,0.381020
24590,0.224461
24591,0.445899
24592,0.352252
24593,0.290784
24594,0.840174
24595,0.851030
24596,0.923309
24597,0.905153
24598,0.342997
24599,0.895087
24600,0.666781
24601,0.338585
24603,0.532845
24604,0.506789
24605,0.403520
24606,0.480366
24607,0.108480
24608,0.240783
24609,0.242539
24610,0.591346
24611,0.684660
24612,0.850197
24613,0.734927
24614,0.478766
24615,0.387698
24616,0.339263
24618,0.271384
24619,0.356386
24620,0.255317
24621,0.984577
24622,0.668326
24623,0.625525
24624,0.558579
24625,0.702560
24626,0.468488
24628,0.480377
24629,0.262517
24630,0.879331
24633,0.234116
24634,0.932621
24635,0.847986
24636,0.584757
24637,0.973188
24638,0.179026
24639,0.091058
24640,0.663570
24641,0.028578
24643,0.045979
24644,0.048657
24645,0.510234
24646,0.780873
24647,0.119080
24648,0.293251
24650,0.461277
24651,0.366830
24653,0.783317
24654,0.336574
24655,0.582569
24656,0.325607
24657,0.534267
24658,0.790706
24659,0.866575
24662,0.467888
24663,0.393764
24664,0.540601
24665,0.427598
24666,0.618836
24667,0.734972
24668,0.708149
24669,0.574279
24670,0.069479
24672,0.237839
24673,0.228738
24674,0.271250
24675,0.123758
24676,0.144514
24677,0.182326
24678,0.803673
24679,0.257606
24682,0.806840
24683,0.301540
24684,0.398642
24685,0.366408
24686,0.827952
24687,0.356419
24688,0.169948
24689,0.200449
24690,0.427776
24691,0.691793
24692,0.215971
24693,0.304940
24694,0.728783
24695,0.253950
24696,0.335463
24697,0.788484
24698,0.894542
24699,0.185726
24700,0.814818
24701,0.346808
24702,0.151003
24703,0.190804
24705,0.762817
24706,0.093247
24707,0.779140
24708,0.905453
24709,0.847263
24710,0.055279
24711,0.161904
24713,0.852319
24714,0.794051
24715,0.293884
24716,0.745250
24717,0.830763
24718,0.917298
24719,0.979544
24721,0.052146
24722,0.750739
24723,0.586191
24724,0.489400
24725,0.160870
24726,0.796295
24727,0.150459
24728,0.432021
24729,0.887709
24731,0.338219
24732,0.864486
24733,0.432610
24734,0.833385
24735,0.072379
24738,0.192382
24739,0.305273
24740,0.281506
24741,0.584591
24742,0.685971
24743,0.771173
24744,0.668448
24745,0.129647
24746,0.617347
24747,0.632936
24748,0.271862
24749,0.969255
24750,0.370608
24751,0.236783
24752,0.129003
24753,0.795551
24754,0.834874
24755,0.291884
24756,0.812496
24757,0.453643
24758,0.314607
24759,0.351097
24760,0.251450
24761,0.861430
24762,0.241616
24763,0.204849
24764,0.858508
24765,0.077068
24766,0.858297
24767,0.290673
24768,0.276995
24769,0.688526
24770,0.319240
24771,0.283129
24772,0.682660
24773,0.868930
24774,0.926743
24775,0.131147
24776,0.638436
24777,0.673048
24778,0.900487
24779,0.662993
24780,0.162626
24781,0.351908
24782,0.279262
24783,0.214527
24784,0.084391
24785,0.803951
24786,0.815407
24787,0.090180
24789,0.226549
24790,0.727072
24791,0.051057
24792,0.426009
24793,0.634103
24794,0.228605
24795,0.302207
24796,0.483711
24797,0.826763
24798,0.286462
24799,0.218449
24800,0.924376
24801,0.565701
24802,0.234705
24804,0.925609
24805,0.186182
24806,0.599736
24807,0.307451
24809,0.345741
24810,0.883675
24811,0.241928
24812,0.430432
24813,0.813363
24814,0.089969
24815,0.678993
24816,0.648503
24817,0.474911
24818,0.854030
24819,0.781917
24820,0.297673
24821,0.218938
24822,0.630236
24823,0.322085
24825,0.789862
24826,0.596035
24827,0.411576
24829,0.764728
24830,0.322396
24831,0.473811
24832,0.599836
24833,0.239439
24834,0.087869
24836,0.333385
24837,0.020745
24838,0.719549
24839,0.890953
24840,0.603536
24841,0.753095
24842,0.811962
24843,0.269706
24844,0.170159
24846,0.881864
24847,0.838574
24848,0.286540
24849,0.356308
24850,0.584357
24851,0.138948
24852,0.825541
24853,0.752306
24854,0.812574
24855,0.069324
24857,0.328596
24859,0.544812
24860,0.171770
24861,0.639214
24862,0.478077
24863,0.381408
24864,0.812896
24865,0.458988
24866,0.985677
24867,0.713927
24869,0.047323
24870,0.063757
24871,0.624558
24873,0.725272
24874,0.735072
24875,0.685137
24876,0.632914
24877,0.604747
24878,0.748228
24880,0.433965
24881,0.189971
24882,0.873953
24883,0.683826
24884,0.556123
24886,0.861652
24887,0.127703
24888,0.269439
24889,0.140914
24890,0.737550
24891,0.819140
24892,0.315763
24893,0.290006
24894,0.203593
24895,0.911887
24897,0.221816
24898,0.967310
24899,0.713627
24900,0.635136
24901,0.752028
24902,0.741472
24904,0.408442
24906,0.889709
24907,0.259239
24908,0.291562
24909,0.575513
24910,0.725394
24911,0.886242
24912,0.860164
24913,0.434043
24914,0.933199
24915,0.336207
24916,0.935265
24917,0.920687
24918,0.215205
24919,0.624414
24920,0.764839
24921,0.776495
24922,0.489055
24926,0.075424
24927,0.172015
24928,0.113414
24929,0.088435
24930,0.178471
24931,0.224627
24932,0.146714
24933,0.692704
24934,0.207827
24935,0.861408
24936,0.879497
24937,0.692515
24938,0.466444
24939,0.233672
24940,0.164393
24941,0.287651
24942,0.821007
24943,0.543568
24944,0.425209
24945,0.020523
24946,0.803607
24947,0.846452
24948,0.602047
24949,0.615180
24950,0.859408
24951,0.885675
24952,0.434676
24953,0.286262
24954,0.098247
24955,0.766339
24956,0.071890
24958,0.862730
24959,0.823663
24960,0.421076
24961,0.615947
24962,0.206593
24964,0.341341
24965,0.137259
24966,0.864475
24967,0.706193
24968,0.186449
24969,0.835341
24970,0.841074
24971,0.059612
24972,0.873442
24973,0.381097
24974,0.298451
24975,0.802073
24976,0.104902
24977,0.257006
24978,0.748083
24979,0.353075
24980,0.069546
24981,0.315329
24982,0.281862
24983,0.196082
24985,0.874208
24987,0.564524
24988,0.273717
24989,0.848263
24990,0.854219
24991,0.220883
24992,0.808229
24993,0.130747
24994,0.328018
24995,0.812474
24996,0.375242
24997,0.591691
24998,0.816829
24999,0.825163
25001,0.121925
25002,0.767728
25004,0.858375
25005,0.132814
25006,0.863830
25007,0.284140
25008,0.391175
25009,0.252361
25010,0.281217
25011,0.051779
25012,0.797384
25013,0.037456
25015,0.402820
25016,0.108780
25017,0.067424
25019,0.696915
25020,0.686026
25021,0.861719
25022,0.073279
25024,0.891398
25025,0.309585
25026,0.238050
25027,0.888842
25028,0.481655
25029,0.821318
25031,0.330630
25032,0.275295
25033,0.287884
25036,0.719960
25037,0.026189
25038,0.396498
25039,0.792929
25041,0.563135
25043,0.184015
25044,0.762750
25045,0.203671
25046,0.797140
25047,0.398731
25048,0.637214
25049,0.815363
25050,0.707516
25051,0.308751
25052,0.312362
25053,0.315140
25054,0.824107
25055,0.569757
25056,0.547457
25057,0.150392
25058,0.507634
25059,0.759072
25060,0.208727
25061,0.355708
25062,0.595180
25063,0.230361
25064,0.348552
25066,0.711138
25067,0.468577
25068,0.170004
25069,0.289118
25070,0.454532
25072,0.922298
25073,0.409954
25074,0.161437
25075,0.768895
25077,0.737294
25078,0.203338
25080,0.299884
25081,0.222072
25082,0.008434
25083,0.398387
25084,0.527923
25085,0.884986
25086,0.180460
25087,0.782040
25088,0.374542
25089,0.278540
25091,0.379942
25092,0.270828
25094,0.103891
25095,0.166493
25096,0.626714
25097,0.885153
25098,0.621169
25099,0.658948
25100,0.119280
25101,0.234872
25102,0.228838
25104,0.345319
25105,0.821585
25106,0.805585
25107,0.220938
25109,0.185315
25110,0.056457
25111,0.816740
25112,0.507900
25113,0.792995
25114,0.619492
25115,0.206116
25116,0.174004
25117,0.240383
25118,0.988978
25119,0.894742
25120,0.831230
25122,0.234750
25123,0.907020
25124,0.100491
25125,0.561546
25126,0.386342
25127,0.982155
25128,0.665537
25129,0.407142
25130,0.958721
25131,0.345908
25132,0.865275
25133,0.045523
25135,0.154737
25136,0.858597
25137,0.811418
25139,0.667248
25140,0.917254
25141,0.156959
25142,0.333385
25143,0.364119
25144,0.098413
25145,0.822363
25146,0.229738
25147,0.412998
25148,0.752850
25149,0.174059
25150,0.690526
25151,0.244205
25152,0.094624
25154,0.907253
25156,0.062746
25157,0.859975
25158,0.242350
25159,0.497800
25160,0.771795
25161,0.805473
25162,0.351063
25163,0.715816
25165,0.791929
25166,0.591024
25167,0.026667
25168,0.325974
25169,0.175071
25171,0.546001
25172,0.952488
25173,0.441054
25174,0.249339
25175,0.507400
25176,0.441632
25177,0.351963
25178,0.063713
25179,0.401276
25180,0.110469
25181,0.430721
25182,0.387386
25184,0.576468
25185,0.723349
25186,0.477611
25187,0.971488
25189,0.100191
25190,0.135581
25191,0.908709
25193,0.931276
25194,0.976755
25195,0.775751
25196,0.115325
25197,0.334052
25198,0.352330
25199,0.074724
25201,0.254272
25202,0.481966
25205,0.288218
25207,0.927143
25208,0.841541
25209,0.778128
25210,0.774862
25211,0.833274
25212,0.320518
25213,0.937588
25214,0.767728
25215,0.939321
25216,0.366664
25217,0.625558
25218,0.908042
25219,0.560368
25220,0.068590
25222,0.674948
25223,0.731727
25224,0.201216
25225,0.803529
25227,0.290862
25228,0.710082
25229,0.754795
25230,0.625858
25231,0.783006
25232,0.898642
25233,0.286795
25234,0.627625
25235,0.571368
25236,0.501067
25237,0.216716
25239,0.054823
25240,0.465666
25241,0.369208
25242,0.573191
25243,0.539145
25244,0.208038
25245,0.449743
25246,0.576391
25247,0.289729
25248,0.282773
25249,0.401220
25250,0.620169
25251,0.213227
25252,0.832963
25253,0.599847
25254,0.693582
25255,0.391686
25256,0.545523
25257,0.516389
25258,0.322496
25259,0.850786
25260,0.429654
25261,0.172882
25262,0.575379
25263,0.416176
25264,0.624036
25265,0.833785
25267,0.189193
25268,0.769539
25269,0.256195
25270,0.023956
25271,0.447343
25272,0.612780
25273,0.564057
25275,0.467799
25276,0.732539
25277,0.536723
25278,0.733150
25279,0.345974
25280,0.192282
25281,0.801440
25282,0.613980
25283,0.181437
25284,0.120947
25285,0.808918
25286,0.840841
25287,0.751439
25288,0.134447
25289,0.120236
25290,0.784129
25291,0.330263
25292,0.665937
25293,0.889075
25294,0.231550
25295,0.221572
25296,0.636236
25298,0.210316
25299,0.394175
25300,0.786695
25301,0.220838
25303,0.270628
25304,0.258984
25305,0.875008
25306,0.801684
25307,0.941143
25308,0.568913
25309,0.358386
25310,0.537234
25311,0.628781
25312,0.244261
25313,0.693104
25314,0.841363
25316,0.947777
25317,0.961199
25318,0.842674
25319,0.622492
25320,0.846285
25321,0.317385
25322,0.836730
25323,0.917031
25324,0.521512
25325,0.760439
25326,0.958188
25327,0.206582
25328,0.329363
25329,0.378186
25330,0.525189
25331,0.343763
25332,0.290895
25333,0.704638
25334,0.312651
25335,0.285606
25336,0.655781
25337,0.008311
25338,0.758895
25339,0.375631
25340,0.335796
25341,0.679704
25342,0.339841
25343,0.271062
25344,0.431787
25345,0.621025
25346,0.922954
25347,0.689004
25348,0.448277
25351,0.936287
25353,0.517134
25355,0.288706
25356,0.201416
25357,0.681415
25358,0.592169
25359,0.465677
25360,0.769884
25361,0.580946
25362,0.238561
25363,0.281484
25364,0.729183
25365,0.216983
25366,0.547623
25367,0.476144
25368,0.724505
25369,0.236083
25371,0.278162
25374,0.144314
25375,0.139892
25376,0.243283
25377,0.489033
25378,0.856841
25379,0.281984
25380,0.393675
25381,0.951788
25382,0.081035
25383,0.909554
25384,0.088135
25385,0.159126
25386,0.091780
25388,0.203782
25389,0.853186
25390,0.223072
25391,0.258906
25392,0.136747
25393,0.171715
25394,0.852608
25395,0.818318
25396,0.793218
25397,0.710982
25398,0.258761
25399,0.205805
25400,0.606936
25401,0.819407
25402,0.266195
25403,0.056668
25404,0.754928
25405,0.698393
25406,0.720394
25407,0.253972
25408,0.339396
25409,0.930554
25410,0.171170
25411,0.139659
25412,0.901209
25413,0.295129
25414,0.721783
25415,0.237305
25416,0.570446
25417,0.104647
25418,0.809774
25420,0.573146
25421,0.835352
25422,0.593347
25423,0.657003
25424,0.563946
25425,0.244705
25426,0.686115
25427,0.492211
25428,0.560668
25429,0.857375
25430,0.520967
25431,0.078313
25432,0.639492
25433,0.882809
25434,0.456221
25435,0.760706
25436,0.195327
25437,0.144748
25438,0.766550
25439,0.335819
25440,0.075813
25441,0.816229
25442,0.229961
25443,0.899942
25444,0.369730
25446,0.508156
25447,0.562901
25448,0.061312
25449,0.043945
25450,0.142503
25451,0.632292
25452,0.961332
25453,0.264595
25454,0.380786
25455,0.717494
25456,0.634736
25457,0.690293
25458,0.182993
25460,0.261461
25461,0.966633
25462,0.980166
25463,0.302040
25464,0.349119
25465,0.190260
25466,0.690682
25467,0.876231
25468,0.902331
25469,0.800696
25470,0.079668
25471,0.706649
25473,0.284295
25475,0.388686
25477,0.192760
25478,0.626625
25479,0.701138
25480,0.739783
25482,0.819007
25483,0.762128
25485,0.120314
25486,0.776339
25487,0.115380
25488,0.704393
25489,0.778717
25490,0.723994
25491,0.211860
25492,0.738305
25493,0.301018
25494,0.202427
25495,0.878208
25496,0.737361
25497,0.244405
25498,0.917598
25499,0.348452
25500,0.482211
25501,0.128370
25502,0.785940
25503,0.214127
25504,0.928154
25506,0.781517
25507,0.527723
25508,0.144681
25509,0.581946
25510,0.790473
25511,0.713483
25512,0.986466
25513,0.316740
25514,0.401976
25515,0.307107
25516,0.892687
25517,0.600080
25518,0.236550
25519,0.469555
25520,0.488255
25521,0.177837
25522,0.561057
25523,0.647626
25524,0.367619
25525,0.253472
25526,0.111580
25527,0.905942
25528,0.672348
25529,0.832807
25530,0.188882
25531,0.087446
25532,0.273051
25533,0.163270
25534,0.691804
25535,0.546568
25536,0.927165
25537,0.262117
25539,0.660826
25541,0.435276
25542,0.819485
25543,0.877042
25544,0.743172
25545,0.829130
25546,0.649692
25547,0.225838
25549,0.635081
25550,0.860486
25551,0.380153
25552,0.941343
25553,0.864819
25554,0.445565
25555,0.827763
25556,0.806485
25557,0.300673
25558,0.251261
25559,0.758261
25560,0.333085
25561,0.778684
25562,0.842530
25563,0.931143
25564,0.107002
25565,0.212138
25566,0.056312
25567,0.823485
25568,0.746872
25570,0.907987
25571,0.162437
25572,0.166893
25573,0.144081
25574,0.042079
25576,0.604647
25577,0.379553
25578,0.309718
25579,0.882942
25580,0.379042
25581,0.322185
25582,0.896620
25584,0.870619
25585,0.909187
25586,0.307651
25587,0.579324
25589,0.269173
25590,0.733716
25591,0.541234
25592,0.103969
25593,0.569113
25594,0.832863
25595,0.054168
25596,0.900131
25597,0.279473
25598,0.281617
25599,0.047045
25601,0.039012
25602,0.764139
25603,0.823229
25604,0.852030
25605,0.966433
25606,0.437043
25607,0.675004
25608,0.669804
25609,0.779006
25611,0.829463
25612,0.239950
25613,0.240494
25614,0.397164
25615,0.066524
25616,0.045257
25617,0.431087
25618,0.818007
25619,0.250306
25620,0.350641
25621,0.217471
25623,0.331096
25624,0.143081
25625,0.284695
25626,0.318407
25627,0.811262
25628,0.577857
25629,0.785762
25630,0.280240
25631,0.728816
25632,0.883731
25633,0.676359
25634,0.121469
25635,0.868253
25636,0.776284
25637,0.395620
25638,0.211305
25639,0.898531
25640,0.450488
25641,0.222783
25642,0.804240
25643,0.676371
25644,0.192571
25646,0.036612
25647,0.621903
25648,0.530256
25650,0.891375
25651,0.333096
25652,0.234105
25653,0.184804
25654,0.150426
25655,0.674093
25657,0.747839
25659,0.960444
25660,0.833274
25661,0.342119
25662,0.534867
25663,0.870475
25664,0.187993
25665,0.161070
25666,0.324074
25668,0.759517
25669,0.101891
25670,0.571279
25671,0.611502
25672,0.332985
25673,0.029523
25675,0.224427
25676,0.598213
25677,0.704116
25678,0.837130
25679,0.796195
25680,0.300884
25681,0.863741
25682,0.165993
25683,0.601247
25684,0.419665
25685,0.878564
25686,0.434854
25687,0.456955
25688,0.689004
25689,0.246628
25690,0.112891
25691,0.248206
25692,0.679526
25693,0.399364
25694,0.196838
25695,0.206849
25696,0.081602
25698,0.693527
25699,0.512700
25700,0.741450
25701,0.342008
25702,0.816807
25704,0.328141
25705,0.646470
25706,0.227272
25707,0.533323
25708,0.701460
25710,0.226716
25711,0.368330
25712,0.225661
25715,0.353475
25716,0.836830
25717,0.873608
25718,0.755139
25719,0.284251
25720,0.494767
25721,0.222849
25722,0.808785
25723,0.337230
25724,0.702460
25726,0.933665
25727,0.686360
25728,0.307996
25729,0.799007
25730,0.554246
25731,0.485433
25732,0.281240
25733,0.595502
25734,0.697904
25736,0.533367
25737,0.076279
25738,0.093224
25739,0.461610
25740,0.737916
25741,0.478822
25742,0.752606
25743,0.128670
25745,0.878964
25746,0.352019
25747,0.780884
25749,0.087680
25750,0.617303
25751,0.262861
25752,0.742128
25753,0.782228
25754,0.448488
25755,0.131492
25756,0.918832
25757,0.624303
25758,0.309318
25759,0.170415
25760,0.060379
25761,0.370842
25762,0.762317
25764,0.642225
25765,0.284895
25766,0.194838
25767,0.239994
25769,0.816918
25771,0.887353
25772,0.181748
25773,0.680104
25774,0.185304
25776,0.979177
25777,0.438832
25778,0.136903
25779,0.602636
25780,0.748150
25781,0.143514
25782,0.315929
25783,0.603202
25784,0.144325
25785,0.220605
25786,0.824196
25787,0.640836
25789,0.650026
25790,0.428921
25791,0.218227
25792,0.792429
25793,0.800096
25794,0.929398
25795,0.339274
25796,0.936376
25797,0.869653
25798,0.899887
25799,0.766261
25800,0.823396
25801,0.854552
25802,0.467010
25803,0.938443
25804,0.776028
25806,0.439821
25807,0.850774
25808,0.278684
25809,0.259461
25810,0.104825
25811,0.754783
25812,0.233594
25813,0.170604
25814,0.142814
25816,0.933110
25817,0.794362
25818,0.217983
25819,0.620447
25820,0.772928
25821,0.866441
25822,0.520956
25824,0.915543
25825,0.647348
25826,0.595724
25827,0.765217
25828,0.839985
25830,0.736983
25831,0.864441
25834,0.863753
25835,0.500411
25836,0.414054
25838,0.157481
25839,0.672293
25840,0.310685
25841,0.313363
25842,0.158381
25844,0.423365
25845,0.177015
25846,0.361697
25847,0.169759
25848,0.814696
25849,0.672248
25850,0.410642
25851,0.536390
25852,0.380531
25853,0.196182
25854,0.752539
25855,0.132381
25856,0.288418
25857,0.732850
25858,0.615469
25859,0.097636
25860,0.588835
25861,0.338330
25862,0.861286
25864,0.711782
25865,0.305562
25866,0.225838
25867,0.586846
25868,0.881008
25869,0.227850
25870,0.407542
25871,0.190693
25872,0.221449
25873,0.446643
25874,0.273606
25875,0.457699
25876,0.834785
25877,0.199449
25878,0.345852
25880,0.781684
25881,0.761161
25882,0.760861
25883,0.608902
25884,0.394264
25885,0.710294
25886,0.834341
25887,0.312296
25888,0.249639
25889,0.282106
25891,0.158559
25892,0.269150
25893,0.237850
25894,0.772728
25895,0.557757
25896,0.226461
25897,0.597502
25899,0.434543
25901,0.387786
25902,0.168837
25903,0.194938
25904,0.545068
25905,0.171548
25906,0.085191
25907,0.422665
25908,0.180471
25909,0.925609
25910,0.299240
25911,0.109658
25913,0.114147
25914,0.388953
25915,0.278840
25916,0.562946
25917,0.355341
25918,0.419932
25919,0.437321
25920,0.655159
25922,0.465766
25924,0.314140
25925,0.477544
25926,0.239805
25927,0.265550
25929,0.916687
25930,0.154737
25932,0.605525
25933,0.228405
25934,0.475833
25935,0.791851
25936,0.269584
25937,0.212994
25938,0.812040
25939,0.979544
25940,0.730372
25941,0.870597
25942,0.207738
25943,0.659792
25944,0.251661
25945,0.386242
25946,0.278373
25947,0.573413
25949,0.124725
25950,0.949099
25951,0.837719
25952,0.619903
25953,0.308940
25955,0.794951
25956,0.046701
25957,0.261039
25958,0.538812
25959,0.877831
25960,0.209216
25961,0.905365
25962,0.875942
25963,0.202027
25964,0.159659
25965,0.641925
25966,0.831630
25968,0.833041
25969,0.950143
25971,0.819707
25972,0.236661
25973,0.666826
25974,0.885642
25975,0.255728
25977,0.699027
25978,0.136225
25979,0.867053
25980,0.776217
25981,0.486011
25982,0.846730
25983,0.617980
25984,0.898553
25985,0.128670
25986,0.583235
25987,0.913954
25988,0.806629
25989,0.010467
25990,0.371253
25991,0.181104
25992,0.855108
25993,0.808674
25994,0.843985
25995,0.935754
25996,0.918987
25997,0.694060
25998,0.236227
25999,0.878486
26000,0.082080
26001,0.090313
26002,0.701549
26003,0.542368
26004,0.276662
26005,0.325529
26006,0.175037
26007,0.159326
26008,0.646559
26009,0.188926
26011,0.326552
26012,0.188215
26013,0.475844
26014,0.502433
26015,0.080480
26016,0.302073
26017,0.847841
26018,0.462799
26019,0.735116
26021,0.366730
26022,0.868264
26023,0.836152
26024,0.625414
26025,0.888253
26026,0.232716
26027,0.078335
26028,0.641603
26029,0.825507
26030,0.263839
26031,0.777351
26033,0.835274
26035,0.220716
26036,0.723172
26037,0.281362
26039,0.874242
26040,0.249461
26041,0.699827
26042,0.276573
26043,0.544912
26045,0.422832
26046,0.203349
26047,0.646448
26048,0.229850
26049,0.046890
26050,0.790195
26051,0.634192
26052,0.709571
26053,0.366486
26054,0.741128
26055,0.283029
26056,0.159481
26057,0.110591
26058,0.164993
26059,0.287029
26060,0.752183
26061,0.196304
26062,0.809151
26063,0.500511
26064,0.882964
26065,0.600213
26066,0.577924
26067,0.269195
26068,0.503778
26069,0.830107
26071,0.330207
26072,0.663770
26073,0.507311
26074,0.171015
26075,0.249139
26076,0.076824
26077,0.433599
26079,0.934121
26080,0.184126
26081,0.684393
26082,0.427987
26083,0.919243
26084,0.326618
26085,0.379408
26086,0.080624
26087,0.272651
26088,0.087524
26089,0.807840
26090,0.265661
26091,0.287195
26092,0.018978
26093,0.907031
26094,0.344874
26095,0.151070
26096,0.454632
26097,0.716183
26098,0.387020
26100,0.181682
26101,0.330485
26102,0.135725
26103,0.770962
26104,0.433099
26105,0.407087
26106,0.932143
26107,0.130381
26108,0.357352
26109,0.083657
26110,0.685471
26111,0.427243
26112,0.170359
26113,0.188338
26114,0.573657
26115,0.616714
26116,0.713660
26117,0.108647
26118,0.656426
26119,0.481433
26120,0.748939
26122,0.219483
26123,0.681626
26124,0.633914
26125,0.601480
26126,0.551390
26127,0.121036
26128,0.423154
26129,0.831118
26130,0.845141
26131,0.447877
26132,0.582946
26134,0.839496
26136,0.485233
26137,0.302396
26138,0.467277
26139,0.331696
26140,0.077402
26141,0.195582
26142,0.711505
26143,0.341985
26144,0.059857
26145,0.827085
26146,0.531767
26147,0.067613
26148,0.602636
26149,0.732627
26150,0.416920
26152,0.625214
26153,0.386909
26154,0.911609
26155,0.837763
26156,0.128514
26157,0.953688
26158,0.661192
26159,0.448099
26160,0.859019
26161,0.569535
26162,0.245150
26163,0.857263
26164,0.133225
26167,0.137603
26168,0.271450
26169,0.585035
26170,0.920487
26171,0.513823
26172,0.511978
26173,0.270406
26174,0.255750
26175,0.031490
26176,0.916109
26177,0.268495
26179,0.360186
26180,0.204049
26181,0.625092
26182,0.888253
26183,0.272295
26185,0.690082
26186,0.889231
26187,0.072424
26188,0.052668
26189,0.566401
26190,0.820318
26191,0.013978
26192,0.380553
26193,0.892420
26194,0.153703
26195,0.170426
26196,0.205282
26197,0.092235
26198,0.935965
26199,0.268017
26200,0.113603
26201,0.807229
26202,0.717460
26203,0.191993
26204,0.566279
26205,0.792051
26206,0.133203
26207,0.759628
26208,0.251372
26209,0.485800
26210,0.319352
26211,0.272573
26212,0.351619
26213,0.751939
26214,0.273062
26215,0.439232
26217,0.776995
26218,0.649626
26219,0.430965
26220,0.378875
26221,0.363430
26222,0.836374
26223,0.683060
26224,0.658670
26225,0.118658
26226,0.252094
26227,0.492433
26229,0.408787
26230,0.890175
26231,0.241605
26233,0.742717
26234,0.272717
26235,0.157215
26236,0.879775
26237,0.319307
26238,0.074646
26239,0.144348
26240,0.738183
26241,0.285662
26243,0.357630
26244,0.832619
26245,0.832241
26246,0.652792
26247,0.503689
26248,0.387964
26249,0.932298
26250,0.158359
26252,0.396298
26253,0.071713
26255,0.098391
26256,0.746672
26257,0.363708
26259,0.610336
26260,0.605680
26261,0.672148
26263,0.746761
26264,0.677848
26265,0.802262
26266,0.108002
26267,0.867341
26268,0.541534
26269,0.466221
26271,0.366630
26272,0.815785
26273,0.283484
26274,0.278928
26275,0.342619
26277,0.434043
26278,0.339196
26279,0.106736
26280,0.362319
26281,0.841019
26282,0.899164
26283,0.629414
26284,0.336219
26285,0.249583
26286,0.841741
26287,0.247050
26288,0.277562
26289,0.121214
26290,0.914165
26291,0.604713
26292,0.313451
26293,0.266173
26295,0.272673
26296,0.015700
26297,0.644959
26298,0.334152
26299,0.051690
26300,0.584302
26301,0.655470
26302,0.934410
26303,0.654648
26304,0.750894
26305,0.146725
26306,0.377686
26307,0.738239
26310,0.272506
26311,0.077079
26312,0.232605
26313,0.524789
26314,0.396698
26315,0.755561
26316,0.899853
26317,0.148959
26318,0.637714
26319,0.845808
26320,0.685360
26321,0.914465
26322,0.826974
26324,0.756283
26326,0.879208
26327,0.723761
26328,0.330207
26329,0.867464
26330,0.194482
26331,0.231283
26332,0.463955
26334,0.796629
26335,0.714294
26336,0.813840
26337,0.159648
26338,0.268028
26340,0.740672
26341,0.260928
26342,0.074657
26343,0.373464
26345,0.183982
26346,0.559379
26347,0.642581
26348,0.531045
26349,0.394887
26350,0.725883
26351,0.387898
26352,0.322941
26353,0.207349
26354,0.407687
26355,0.785840
26356,0.709371
26357,0.434410
26359,0.069202
26360,0.469677
26361,0.756350
26363,0.291206
26364,0.930721
26365,0.731061
26367,0.501133
26368,0.918243
26369,0.935021
26370,0.352063
26371,0.271562
26372,0.597135
26373,0.265339
26374,0.771995
26375,0.150926
26376,0.128225
26377,0.402720
26378,0.392975
26379,0.603647
26380,0.032701
26381,0.183360
26382,0.738628
26383,0.248406
26384,0.905787
26385,0.822718
26386,0.903520
26387,0.362841
26388,0.626381
26389,0.313340
26390,0.038401
26391,0.931898
26392,0.910076
26393,0.716349
26394,0.732438
26395,0.796162
26396,0.560212
26397,0.801051
26398,0.258028
26399,0.477322
26401,0.852608
26403,0.818163
26404,0.951021
26405,0.931654
26406,0.055401
26407,0.870486
26408,0.940854
26410,0.738516
26412,0.142970
26413,0.844408
26414,0.846197
26415,0.657748
26416,0.966477
26417,0.768150
26418,0.677582
26420,0.268206
26421,0.971922
26422,0.339141
26423,0.935543
26424,0.423176
26425,0.362919
26426,0.832418
26428,0.223916
26429,0.568279
26430,0.401931
26431,0.445754
26432,0.736850
26434,0.203627
26435,0.168382
26436,0.837174
26437,0.743105
26438,0.214038
26439,0.645637
26440,0.269984
26441,0.269517
26442,0.963944
26443,0.914498
26444,0.325841
26445,0.222505
26446,0.368686
26447,0.215849
26448,0.247528
26449,0.936376
26450,0.276117
26451,0.227149
26452,0.412576
26453,0.581691
26454,0.192693
26455,0.674859
26458,0.529823
26459,0.296318
26460,0.470755
26461,0.463610
26462,0.767128
26463,0.394253
26464,0.082757
26466,0.937176
26467,0.188304
26468,0.812096
26469,0.373308
26470,0.521067
26471,0.799040
26472,0.243583
26473,0.097713
26474,0.872219
26475,0.114725
26476,0.400320
26477,0.557135
26478,0.804796
26480,0.235427
26481,0.970866
26482,0.288206
26483,0.809751
26484,0.052057
26485,0.711649
26486,0.661837
26487,0.122636
26488,0.073846
26489,0.854897
26490,0.241183
26491,0.291540
26492,0.209260
26493,0.185337
26494,0.320796
26495,0.974133
26496,0.238083
26497,0.071568
26498,0.456655
26499,0.039801
26500,0.629714
26501,0.685737
26502,0.430443
26503,0.578646
26504,0.658937
26505,0.633970
26506,0.681293
26507,0.968188
26508,0.508622
26509,0.420387
26510,0.574646
26511,0.255906
26512,0.949088
26514,0.151937
26515,0.256850
26518,0.386931
26519,0.339041
26520,0.510734
26522,0.937421
26523,0.154948
26524,0.764173
26525,0.169615
26526,0.251094
26527,0.246728
26528,0.181393
26529,0.611036
26530,0.522912
26531,0.372575
26532,0.297162
26533,0.082891
26534,0.241939
26535,0.838730
26536,0.228261
26537,0.374953
26538,0.811818
26539,0.537979
26540,0.716049
26541,0.401653
26542,0.238439
26543,0.589969
26544,0.571102
26545,0.853652
26546,0.054423
26547,0.212938
26548,0.527112
26549,0.640136
26550,0.869864
26551,0.517967
26553,0.501600
26554,0.738961
26555,0.440276
26556,0.168270
26557,0.343463
26558,0.908276
26560,0.555546
26561,0.431321
26562,0.263173
26563,0.951721
26564,0.418398
26565,0.328163
26566,0.867241
26567,0.399753
26568,0.025134
26569,0.863586
26571,0.354619
26572,0.571457
26573,0.834285
26574,0.173471
26575,0.722094
26576,0.289695
26577,0.508767
26578,0.414498
26579,0.300596
26580,0.610214
26581,0.087780
26582,0.242728
26583,0.748717
26584,0.927821
26586,0.638292
26588,0.087991
26589,0.429798
26590,0.230761
26591,0.375486
26592,0.113891
26593,0.245217
26594,0.175582
26595,0.794773
26596,0.400498
26597,0.274206
26599,0.307285
26600,0.786862
26601,0.749461
26602,0.446854
26603,0.606836
26604,0.673715
26605,0.355097
26606,0.858730
26607,0.895531
26608,0.822240
26609,0.646792
26610,0.195560
26612,0.944921
26613,0.435999
26614,0.723072
26615,0.116869
26616,0.812185
26617,0.309074
26618,0.821252
26619,0.421632
26620,0.463577
26621,0.086046
26622,0.837152
26623,0.798762
26624,0.885364
26625,0.552257
26626,0.706416
26627,0.560790
26628,0.153759
26629,0.609714
26630,0.052190
26631,0.748650
26632,0.396142
26633,0.887086
26634,0.439754
26635,0.249139
26636,0.204471
26637,0.428676
26638,0.325885
26639,0.394864
26640,0.761284
26642,0.715549
26643,0.855063
26644,0.287406
26645,0.096624
26646,0.390053
26647,0.636670
26648,0.191660
26649,0.656059
26651,0.876519
26652,0.590446
26653,0.269639
26655,0.830096
26657,0.208016
26658,0.392342
26659,0.185293
26660,0.702893
26661,0.942643
26662,0.400953
26663,0.352875
26664,0.345585
26665,0.103436
26666,0.348208
26668,0.466121
26669,0.221338
26670,0.276973
26671,0.199449
26672,0.156837
26673,0.195238
26674,0.298229
26675,0.567768
26676,0.471166
26678,0.982200
26679,0.739228
26680,0.569924
26681,0.907954
26682,0.430832
26683,0.565457
26684,0.058368
26685,0.233372
26686,0.290162
26687,0.356197
26688,0.497444
26689,0.790318
26690,0.271206
26692,0.624636
26693,0.207405
26694,0.305329
26695,0.633403
26696,0.910676
26697,0.719572
26698,0.535412
26699,0.297807
26700,0.858652
26701,0.812840
26702,0.096835
26703,0.715405
26704,0.268973
26705,0.213427
26706,0.895564
26708,0.044601
26709,0.056612
26710,0.783017
26711,0.572379
26712,0.371597
26713,0.745272
26714,0.797684
26715,0.073013
26716,0.279984
26717,0.075291
26718,0.128858
26719,0.866330
26720,0.419143
26721,0.582557
26722,0.825307
26723,0.872319
26724,0.268850
26725,0.404753
26726,0.795629
26728,0.650181
26729,0.790862
26730,0.250883
26731,0.801729
26732,0.249394
26733,0.461977
26734,0.049357
26736,0.138670
26737,0.123225
26738,0.293051
26739,0.243894
26740,0.917220
26741,0.420376
26742,0.240694
26743,0.493189
26745,0.207560
26746,0.294284
26747,0.844674
26748,0.768617
26749,0.319707
26750,0.072046
26751,0.191171
26752,0.334230
26754,0.338185
26755,0.719405
26756,0.689349
26757,0.674015
26758,0.266284
26759,0.295718
26760,0.505033
26761,0.916965
26762,0.134403
26763,0.425765
26765,0.731816
26766,0.352630
26767,0.537301
26768,0.424321
26769,0.801884
26770,0.509145
26771,0.423909
26772,0.325741
26774,0.553312
26775,0.790184
26776,0.239161
26777,0.815618
26778,0.549312
26780,0.537756
26781,0.183415
26782,0.814940
26783,0.150859
26784,0.256617
26785,0.301862
26787,0.147537
26788,0.533679
26789,0.285840
26790,0.419832
26791,0.289673
26793,0.275373
26794,0.952799
26795,0.145437
26796,0.202082
26797,0.821307
26798,0.350186
26799,0.831052
26800,0.366564
26802,0.722972
26804,0.069079
26806,0.185415
26807,0.881908
26808,0.930210
26809,0.725905
26810,0.581524
26811,0.770173
26812,0.172259
26813,0.614891
26814,0.159504
26816,0.793084
26817,0.931065
26818,0.881920
26819,0.084391
26820,0.580735
26821,0.277617
26822,0.858875
26825,0.463966
26826,0.320474
26827,0.575135
26828,0.221149
26829,0.369919
26830,0.566935
26831,0.413087
26832,0.824818
26834,0.437276
26835,0.422721
26836,0.885553
26838,0.477066
26839,0.668970
26840,0.112714
26842,0.810229
26843,0.292073
26844,0.465577
26845,0.790118
26846,0.840530
26847,0.300484
26849,0.974755
26850,0.229938
26851,0.145603
26852,0.286151
26853,0.179982
26854,0.780128
26855,0.244905
26856,0.203071
26857,0.655803
26858,0.204738
26859,0.290773
26860,0.908509
26861,0.722561
26862,0.555546
26863,0.068257
26865,0.740372
26866,0.312429
26867,0.421254
26868,0.817329
26869,0.191582
26870,0.371008
26871,0.590169
26872,0.845708
26873,0.865686
26874,0.198838
26875,0.939821
26876,0.675704
26877,0.579624
26878,0.839674
26879,0.223427
26880,0.929921
26881,0.272117
26883,0.636125
26884,0.350641
26886,0.946677
26887,0.852552
26888,0.918676
26889,0.440188
26890,0.579746
26891,0.453688
26892,0.179826
26893,0.233772
26894,0.206027
26895,0.910520
26896,0.324274
26897,0.577802
26898,0.109914
26899,0.679137
26900,0.838152
26901,0.292406
26902,0.194004
26903,0.276662
26905,0.762139
26906,0.264017
26907,0.640125
26908,0.708816
26909,0.333219
26910,0.801318
26911,0.776617
26912,0.269517
26913,0.631003
26914,0.225272
26915,0.749272
26916,0.884164
26917,0.603147
26918,0.858141
26919,0.113236
26920,0.787851
26921,0.464466
26922,0.200382
26923,0.183904
26924,0.658448
26925,0.121292
26927,0.681615
26928,0.836363
26929,0.611758
26930,0.269228
26931,0.388675
26932,0.345952
26933,0.739416
26934,0.745683
26936,0.749372
26938,0.827018
26939,0.480777
26940,0.215427
26941,0.657981
26942,0.296740
26944,0.304896
26945,0.196949
26946,0.799684
26947,0.183526
26949,0.150870
26950,0.185004
26951,0.072857
26952,0.388686
26954,0.360841
26955,0.529467
26956,0.143537
26957,0.940821
26958,0.741028
26959,0.878353
26960,0.522123
26961,0.427976
26962,0.157170
26963,0.226105
26964,0.478144
26965,0.509367
26966,0.307851
26967,0.308285
26968,0.104669
26969,0.699216
26970,0.750439
26971,0.648048
26972,0.788084
26973,0.285151
26974,0.793207
26975,0.892598
26976,0.228138
26977,0.304062
26978,0.772717
26979,0.805273
26980,0.587535
26981,0.145625
26982,0.124203
26985,0.193515
26986,0.394620
26987,0.456610
26988,0.141203
26989,0.539790
26990,0.055035
26991,0.335007
26992,0.348563
26993,0.142003
26994,0.391709
26995,0.747428
26997,0.850563
26998,0.881331
26999,0.528545
27000,0.065713
27001,0.115380
27002,0.814763
27003,0.107680
27004,0.219438
27005,0.739594
27006,0.432665
27007,0.341741
27008,0.697027
27009,0.382431
27011,0.781451
27013,0.565279
27014,0.439888
27016,0.803651
27017,0.369619
27018,0.125936
27019,0.126981
27020,0.861830
27021,0.537079
27022,0.345919
27023,0.451166
27024,0.237161
27025,0.070713
27026,0.354941
27027,0.665826
27028,0.828885
27029,0.296440
27030,0.290318
27031,0.776606
27032,0.386364
27033,0.871019
27034,0.210105
27035,0.144259
27036,0.811596
27037,0.224716
27038,0.285917
27039,0.226916
27040,0.292895
27041,0.935065
27042,0.212616
27043,0.375219
27044,0.843063
27045,0.441088
27046,0.352252
27047,0.507200
27048,0.030745
27049,0.812240
27050,0.163915
27051,0.545057
27052,0.253050
27053,0.423832
27054,0.300562
27055,0.241583
27057,0.286729
27058,0.531334
27059,0.572613
27060,0.271717
27061,0.696738
27062,0.378408
27063,0.452510
27064,0.448554
27065,0.751828
27066,0.295918
27067,0.228694
27068,0.859819
27069,0.299740
27070,0.181915
27071,0.869919
27072,0.211227
27073,0.305907
27074,0.485800
27075,0.034634
27076,0.628747
27077,0.223261
27078,0.699349
27079,0.599947
27080,0.358375
27081,0.304873
27082,0.877964
27083,0.739661
27084,0.375542
27085,0.145437
27086,0.734694
27087,0.613547
27088,0.756272
27090,0.355286
27091,0.265228
27093,0.430354
27094,0.678026
27095,0.292695
27096,0.659948
27097,0.273606
27098,0.278028
27099,0.818252
27101,0.871564
27102,0.802796
27103,0.463310
27104,0.792729
27105,0.746661
27106,0.869686
27107,0.741572
27108,0.673604
27110,0.681460
27111,0.534501
27112,0.342208
27113,0.873275
27114,0.211649
27116,0.868997
27117,0.269284
27118,0.324885
27119,0.196515
27120,0.480944
27121,0.958710
27122,0.374197
27123,0.919998
27124,0.120736
27125,0.862452
27126,0.778495
27127,0.793529
27128,0.164470
27129,0.681015
27130,0.877542
27131,0.745583
27132,0.232916
27133,0.684126
27134,0.427032
27135,0.251017
27136,0.608447
27137,0.019700
27138,0.749917
27139,0.170970
27140,0.709260
27141,0.528490
27142,0.782406
27143,0.162170
27144,0.886786
27145,0.304396
27146,0.303896
27147,0.159092
27148,0.872997
27149,0.525301
27150,0.250539
27151,0.290084
27152,0.858797
27153,0.910087
27154,0.305073
27156,0.371486
27157,0.905376
27158,0.375886
27159,0.840830
27160,0.591135
27162,0.423932
27163,0.828252
27164,0.590013
27165,0.366375
27166,0.736405
27167,0.954099
27168,0.743228
27169,0.169326
27170,0.088724
27171,0.984322
27172,0.486089
27175,0.404476
27176,0.714449
27177,0.212338
27178,0.614803
27179,0.778973
27180,0.885186
27182,0.089235
27183,0.245494
27184,0.566301
27185,0.133981
27186,0.943399
27187,0.269762
27188,0.888364
27190,0.251606
27191,0.292851
27192,0.121158
27193,0.448932
27194,0.220683
27195,0.421432
27196,0.128525
27197,0.434176
27198,0.680048
27199,0.351563
27200,0.373242
27201,0.944599
27202,0.746394
27203,0.844941
27204,0.497144
27205,0.731950
27206,0.594491
27207,0.168748
27208,0.574379
27209,0.927865
27210,0.434210
27211,0.815729
27212,0.450388
27213,0.532290
27214,0.137281
27215,0.332030
27216,0.850574
27218,0.423709
27219,0.445788
27220,0.912687
27221,0.495644
27223,0.875097
27224,0.577457
27225,0.718405
27226,0.818929
27227,0.621114
27228,0.740216
27230,0.232861
27232,0.167704
27233,0.488711
27234,0.727761
27235,0.225427
27236,0.907520
27237,0.885775
27238,0.940521
27239,0.664137
27240,0.809385
27241,0.775651
27242,0.632336
27243,0.132125
27244,0.088935
27246,0.817740
27247,0.181360
27248,0.322318
27249,0.267073
27250,0.695404
27251,0.191604
27252,0.185960
27253,0.830563
27254,0.323907
27255,0.247194
27256,0.701338
27258,0.246750
27259,0.628670
27260,0.289229
27261,0.933121
27262,0.383342
27263,0.740139
27264,0.432665
27265,0.715016
27266,0.508889
27267,0.298840
27268,0.281751
27269,0.960866
27271,0.726338
27272,0.548546
27273,0.239828
27274,0.472266
27276,0.622647
27277,0.758017
27278,0.298329
27279,0.301029
27280,0.231238
27281,0.195971
27282,0.481588
27283,0.651292
27284,0.189160
27285,0.705605
27286,0.035990
27287,0.836252
27288,0.333152
27289,0.673137
27290,0.204505
27291,0.284895
27293,0.862619
27294,0.339708
27295,0.709527
27296,0.280928
27297,0.451443
27298,0.642803
27299,0.387009
27301,0.183426
27302,0.951721
27303,0.650592
27304,0.570168
27305,0.700160
27307,0.912165
27308,0.279595
27309,0.835819
27310,0.186760
27312,0.347819
27313,0.026245
27314,0.072435
27316,0.501678
27317,0.816707
27318,0.702138
27319,0.730872
27320,0.743539
27321,0.240461
27322,0.270184
27323,0.789895
27324,0.942821
27325,0.261484
27326,0.287906
27328,0.727538
27330,0.869508
27331,0.933510
27332,0.417932
27333,0.675526
27335,0.204916
27336,0.364053
27337,0.729394
27338,0.761272
27339,0.246194
27340,0.454310
27341,0.844885
27342,0.400942
27343,0.357741
27344,0.476433
27345,0.588758
27346,0.215938
27347,0.350108
27348,0.219916
27349,0.815696
27350,0.583669
27351,0.225394
27352,0.295929
27353,0.234527
27354,0.694449
27355,0.195582
27356,0.649770
27357,0.706171
27358,0.316840
27359,0.831474
27360,0.128836
27361,0.481244
27362,0.850697
27364,0.426365
27366,0.700616
27367,0.297996
27368,0.315785
27369,0.846297
27370,0.056079
27371,0.370497
27372,0.480333
27375,0.083835
27376,0.256406
27377,0.137203
27378,0.383486
27379,0.666893
27381,0.100613
27382,0.523356
27383,0.706305
27384,0.157348
27385,0.779073
27386,0.535134
27387,0.900898
27388,0.810874
27389,0.921054
27390,0.253906
27391,0.816474
27392,0.671182
27393,0.705582
27395,0.462699
27396,0.819040
27397,0.469588
27398,0.728338
27399,0.599224
27400,0.204860
27401,0.864308
27402,0.563135
27404,0.132559
27405,0.829374
27406,0.716405
27407,0.796584
27408,0.511122
27409,0.396020
27410,0.789429
27411,0.363808
27412,0.355941
27413,0.776873
27414,0.223205
27415,0.945943
27417,0.560479
27418,0.481311
27419,0.773717
27420,0.320240
27421,0.785284
27423,0.201749
27424,0.248828
27425,0.861908
27426,0.374742
27427,0.190860
27428,0.364986
27429,0.739416
27430,0.366030
27431,0.449243
27432,0.232561
27433,0.565268
27435,0.200593
27436,0.756583
27437,0.315296
27438,0.189360
27439,0.572535
27440,0.902187
27441,0.783895
27442,0.341230
27443,0.542890
27444,0.257850
27445,0.531367
27446,0.872575
27447,0.729916
27448,0.168037
27449,0.400220
27450,0.393164
27451,0.279806
27452,0.202460
27453,0.211594
27454,0.721727
27455,0.844174
27456,0.819663
27457,0.540156
27458,0.609525
27459,0.942621
27460,0.412387
27461,0.883853
27462,0.294429
27463,0.774362
27464,0.805051
27465,0.208394
27466,0.436954
27467,0.350863
27468,0.447788
27469,0.831863
27470,0.394175
27471,0.440199
27472,0.884975
27473,0.348474
27474,0.509634
27475,0.273895
27476,0.937399
27477,0.810874
27478,0.321818
27480,0.265617
27481,0.718516
27482,0.841963
27483,0.940321
27484,0.869275
27485,0.649481
27486,0.346174
27487,0.060324
27488,0.259139
27489,0.868864
27490,0.231405
27491,0.877708
27492,0.154237
27493,0.308285
27494,0.146192
27495,0.323652
27496,0.444132
27497,0.259072
27498,0.242194
27500,0.693238
27501,0.545979
27502,0.105736
27503,0.215971
27505,0.585957
27506,0.705160
27507,0.025223
27508,0.272873
27509,0.823852
27510,0.192815
27511,0.261306
27512,0.390231
27514,0.507967
27515,0.451232
27516,0.862841
27517,0.554979
27518,0.331407
27520,0.841919
27521,0.860764
27522,0.092702
27523,0.897620
27524,0.389164
27525,0.267828
27526,0.782073
27527,0.216016
27529,0.878642
27531,0.494922
27532,0.128970
27534,0.933787
27535,0.436154
27536,0.843519
27537,0.365108
27538,0.659148
27539,0.566190
27540,0.701671
27541,0.129258
27542,0.047612
27543,0.168015
27544,0.349930
27545,0.492689
27546,0.825729
27547,0.941332
27548,0.310229
27549,0.782529
27551,0.737239
27552,0.596402
27553,0.301818
27554,0.439921
27555,0.752072
27556,0.360830
27557,0.844085
27558,0.787706
27559,0.761806
27560,0.572946
27561,0.322218
27562,0.865519
27563,0.292673
27564,0.864241
27565,0.734405
27566,0.346808
27567,0.474288
27569,0.439254
27570,0.944854
27571,0.936943
27572,0.639325
27573,0.933221
27574,0.892220
27576,0.420243
27577,0.764973
27578,0.194827
27579,0.481777
27580,0.526667
27581,0.335963
27582,0.679737
27583,0.813485
27584,0.267750
27585,0.446299
27586,0.692026
27587,0.775473
27588,0.199338
27589,0.278717
27590,0.769717
27591,0.722572
27592,0.904442
27593,0.714483
27594,0.125869
27596,0.633581
27597,0.679248
27598,0.780684
27599,0.891386
27600,0.408854
27601,0.401587
27602,0.268995
27604,0.844441
27605,0.667359
27606,0.429332
27607,0.301573
27608,0.530134
27609,0.719760
27610,0.387809
27611,0.355186
27613,0.223405
27614,0.936254
27615,0.183415
27617,0.727094
27618,0.401142
27619,0.478133
27620,0.310029
27622,0.250417
27623,0.657870
27624,0.351530
27625,0.843563
27626,0.593002
27627,0.507333
27628,0.438832
27630,0.694549
27631,0.563190
27633,0.666493
27634,0.247717
27635,0.829185
27636,0.723616
27637,0.249161
27638,0.157481
27639,0.960166
27640,0.915587
27641,0.662192
27643,0.300196
27644,0.464188
27645,0.610625
27647,0.246728
27648,0.851541
27649,0.338685
27650,0.278262
27651,0.310462
27652,0.296173
27653,0.261250
27654,0.191871
27655,0.074568
27656,0.313785
27657,0.179537
27658,0.587646
27659,0.934321
27660,0.325185
27661,0.932265
27662,0.374131
27663,0.136081
27665,0.882486
27666,0.613491
27667,0.461944
27668,0.628058
27671,0.262428
27672,0.129258
27673,0.530801
27675,0.842141
27676,0.412354
27677,0.881675
27678,0.457788
27679,0.627825
27680,0.734139
27681,0.088713
27682,0.412843
27683,0.962910
27684,0.510367
27685,0.336185
27686,0.824841
27687,0.429754
27688,0.760439
27689,0.882875
27690,0.231338
27691,0.561657
27692,0.395442
27693,0.431998
27694,0.195349
27695,0.411598
27696,0.122525
27697,0.557135
27698,0.395031
27699,0.956210
27700,0.357652
27701,0.530712
27702,0.645203
27703,0.126269
27704,0.708194
27705,0.265128
27706,0.845585
27707,0.327207
27710,0.050557
27711,0.406331
27712,0.828163
27713,0.955377
27714,0.100402
27715,0.374586
27717,0.375508
27718,0.827707
27719,0.867119
27720,0.620336
27721,0.483555
27722,0.772050
27723,0.152281
27724,0.010234
27725,0.185337
27727,0.448566
27728,0.167593
27729,0.046045
27730,0.808762
27731,0.609702
27732,0.221583
27733,0.418320
27734,0.796040
27735,0.421409
27736,0.400153
27737,0.051168
27738,0.302384
27739,0.752861
27740,0.818607
27741,0.315563
27742,0.774917
27743,0.233627
27744,0.262317
27745,0.276539
27746,0.141425
27747,0.374453
27748,0.200782
27749,0.330207
27750,0.030390
27751,0.116147
27752,0.444054
27753,0.543790
27754,0.564924
27755,0.695982
27756,0.790906
27757,0.713838
27759,0.849430
27760,0.321474
27761,0.514045
27762,0.345074
27763,0.122836
27764,0.801507
27765,0.689526
27766,0.460966
27767,0.856875
27768,0.422154
27769,0.252739
27770,0.271962
27771,0.899242
27772,0.167715
27773,0.266128
27774,0.729416
27775,0.887075
27776,0.734372
27777,0.460921
27778,0.063068
27779,0.253317
27780,0.018312
27781,0.794640
27782,0.127958
27783,0.543112
27784,0.515300
27785,0.381320
27786,0.860741
27787,0.570002
27788,0.773851
27789,0.418109
27790,0.259361
27791,0.960888
27792,0.856852
27793,0.240894
27794,0.674359
27795,0.164093
27796,0.108158
27797,0.708582
27798,0.155615
27799,0.404609
27800,0.898176
27801,0.746928
27802,0.287251
27803,0.814051
27804,0.679993
27805,0.098658
27806,0.528645
27807,0.298796
27808,0.202871
27809,0.784795
27810,0.188215
27811,0.793862
27812,0.689404
27813,0.655381
27814,0.842774
27815,0.331218
27816,0.816063
27817,0.375797
27818,0.457632
27819,0.373975
27820,0.792262
27821,0.415509
27822,0.347630
27823,0.041412
27824,0.327107
27825,0.319185
27827,0.224116
27828,0.959388
27829,0.311096
27830,0.445132
27831,0.488866
27832,0.108080
27833,0.703893
27834,0.925298
27835,0.608658
27836,0.231772
27837,0.314796
27838,0.432932
27839,0.549412
27840,0.915809
27842,0.315829
27843,0.347674
27844,0.907176
27845,0.269384
27846,0.235816
27847,0.515123
27849,0.400542
27851,0.046701
27852,0.335863
27853,0.447599
27854,0.406687
27855,0.796273
27857,0.478688
27858,0.295973
27859,0.324985
27860,0.831452
27861,0.193360
27862,0.214983
27863,0.680971
27864,0.325707
27865,0.865419
27866,0.368297
27867,0.149681
27868,0.935810
27869,0.380064
27870,0.851686
27871,0.174326
27872,0.801973
27873,0.316785
27874,0.240505
27875,0.838363
27876,0.181771
27877,0.050390
27878,0.590835
27879,0.443054
27880,0.934810
27881,0.434076
27882,0.813218
27883,0.218260
27884,0.931010
27885,0.221860
27886,0.446232
27887,0.699216
27888,0.399953
27889,0.727827
27890,0.651937
27891,0.257595
27892,0.521112
27893,0.173359
27894,0.112369
27895,0.652537
27897,0.944932
27898,0.433121
27900,0.342785
27901,0.391086
27902,0.345263
27903,0.738972
27904,0.325529
27905,0.774739
27906,0.483077
27907,0.637803
27908,0.454843
27909,0.826107
27910,0.845097
27911,0.420643
27912,0.614325
27913,0.212794
27914,0.156248
27915,0.805573
27916,0.444365
27917,0.329818
27919,0.826018
27920,0.699771
27921,0.020212
27922,0.390909
27923,0.370464
27924,0.811807
27925,0.400131
27926,0.768373
27927,0.492322
27928,0.728005
27929,0.359586
27930,0.792629
27931,0.232005
27932,0.149470
27933,0.745072
27934,0.032867
27935,0.436732
27936,0.839219
27937,0.261828
27938,0.677248
27939,0.452643
27940,0.310096
27942,0.335396
27943,0.390453
27944,0.481577
27945,0.413598
27946,0.082924
27947,0.635370
27948,0.347986
27949,0.534701
27950,0.472944
27951,0.675826
27953,0.219883
27954,0.024956
27955,0.239628
27956,0.815518
27958,0.830496
27959,0.411331
27961,0.676982
27962,0.374264
27963,0.581591
27964,0.932098
27965,0.816963
27966,0.125658
27968,0.404620
27969,0.942577
27970,0.882497
27971,0.926976
27972,0.418865
27973,0.959155
27974,0.740894
27975,0.829707
27976,0.855263
27977,0.608336
27978,0.102013
27979,0.381464
27981,0.869330
27982,0.140803
27983,0.250817
27984,0.285306
27985,0.759961
27986,0.214527
27987,0.775551
27988,0.198682
27989,0.796173
27990,0.675893
27991,0.175904
27992,0.350630
27993,0.457421
27994,0.834374
27995,0.768173
27996,0.866230
27997,0.700960
27998,0.758028
27999,0.088669
28000,0.735739
28001,0.304318
28002,0.783740
28003,0.242994
28004,0.437232
28005,0.254906
28006,0.275539
28007,0.780906
28008,0.444343
28010,0.670126
28011,0.225927
28012,0.419709
28013,0.887775
28014,0.127903
28016,0.974377
28017,0.214360
28018,0.199060
28019,0.508522
28020,0.554646
28021,0.590524
28022,0.436343
28023,0.556146
28025,0.270895
28026,0.030234
28028,0.260806
28029,0.924554
28030,0.820974
28031,0.162837
28032,0.363519
28034,0.845119
28035,0.768895
28036,0.361919
28037,0.156415
28038,0.686804
28039,0.405431
28040,0.644448
28041,0.680326
28042,0.211460
28043,0.253561
28045,0.338785
28046,0.461588
28047,0.283817
28048,0.803073
28049,0.853663
28050,0.610247
28051,0.719094
28052,0.365219
28053,0.320596
28054,0.746028
28055,0.924732
28056,0.121936
28057,0.361141
28058,0.777862
28059,0.277228
28060,0.272262
28061,0.444288
28062,0.382531
28063,0.174882
28064,0.952021
28066,0.839663
28067,0.956877
28068,0.746328
28069,0.218272
28070,0.877331
28071,0.718360
28072,0.759228
28073,0.904209
28074,0.342285
28075,0.860897
28076,0.911520
28077,0.723749
28078,0.615236
28079,0.084157
28080,0.876697
28081,0.827218
28082,0.789006
28084,0.329674
28085,0.959144
28086,0.351474
28087,0.275106
28088,0.862152
28089,0.250694
28090,0.524756
28091,0.673093
28093,0.821885
28094,0.600136
28095,0.868642
28096,0.220549
28098,0.522089
28099,0.865141
28101,0.222172
28102,0.495978
28103,0.896587
28104,0.337885
28105,0.869075
28107,0.204749
28108,0.520134
28109,0.681071
28110,0.182137
28111,0.537634
28112,0.603580
28113,0.168593
28114,0.760561
28116,0.534545
28117,0.266106
28118,0.765539
28119,0.374908
28120,0.160592
28121,0.627947
28122,0.359708
28123,0.220727
28124,0.598913
28125,0.150337
28126,0.223972
28127,0.178782
28128,0.863553
28129,0.297373
28131,0.655615
28132,0.345563
28133,0.123181
28134,0.217316
28135,0.260606
28136,0.936087
28138,0.106325
28140,0.207616
28141,0.366253
28142,0.318740
28143,0.217594
28144,0.537934
28145,0.196415
28146,0.438232
28147,0.490578
28148,0.469210
28149,0.939676
28150,0.261006
28151,0.500544
28152,0.390675
28153,0.058601
28154,0.185871
28155,0.273462
28156,0.196360
28157,0.511067
28158,0.019600
28159,0.324485
28160,0.219527
28161,0.602713
28162,0.786629
28163,0.225105
28164,0.032067
28165,0.529023
28166,0.324074
28167,0.733972
28168,0.925954
28170,0.185926
28171,0.395942
28172,0.514845
28173,0.836207
28174,0.124981
28175,0.551679
28177,0.809296
28178,0.111258
28179,0.723205
28180,0.243172
28181,0.428554
28182,0.280984
28183,0.296984
28184,0.886197
28185,0.830696
28186,0.862808
28187,0.665281
28190,0.673471
28191,0.672815
28192,0.251039
28193,0.234105
28195,0.648770
28196,0.706571
28197,0.099480
28198,0.225216
28199,0.450021
28200,0.089113
28201,0.885886
28202,0.047312
28203,0.418809
28204,0.036923
28205,0.059112
28206,0.188449
28207,0.729861
28208,0.896864
28209,0.654081
28210,0.762161
28211,0.137281
28212,0.072946
28213,0.316729
28214,0.625125
28215,0.817707
28217,0.855163
28218,0.745828
28219,0.107102
28220,0.726149
28222,0.522278
28223,0.262761
28224,0.107491
28225,0.906276
28226,0.211882
28227,0.611114
28228,0.812618
28229,0.195249
28230,0.805807
28231,0.663893
28232,0.574102
28233,0.163593
28235,0.768662
28236,0.849441
28237,0.283317
28238,0.512367
28239,0.318985
28240,0.228150
28241,0.087113
28242,0.256750
28243,0.648959
28245,0.989355
28246,0.949954
28247,0.859752
28248,0.279440
28250,0.064290
28251,0.245850
28252,0.233694
28253,0.313529
28254,0.313640
28255,0.732016
28256,0.473411
28257,0.748894
28258,0.653870
28259,0.659426
28260,0.848686
28261,0.634381
28262,0.231294
28263,0.929365
28264,0.211960
28265,0.211160
28267,0.909265
28269,0.495055
28270,0.028023
28271,0.602880
28272,0.457132
28273,0.490466
28274,0.952999
28275,0.212049
28276,0.245650
28277,0.752717
28278,0.959855
28279,0.708305
28280,0.187237
28281,0.760906
28282,0.756450
28283,0.581468
28284,0.397698
28285,0.575902
28286,0.332452
28287,0.826507
28288,0.884953
28289,0.180260
28290,0.492333
28291,0.162259
28292,0.294784
28293,0.158504
28294,0.223061
28295,0.271862
28296,0.191571
28297,0.166370
28298,0.755350
28299,0.316507
28300,0.163537
28301,0.884753
28302,0.126181
28303,0.368286
28304,0.844797
28305,0.066313
28306,0.770162
28307,0.627347
28308,0.815274
28309,0.326018
28310,0.124425
28311,0.773039
28312,0.430210
28313,0.795540
28315,0.654615
28316,0.758361
28317,0.917454
28318,0.210727
28319,0.510234
28320,0.260050
28321,0.849386
28322,0.710860
28323,0.501333
28324,0.036145
28325,0.369497
28326,0.709694
28327,0.900676
28328,0.696760
28329,0.693215
28330,0.282417
28331,0.608691
28332,0.906042
28333,0.819740
28334,0.300162
28335,0.273328
28336,0.797996
28337,0.340852
28338,0.125814
28339,0.678537
28340,0.772006
28341,0.843097
28342,0.263128
28344,0.918154
28345,0.804640
28346,0.716594
28347,0.866953
28348,0.189404
28350,0.667270
28351,0.535823
28352,0.229538
28353,0.323396
28354,0.305751
28355,0.707460
28356,0.754583
28357,0.514589
28358,0.413331
28359,0.573413
28360,0.900353
28361,0.685604
28362,0.201938
28363,0.190071
28364,0.734316
28366,0.684593
28367,0.351141
28368,0.817329
28369,0.221560
28370,0.254750
28371,0.246150
28372,0.866353
28374,0.352841
28376,0.906309
28377,0.168870
28380,0.835507
28381,0.270962
28382,0.332063
28384,0.158537
28385,0.211927
28386,0.818118
28387,0.623258
28389,0.745105
28390,0.251661
28391,0.430987
28392,0.257383
28393,0.266584
28394,0.719349
28395,0.199593
28396,0.142014
28397,0.690449
28398,0.120514
28399,0.875486
28400,0.502222
28401,0.027501
28402,0.681448
28403,0.954021
28405,0.275284
28406,0.317385
28407,0.177837
28408,0.449832
28409,0.646859
28410,0.963744
28411,0.576046
28412,0.723061
28413,0.377731
28414,0.136092
28415,0.293262
28416,0.625992
28417,0.904420
28418,0.282773
28421,0.427121
28422,0.895998
28423,0.983711
28424,0.921487
28425,0.728705
28426,0.060101
28427,0.905376
28428,0.678548
28429,0.158215
28430,0.312118
28431,0.804662
28433,0.621914
28434,0.436754
28435,0.744061
28436,0.136825
28437,0.390764
28438,0.659504
28440,0.882153
28441,0.681871
28442,0.443232
28443,0.934243
28444,0.643114
28445,0.211382
28446,0.460188
28447,0.816363
28448,0.365353
28449,0.976399
28450,0.162926
28451,0.303407
28452,0.083691
28453,0.353086
28454,0.813707
28455,0.929732
28456,0.264661
28457,0.782428
28459,0.094224
28460,0.462944
28461,0.633825
28462,0.486966
28463,0.517489
28464,0.661659
28465,0.266806
28466,0.586235
28467,0.085435
28468,0.949310
28469,0.062846
28470,0.293640
28471,0.545190
28473,0.261595
28474,0.828674
28475,0.629681
28476,0.803529
28477,0.476444
28478,0.902820
28479,0.149737
28480,0.848163
28481,0.366008
28482,0.316785
28483,0.577591
28484,0.277062
28485,0.838841
28486,0.862630
28487,0.016945
28488,0.364453
28489,0.152715
28490,0.272839
28491,0.152292
28492,0.429943
28493,0.138070
28494,0.403898
28495,0.612302
28496,0.867564
28498,0.779128
28499,0.755217
28500,0.578902
28502,0.348441
28503,0.367886
28504,0.841196
28505,0.144625
28506,0.673804
28507,0.141892
28508,0.793651
28509,0.596958
28510,0.809329
28512,0.029001
28513,0.499044
28514,0.836119
28515,0.163181
28516,0.545145
28517,0.837252
28518,0.636014
28519,0.733416
28520,0.702616
28521,0.829907
28522,0.355252
28523,0.098724
28524,0.837363
28525,0.311274
28526,0.315907
28527,0.332396
28528,0.885175
28529,0.880575
28530,0.778428
28531,0.316674
28532,0.417532
28533,0.377386
28534,0.790818
28535,0.323663
28536,0.228372
28538,0.297584
28539,0.764617
28540,0.143992
28541,0.098480
28542,0.885931
28544,0.817374
28546,0.402398
28547,0.508011
28550,0.720383
28551,0.148459
28553,0.266884
28554,0.735650
28555,0.472855
28556,0.861097
28557,0.261306
28558,0.278384
28559,0.195415
28560,0.397487
28561,0.527512
28562,0.057446
28563,0.624514
28564,0.464988
28565,0.587235
28566,0.210427
28567,0.296251
28568,0.208671
28569,0.290495
28570,0.116125
28571,0.627958
28572,0.410876
28573,0.881820
28574,0.604847
28576,0.905631
28577,0.745539
28578,0.070824
28579,0.594202
28580,0.776073
28581,0.202371
28582,0.366175
28583,0.829796
28584,0.561801
28587,0.624336
28588,0.404242
28589,0.197204
28590,0.865297
28591,0.771784
28593,0.488722
28594,0.167148
28595,0.599491
28596,0.866319
28597,0.769084
28598,0.802140
28599,0.827185
28601,0.309551
28602,0.838930
28603,0.714816
28605,0.228205
28606,0.321563
28607,0.365986
28608,0.301340
28609,0.358864
28610,0.717638
28611,0.219183
28612,0.621180
28613,0.495489
28614,0.323907
28615,0.177393
28616,0.437876
28617,0.953799
28618,0.198582
28620,0.163737
28621,0.321318
28622,0.259517
28623,0.360452
28624,0.356119
28626,0.395720
28627,0.813529
28628,0.881375
28629,0.235416
28630,0.730883
28631,0.845085
28632,0.865586
28633,0.543801
28634,0.767717
28635,0.191971
28636,0.126058
28637,0.686260
28638,0.368697
28639,0.864364
28641,0.933687
28642,0.749272
28643,0.352852
28644,0.690504
28645,0.638570
28646,0.891042
28647,0.128214
28648,0.194604
28649,0.759539
28650,0.215294
28651,0.410987
28652,0.112803
28653,0.779262
28654,0.846885
28655,0.298518
28656,0.631670
28657,0.766117
28658,0.125114
28659,0.618403
28661,0.776028
28662,0.153037
28665,0.682815
28666,0.251661
28667,0.915954
28668,0.445221
28669,0.683649
28670,0.850986
28671,0.934576
28672,0.076379
28673,0.396409
28674,0.904376
28675,0.346441
28676,0.273995
28677,0.714805
28678,0.845752
28679,0.837074
28680,0.363097
28681,0.296084
28682,0.168059
28683,0.169859
28684,0.335507
28685,0.841552
28686,0.690715
28688,0.467444
28689,0.497522
28690,0.459144
28691,0.442321
28692,0.861786
28693,0.409209
28694,0.302196
28695,0.140103
28696,0.254339
28697,0.164315
28698,0.658281
28699,0.344652
28700,0.716816
28701,0.702260
28702,0.221594
28704,0.346263
28706,0.171993
28707,0.573113
28709,0.867019
28710,0.974977
28711,0.741850
28712,0.624569
28713,0.752283
28714,0.759428
28715,0.815929
28716,0.298996
28717,0.825007
28718,0.218616
28719,0.318740
28720,0.895098
28721,0.254495
28722,0.147848
28723,0.620636
28724,0.722494
28726,0.684315
28727,0.151970
28728,0.347108
28730,0.552512
28731,0.511611
28732,0.256939
28733,0.211205
28734,0.838852
28735,0.862541
28736,0.419487
28737,0.354497
28738,0.303896
28739,0.349119
28740,0.761584
28741,0.343074
28742,0.798673
28744,0.244461
28745,0.828085
28747,0.465821
28749,0.761772
28750,0.175171
28751,0.185360
28752,0.329130
28753,0.251006
28754,0.560868
28755,0.496400
28756,0.212094
28757,0.705738
28758,0.709027
28760,0.814596
28761,0.235505
28762,0.258006
28763,0.370408
28764,0.138248
28765,0.560857
28766,0.797851
28767,0.745861
28768,0.126869
28769,0.786395
28771,0.322885
28773,0.382775
28774,0.687071
28775,0.280706
28776,0.834652
28777,0.781073
28778,0.527045
28779,0.770784
28780,0.460188
28781,0.902342
28782,0.640714
28783,0.326152
28784,0.377764
28785,0.843585
28786,0.335630
28787,0.519912
28788,0.350719
28789,0.330507
28790,0.253161
28791,0.295607
28793,0.573635
28794,0.051057
28795,0.747561
28796,0.399887
28797,0.572057
28799,0.400198
28800,0.878653
28801,0.204805
28802,0.181282
28803,0.917509
28804,0.214394
28806,0.318652
28807,0.142259
28808,0.701049
28809,0.216760
28810,0.806640
28811,0.559968
28813,0.287540
28814,0.875708
28815,0.954966
28816,0.378008
28817,0.226149
28818,0.217560
28819,0.190360
28820,0.416631
28821,0.318729
28822,0.149059
28823,0.854141
28824,0.107669
28825,0.546445
28826,0.286973
28827,0.949266
28828,0.374053
28829,0.666215
28830,0.651370
28831,0.339696
28832,0.490344
28833,0.156415
28834,0.963166
28835,0.582457
28836,0.270473
28837,0.971644
28838,0.588869
28839,0.492555
28840,0.877997
28841,0.200971
28842,0.867430
28843,0.498711
28845,0.614425
28846,0.814840
28847,0.230372
28849,0.825385
28850,0.346285
28851,0.180082
28852,0.132525
28853,0.724672
28854,0.270084
28855,0.128103
28856,0.280228
28857,0.783762
28858,0.919198
28859,0.416098
28860,0.856241
28861,0.127103
28862,0.861775
28863,0.535712
28864,0.775728
28865,0.018823
28866,0.056112
28867,0.404165
28868,0.586091
28869,0.320307
28870,0.734027
28871,0.383920
28872,0.029823
28873,0.844863
28875,0.780828
28876,0.407954
28877,0.566901
28878,0.346774
28879,0.309962
28880,0.652926
28881,0.613791
28882,0.362097
28883,0.695238
28884,0.839974
28885,0.600713
28886,0.414354
28887,0.829052
28888,0.822052
28889,0.900776
28890,0.104991
28891,0.652126
28892,0.821729
28893,0.143537
28896,0.280273
28898,0.219505
28899,0.811507
28900,0.819652
28901,0.649126
28902,0.245672
28904,0.159659
28905,0.224494
28906,0.732138
28907,0.426209
28910,0.635203
28911,0.786906
28912,0.470444
28913,0.163059
28914,0.595202
28915,0.744994
28916,0.779273
28917,0.922921
28919,0.849474
28920,0.247761
28921,0.911520
28922,0.857541
28923,0.679626
28924,0.079813
28925,0.776484
28926,0.745005
28927,0.659292
28928,0.290584
28929,0.029223
28930,0.134492
28932,0.257906
28933,0.350119
28934,0.876964
28935,0.952755
28936,0.365164
28937,0.271262
28938,0.619947
28939,0.316663
28940,0.445765
28942,0.824196
28943,0.711638
28944,0.379342
28945,0.194504
28946,0.619747
28947,0.896875
28948,0.366664
28949,0.283051
28950,0.102480
28952,0.085991
28954,0.811707
28955,0.610202
28956,0.187982
28957,0.290384
28958,0.868353
28959,0.281728
28960,0.309396
28961,0.837274
28962,0.153192
28963,0.295051
28964,0.552790
28966,0.860652
28967,0.869008
28968,0.631914
28969,0.912231
28970,0.818763
28971,0.756783
28972,0.061379
28973,0.711982
28974,0.308629
28975,0.116680
28976,0.412165
28977,0.875764
28978,0.710205
28979,0.167470
28980,0.811085
28981,0.179815
28982,0.749517
28983,0.529412
28984,0.606569
28985,0.835519
28986,0.239739
28987,0.308996
28988,0.593624
28989,0.792640
28990,0.780562
28991,0.174582
28992,0.364975
28993,0.784706
28994,0.916031
28995,0.141414
28996,0.317107
28997,0.790340
28998,0.269117
28999,0.428398
29000,0.233605
29001,0.817985
29002,0.239694
29003,0.690238
29004,0.891753
29005,0.189438
29006,0.470844
29007,0.762828
29008,0.444154
29009,0.288262
29010,0.755483
29011,0.759672
29012,0.253406
29013,0.715049
29014,0.774417
29015,0.813696
29016,0.157881
29017,0.172537
29019,0.471777
29020,0.556257
29021,0.827396
29022,0.704749
29023,0.379286
29024,0.673293
29025,0.855941
29026,0.541334
29027,0.707771
29028,0.881342
29029,0.242794
29030,0.877175
29031,0.791084
29032,0.896575
29033,0.356363
29034,0.279251
29035,0.317429
29036,0.324596
29037,0.480755
29038,0.722838
29039,0.759528
29040,0.668026
29041,0.326863
29042,0.875097
29043,0.550112
29044,0.325318
29045,0.350197
29048,0.912765
29049,0.354108
29050,0.096635
29051,0.850686
29052,0.196282
29053,0.916998
29054,0.598147
29055,0.880486
29056,0.942099
29057,0.071679
29058,0.733839
29060,0.017023
29061,0.935321
29062,0.563813
29063,0.812262
29064,0.662248
29065,0.551923
29066,0.450010
29067,0.755250
29068,0.775417
29069,0.471844
29070,0.473255
29071,0.697127
29072,0.845685
29073,0.222983
29075,0.058679
29077,0.827574
29078,0.857252
29079,0.116691
29080,0.893631
29081,0.561457
29083,0.719594
29084,0.522645
29085,0.357230
29086,0.311818
29087,0.409409
29088,0.750039
29089,0.819285
29090,0.941243
29091,0.522612
29092,0.185282
29093,0.825807
29094,0.494611
29095,0.573535
29096,0.185382
29097,0.407898
29098,0.678671
29100,0.785251
29101,0.535923
29102,0.900409
29103,0.233361
29104,0.024578
29105,0.603369
29106,0.382386
29107,0.667181
29108,0.596658
29109,0.249828
29110,0.686104
29111,0.552590
29112,0.757106
29113,0.444188
29114,0.766395
29115,0.571668
29116,0.445210
29117,0.836274
29118,0.376919
29119,0.794662
29120,0.825852
29122,0.836507
29123,0.656748
29124,0.876075
29125,0.073602
29126,0.422054
29127,0.415598
29128,0.570379
29129,0.597891
29130,0.877197
29131,0.175748
29132,0.588613
29133,0.145370
29134,0.324963
29135,0.085191
29136,0.575324
29137,0.791895
29138,0.850641
29139,0.242639
29140,0.194749
29142,0.257406
29143,0.958855
29144,0.754361
29145,0.749839
29146,0.808174
29147,0.312751
29148,0.860486
29149,0.805562
29150,0.861619
29151,0.059468
29152,0.358997
29153,0.859086
29154,0.878131
29155,0.428698
29156,0.731072
29157,0.174782
29158,0.800240
29159,0.470977
29160,0.033579
29161,0.285784
29162,0.131258
29163,0.124592
29164,0.664459
29165,0.898598
29166,0.418432
29167,0.348141
29168,0.227394
29172,0.300562
29173,0.248917
29175,0.952621
29176,0.606047
29177,0.461066
29178,0.395364
29179,0.498522
29180,0.683482
29182,0.100902
29183,0.823174
29184,0.244583
29185,0.185426
29186,0.479577
29187,0.822918
29188,0.188204
29189,0.964655
29190,0.074602
29191,0.759317
29192,0.512989
29193,0.852130
29195,0.341574
29196,0.284529
29197,0.753728
29198,0.708749
29199,0.939143
29200,0.855641
29201,0.641459
29202,0.569479
29204,0.751483
29205,0.284506
29206,0.070346
29207,0.572090
29208,0.173048
29210,0.301373
29211,0.788518
29212,0.167904
29214,0.759806
29216,0.763628
29217,0.808562
29218,0.232016
29219,0.410909
29220,0.147648
29221,0.487800
29222,0.749317
29224,0.797151
29225,0.668526
29226,0.735616
29227,0.229850
29228,0.347141
29229,0.198671
29230,0.569002
29231,0.176104
29232,0.653259
29234,0.225005
29235,0.198304
29236,0.395709
29237,0.163193
29238,0.802273
29239,0.491100
29240,0.765928
29241,0.377053
29244,0.101580
29245,0.102958
29247,0.533690
29248,0.612336
29249,0.214949
29250,0.904998
29252,0.910842
29253,0.199971
29255,0.201749
29256,0.423521
29257,0.888386
29258,0.124436
29260,0.327341
29261,0.271606
29262,0.318485
29263,0.902042
29264,0.866664
29265,0.846541
29266,0.216238
29268,0.295118
29269,0.980822
29270,0.171115
29271,0.625858
29272,0.750339
29273,0.706971
29274,0.208916
29275,0.211282
29276,0.271250
29277,0.277451
29278,0.855586
29280,0.626114
29281,0.110036
29282,0.931365
29283,0.221927
29284,0.507756
29285,0.923876
29286,0.203316
29287,0.881920
29288,0.189949
29289,0.079980
29290,0.837563
29291,0.597647
29292,0.417743
29293,0.858864
29294,0.284862
29297,0.720727
29298,0.609902
29299,0.428598
29300,0.842352
29301,0.356030
29302,0.570146
29303,0.965933
29304,0.344708
29305,0.379420
29306,0.307574
29307,0.246661
29308,0.168270
29309,0.479411
29310,0.307618
29311,0.840074
29312,0.779317
29314,0.680704
29315,0.146937
29316,0.849552
29317,0.363797
29318,0.396953
29319,0.940999
29320,0.437632
29321,0.610102
29322,0.199549
29323,0.021712
29324,0.626481
29325,0.880364
29326,0.817296
29327,0.441210
29329,0.436243
29331,0.464733
29332,0.720260
29333,0.341119
29334,0.503911
29335,0.827707
29336,0.565790
29337,0.337485
29339,0.458499
29340,0.684371
29341,0.295273
29342,0.838019
29343,0.240516
29344,0.706760
29345,0.322685
29346,0.745728
29347,0.664048
29348,0.384620
29349,0.805618
29350,0.761572
29351,0.587357
29352,0.781206
29353,0.513823
29354,0.880697
29355,0.503533
29356,0.388253
29357,0.126381
29358,0.262506
29359,0.227938
29360,0.303785
29361,0.458666
29362,0.264184
29364,0.591635
29366,0.556457
29367,0.555468
29368,0.318440
29369,0.255717
29370,0.148081
29371,0.211516
29372,0.541879
29373,0.420265
29374,0.168726
29375,0.261761
29376,0.768495
29377,0.359175
29378,0.788006
29379,0.885531
29380,0.750128
29381,0.262906
29382,0.152437
29383,0.880586
29384,0.306496
29385,0.333252
29386,0.297518
29387,0.528823
29388,0.443243
29389,0.052279
29390,0.939699
29391,0.238616
29392,0.169704
29393,0.050090
29394,0.782817
29396,0.196482
29397,0.617069
29398,0.258828
29399,0.104180
29400,0.077491
29401,0.703227
29402,0.281506
29403,0.954455
29404,0.897509
29406,0.305640
29407,0.347530
29408,0.310251
29409,0.384375
29412,0.333707
29413,0.207682
29414,0.944899
29415,0.935076
29416,0.193138
29419,0.110714
29421,0.218272
29422,0.477288
29424,0.096702
29425,0.376853
29426,0.840685
29427,0.868897
29430,0.891853
29432,0.515334
29433,0.182660
29434,0.392920
29435,0.240128
29436,0.111747
29437,0.014323
29438,0.836396
29439,0.323452
29440,0.727049
29441,0.164537
29443,0.638314
29444,0.938421
29445,0.508245
29446,0.259150
29448,0.215049
29450,0.609925
29451,0.694604
29452,0.431487
29453,0.172426
29455,0.193438
29456,0.961566
29457,0.315985
29458,0.314129
29459,0.309807
29460,0.572824
29461,0.229183
29462,0.349463
29463,0.560190
29464,0.865008
29465,0.827263
29467,0.411665
29468,0.059479
29469,0.690349
29470,0.231761
29471,0.436932
29473,0.924532
29474,0.554023
29475,0.088480
29476,0.253783
29477,0.851019
29478,0.684015
29479,0.850652
29480,0.317096
29481,0.250772
29482,0.600647
29483,0.514545
29484,0.632258
29485,0.682549
29486,0.347552
29487,0.101069
29488,0.344885
29490,0.366253
29493,0.281340
29494,0.209705
29495,0.659348
29496,0.759884
29497,0.887186
29499,0.856097
29500,0.079635
29501,0.469344
29502,0.365786
29503,0.130147
29504,0.568057
29505,0.939399
29506,0.316274
29507,0.115814
29508,0.638414
29509,0.409109
29510,0.144825
29511,0.210860
29512,0.325818
29513,0.177793
29514,0.758139
29515,0.120136
29516,0.789018
29517,0.175715
29518,0.139325
29519,0.653981
29520,0.650481
29522,0.830485
29523,0.645603
29524,0.699349
29525,0.721394
29526,0.302440
29527,0.472177
29528,0.839330
29529,0.340663
29530,0.653370
29531,0.359019
29532,0.613236
29533,0.285406
29534,0.429587
29535,0.837685
29536,0.635170
29537,0.750328
29538,0.732005
29539,0.380264
29541,0.845474
29542,0.324729
29543,0.681104
29544,0.282284
29545,0.640559
29546,0.475244
29548,0.556790
29549,0.763673
29550,0.425043
29551,0.315863
29552,0.781606
29553,0.118647
29554,0.716905
29555,0.894075
29556,0.843352
29557,0.818585
29558,0.604191
29560,0.775906
29561,0.615391
29562,0.929432
29563,0.694993
29564,0.288451
29565,0.259028
29566,0.288206
29567,0.256717
29568,0.545590
29569,0.828407
29570,0.341819
29571,0.231450
29572,0.173793
29573,0.831230
29574,0.566201
29575,0.360508
29576,0.449054
29577,0.549023
29578,0.071779
29579,0.208160
29581,0.318407
29582,0.176082
29583,0.866008
29584,0.054935
29585,0.755072
29586,0.564901
29587,0.266473
29588,0.450577
29589,0.316385
29591,0.370042
29592,0.885642
29593,0.034834
29594,0.089380
29596,0.273373
29597,0.648103
29598,0.274295
29600,0.640048
29601,0.371153
29602,0.253828
29603,0.357197
29604,0.691160
29605,0.545012
29606,0.046145
29607,0.879375
29608,0.749706
29609,0.166815
29610,0.838219
29611,0.045901
29612,0.210771
29613,0.699793
29614,0.281317
29615,0.901542
29616,0.363197
29617,0.190904
29618,0.683049
29619,0.945521
29620,0.518556
29621,0.383175
29622,0.205060
29623,0.075691
29624,0.714694
29625,0.217727
29626,0.233772
29627,0.821796
29628,0.238405
29630,0.892298
29631,0.721149
29632,0.746717
29633,0.308818
29634,0.507967
29635,0.908931
29636,0.322874
29637,0.346019
29638,0.542445
29639,0.328552
29640,0.614847
29641,0.104102
29642,0.240494
29643,0.819929
29644,0.251439
29645,0.876242
29646,0.180726
29647,0.299007
29648,0.809940
29649,0.243372
29650,0.151692
29651,0.561457
29652,0.259172
29653,0.622214
29654,0.444343
29655,0.988822
29656,0.688349
29657,0.788984
29658,0.689960
29659,0.188893
29660,0.154370
29661,0.232372
29662,0.725294
29663,0.286117
29664,0.303685
29665,0.098624
29666,0.488944
29667,0.289429
29668,0.808196
29670,0.320374
29671,0.154792
29673,0.122247
29675,0.352008
29676,0.478788
29677,0.932143
29678,0.112447
29679,0.715327
29680,0.780262
29681,0.655681
29683,0.506556
29684,0.372386
29685,0.802440
29687,0.596724
29688,0.269484
29689,0.171548
29690,0.253195
29691,0.580246
29692,0.279540
29693,0.725494
29694,0.277428
29695,0.366408
29697,0.463821
29698,0.730550
29699,0.323507
29700,0.548157
29702,0.662537
29703,0.280295
29704,0.081357
29707,0.739528
29708,0.209338
29709,0.515367
29710,0.263828
29712,0.819652
29713,0.605280
29714,0.861986
29715,0.811429
29716,0.327807
29717,0.953666
29718,0.248994
29719,0.209149
29720,0.328452
29721,0.332774
29722,0.581235
29723,0.623725
29724,0.535167
29725,0.077757
29726,0.793784
29727,0.345430
29728,0.838452
29729,0.088613
29730,0.447188
29731,0.264217
29732,0.708949
29733,0.818418
29734,0.925854
29735,0.869219
29736,0.242239
29737,0.754617
29738,0.265839
29739,0.428987
29740,0.225494
29741,0.281740
29742,0.238205
29743,0.608147
29744,0.275995
29745,0.361164
29747,0.563357
29748,0.107714
29749,0.818207
29750,0.903898
29751,0.485222
29752,0.339952
29753,0.159626
29754,0.032756
29755,0.301107
29756,0.730161
29757,0.447921
29758,0.713094
29759,0.079180
29760,0.779562
29761,0.718216
29762,0.298029
29764,0.377153
29765,0.784273
29766,0.294851
29767,0.122336
29768,0.842952
29769,0.118969
29770,0.494767
29771,0.361697
29772,0.684682
29773,0.946043
29775,0.796862
29776,0.707982
29777,0.459155
29778,0.105047
29779,0.627047
29781,0.300929
29782,0.159581
29783,0.655070
29784,0.836474
29785,0.420776
29786,0.287740
29787,0.220494
29788,0.851930
29789,0.318252
29790,0.802296
29791,0.238772
29792,0.735072
29793,0.687126
29794,0.782273
29795,0.799696
29796,0.583813
29797,0.855975
29798,0.313085
29799,0.155537
29800,0.796429
29801,0.230561
29802,0.452399
29803,0.811129
29804,0.941799
29805,0.377720
29806,0.395609
29808,0.801951
29809,0.787440
29810,0.068679
29811,0.377331
29812,0.899053
29813,0.532579
29814,0.206593
29815,0.391153
29816,0.206571
29817,0.319007
29818,0.693571
29819,0.044268
29820,0.619136
29821,0.639392
29822,0.264806
29823,0.376197
29824,0.324529
29825,0.225616
29826,0.397264
29827,0.303451
29828,0.365664
29829,0.650148
29831,0.724461
29832,0.857808
29833,0.906853
29834,0.235027
29835,0.987266
29836,0.930976
29838,0.893953
29840,0.258139
29842,0.726505
29843,0.441054
29844,0.265206
29845,0.236983
29846,0.820763
29848,0.570690
29850,0.306818
29851,0.150670
29852,0.848763
29853,0.187693
29854,0.697215
29855,0.201404
29856,0.368053
29857,0.785940
29858,0.848486
29859,0.845285
29861,0.496011
29862,0.816274
29863,0.219160
29865,0.793607
29866,0.554546
29867,0.831952
29868,0.734383
29869,0.637114
29870,0.660615
29871,0.462110
29872,0.678160
29873,0.216638
29874,0.196538
29875,0.790695
29876,0.952210
29877,0.337363
29878,0.754039
29879,0.223972
29880,0.723283
29881,0.919309
29882,0.199660
29883,0.743305
29884,0.959088
29885,0.943210
29887,0.143992
29888,0.909431
29889,0.313907
29890,0.969377
29891,0.313029
29892,0.310562
29893,0.259339
29894,0.238372
29895,0.151492
29896,0.085791
29897,0.929543
29898,0.248417
29899,0.284384
29900,0.401498
29901,0.692993
29903,0.796718
29904,0.792829
29905,0.958066
29906,0.875186
29907,0.462877
29908,0.327596
29910,0.343341
29911,0.391553
29912,0.743328
29913,0.521045
29914,0.199716
29915,0.419320
29916,0.863075
29917,0.096580
29918,0.530645
29919,0.821752
29920,0.796807
29922,0.432832
29923,0.716305
29924,0.460155
29925,0.271806
29926,0.295629
29927,0.454743
29928,0.559079
29929,0.913543
29930,0.372386
29931,0.402687
29932,0.259550
29933,0.451799
29934,0.173493
29935,0.223427
29936,0.829030
29937,0.220527
29938,0.353175
29939,0.793984
29940,0.249639
29941,0.015167
29942,0.112969
29943,0.377708
29944,0.059712
29945,0.297718
29946,0.748939
29947,0.725261
29948,0.744928
29950,0.839741
29951,0.283929
29952,0.671304
29953,0.184915
29954,0.813918
29955,0.279428
29956,0.965144
29957,0.829585
29959,0.245694
29960,0.602713
29961,0.855486
29962,0.985533
29963,0.270550
29964,0.874131
29965,0.689204
29966,0.940154
29967,0.227894
29968,0.336519
29969,0.963977
29970,0.536290
29971,0.444299
29972,0.894498
29973,0.284662
29974,0.781962
29975,0.291751
29976,0.299729
29977,0.680248
29978,0.756572
29979,0.305529
29980,0.816985
29981,0.198971
29982,0.905576
29983,0.149448
29984,0.112514
29985,0.747850
29986,0.312885
29987,0.671326
29988,0.914331
29989,0.129270
29990,0.492644
29991,0.235061
29992,0.821852
29993,0.360341
29994,0.314629
29995,0.110025
29996,0.421765
29998,0.831774
30000,0.925254
30001,0.792073
30002,0.236627
30003,0.766450
30004,0.505811
30005,0.145937
30006,0.670437
30007,0.815351
30009,0.349341
30010,0.801284
30011,0.852830
30012,0.888764
30013,0.958377
30014,0.642603
30015,0.418743
30017,0.492244
30018,0.227505
30019,0.356586
30020,0.519056
30021,0.250783
30023,0.562857
30024,0.238405
30025,0.375175
30026,0.110580
30027,0.800807
30029,0.983877
30030,0.955199
30031,0.550523
30032,0.309096
30033,0.778828
30034,0.315718
30035,0.195915
30036,0.281073
30037,0.174737
30038,0.639048
30039,0.136459
30040,0.150181
30042,0.745517
30043,0.193538
30044,0.810096
30045,0.679560
30046,0.397064
30047,0.588158
30048,0.036334
30049,0.289095
30050,0.822052
30051,0.322407
30052,0.140492
30053,0.722716
30054,0.489933
30055,0.823674
30056,0.676315
30057,0.818640
30058,0.333863
30059,0.644803
30060,0.393809
30061,0.913665
30062,0.253350
30063,0.791484
30064,0.532145
30069,0.151103
30070,0.871042
30071,0.212416
30072,0.358030
30073,0.332130
30074,0.222027
30075,0.554590
30076,0.141314
30077,0.873308
30078,0.689882
30079,0.888709
30080,0.776028
30081,0.630503
30082,0.178860
30083,0.788818
30084,0.382286
30085,0.292462
30086,0.675682
30087,0.936387
30088,0.257250
30089,0.919443
30090,0.322329
30091,0.551568
30092,0.944377
30093,0.237572
30094,0.255872
30095,0.842485
30096,0.711594
30097,0.182560
30098,0.355341
30099,0.774617
30100,0.850197
30101,0.239216
30102,0.417698
30103,0.403709
30104,0.177815
30105,0.262295
30106,0.242261
30107,0.667337
30108,0.634970
30109,0.795373
30110,0.151203
30111,0.115303
30112,0.720105
30113,0.788418
30114,0.927587
30115,0.371508
30116,0.390864
30117,0.945854
30119,0.710282
30120,0.571313
30121,0.257639
30122,0.297907
30123,0.156781
30124,0.310496
30125,0.788062
30126,0.128414
30127,0.634392
30128,0.452843
30129,0.785062
30130,0.597213
30131,0.715971
30132,0.585135
30133,0.112714
30134,0.312740
30135,0.880431
30136,0.409665
30137,0.431310
30138,0.086880
30139,0.933143
30140,0.461455
30141,0.813596
30142,0.181693
30144,0.498622
30145,0.517967
30146,0.530812
30147,0.892209
30148,0.504500
30150,0.064090
30151,0.754117
30152,0.316285
30153,0.136936
30154,0.663637
30155,0.819652
30158,0.099880
30159,0.634459
30160,0.517200
30161,0.804318
30162,0.809562
30163,0.290084
30164,0.345397
30165,0.218305
30167,0.211382
30168,0.502200
30169,0.085602
30170,0.221860
30171,0.190293
30172,0.261539
30174,0.513511
30175,0.303262
30176,0.837941
30177,0.086702
30178,0.898976
30179,0.854463
30180,0.544934
30181,0.609936
30182,0.615047
30183,0.733939
30184,0.137748
30185,0.827463
30186,0.587346
30187,0.230738
30188,0.801996
30189,0.523745
30190,0.255172
30191,0.222583
30192,0.303062
30193,0.566257
30194,0.709416
30195,0.302540
30196,0.559135
30197,0.117658
30198,0.724761
30199,0.253106
30200,0.364108
30201,0.948399
30203,0.812651
30204,0.784951
30205,0.874319
30206,0.946388
30207,0.989678
30208,0.138303
30209,0.232172
30210,0.204705
30211,0.048079
30212,0.326563
30213,0.231261
30214,0.672204
30215,0.215883
30216,0.112225
30217,0.891542
30218,0.321118
30219,0.171926
30220,0.959844
30221,0.145737
30222,0.584113
30223,0.719049
30224,0.322174
30225,0.932098
30226,0.371497
30228,0.285640
30229,0.814440
30230,0.850974
30231,0.307851
30232,0.302351
30233,0.094369
30234,0.755417
30235,0.375753
30236,0.373275
30237,0.746394
30238,0.270895
30239,0.868653
30240,0.576602
30241,0.844741
30242,0.378975
30243,0.726227
30244,0.282751
30245,0.769984
30246,0.038590
30247,0.844719
30249,0.495833
30250,0.921143
30251,0.201904
30252,0.779028
30253,0.568168
30254,0.767828
30255,0.982744
30256,0.661559
30257,0.903242
30258,0.301862
30259,0.213016
30260,0.197227
30261,0.170570
30262,0.254106
30263,0.037345
30264,0.084780
30265,0.867441
30266,0.239350
30267,0.301384
30268,0.601658
30269,0.827118
30270,0.679960
30271,0.951699
30272,0.721638
30273,0.351774
30274,0.287073
30275,0.240783
30276,0.761095
30277,0.638014
30278,0.464666
30279,0.599258
30280,0.055423
30281,0.267439
30283,0.704138
30284,0.742761
30285,0.214649
30286,0.377231
30287,0.089758
30288,0.727449
30289,0.888698
30290,0.083502
30292,0.725372
30293,0.809585
30294,0.778151
30295,0.239750
30297,0.877975
30298,0.255495
30299,0.283629
30300,0.436143
30301,0.269395
30302,0.306518
30303,0.104825
30304,0.110280
30305,0.521356
30306,0.912687
30307,0.306896
30309,0.135681
30310,0.844397
30312,0.653315
30313,0.163659
30314,0.754772
30315,0.218872
30316,0.344174
30317,0.050968
30318,0.823163
30319,0.634014
30320,0.839330
30321,0.756161
30322,0.750428
30323,0.853297
30324,0.019489
30325,0.020223
30326,0.390575
30327,0.232683
30328,0.861941
30330,0.398320
30331,0.745650
30332,0.444688
30333,0.780795
30334,0.731294
30335,0.132914
30336,0.618103
30338,0.630303
30339,0.462888
30340,0.202516
30342,0.140348
30344,0.265439
30345,0.473788
30346,0.586691
30347,0.834607
30348,0.391486
30349,0.244394
30350,0.319585
30351,0.217260
30352,0.871175
30353,0.641503
30354,0.714094
30355,0.285506
30356,0.499856
30357,0.878086
30358,0.775228
30359,0.543357
30360,0.412676
30361,0.764195
30362,0.177182
30365,0.916754
30366,0.855919
30367,0.906398
30368,0.220138
30369,0.187315
30370,0.335819
30371,0.574979
30372,0.235605
30373,0.408409
30374,0.786506
30375,0.651559
30376,0.902198
30377,0.659426
30378,0.170293
30379,0.732016
30380,0.120225
30381,0.893064
30382,0.935654
30383,0.104325
30384,0.184826
30385,0.428821
30386,0.229905
30387,0.462666
30388,0.163470
30389,0.580613
30390,0.905942
30391,0.100336
30392,0.384986
30393,0.898442
30394,0.873431
30396,0.982966
30397,0.865330
30398,0.097102
30399,0.312162
30400,0.615325
30401,0.308718
30402,0.136159
30404,0.969577
30405,0.449654
30406,0.185971
30407,0.923443
30408,0.107680
30410,0.829218
30411,0.913076
30412,0.730250
30413,0.384709
30414,0.210949
30415,0.601924
30416,0.237094
30417,0.885509
30418,0.192604
30421,0.395809
30422,0.541134
30424,0.145314
30426,0.234294
30427,0.146981
30428,0.820107
30429,0.080613
30431,0.228816
30432,0.181382
30433,0.336474
30435,0.846763
30437,0.060001
30438,0.031367
30439,0.306607
30440,0.281295
30441,0.497178
30442,0.296151
30443,0.930910
30444,0.278551
30445,0.856041
30446,0.275351
30447,0.249283
30448,0.388353
30449,0.840685
30450,0.640625
30451,0.530212
30452,0.914043
30453,0.251961
30454,0.032123
30455,0.295218
30457,0.288162
30458,0.830907
30459,0.225861
30460,0.299340
30461,0.351641
30462,0.698304
30463,0.392831
30464,0.664037
30465,0.924765
30466,0.385953
30468,0.540423
30469,0.345663
30470,0.628436
30472,0.273895
30473,0.749217
30474,0.357841
30475,0.054023
30476,0.427443
30477,0.887386
30479,0.902487
30481,0.213560
30482,0.608791
30483,0.190304
30484,0.467121
30485,0.318974
30488,0.778573
30489,0.282206
30490,0.622069
30491,0.405642
30492,0.385631
30493,0.855697
30494,0.219016
30495,0.309062
30496,0.880853
30497,0.173537
30498,0.123036
30499,0.764961
30501,0.591880
30502,0.835741
30503,0.153092
30504,0.286984
30505,0.709994
30506,0.468099
30507,0.797195
30510,0.078946
30511,0.262795
30512,0.328674
30513,0.933176
30514,0.302129
30515,0.045090
30516,0.183782
30517,0.820363
30518,0.385153
30519,0.305218
30520,0.130636
30521,0.634792
30522,0.353941
30523,0.891675
30524,0.758872
30525,0.231994
30526,0.191393
30527,0.252828
30528,0.319240
30529,0.899642
30531,0.013611
30532,0.435910
30533,0.748183
30535,0.837652
30536,0.234183
30537,0.922532
30540,0.438954
30541,0.891998
30542,0.449343
30544,0.066579
30545,0.312240
30546,0.355841
30547,0.364430
30548,0.500656
30549,0.215138
30550,0.224827
30551,0.873386
30552,0.170915
30553,0.838585
30554,0.297684
30555,0.367886
30556,0.224238
30557,0.791118
30558,0.540801
30560,0.364486
30561,0.541212
30562,0.918732
30563,0.351263
30564,0.074224
30565,0.206182
30566,0.909531
30567,0.338596
30569,0.516823
30570,0.809585
30572,0.278828
30575,0.434954
30576,0.336719
30577,0.209760
30578,0.369775
30580,0.190060
30581,0.410076
30582,0.845063
30583,0.296129
30584,0.347019
30585,0.902498
30586,0.632714
30587,0.566290
30588,0.352241
30589,0.267128
30590,0.567857
30591,0.181637
30592,0.328374
30593,0.830307
30594,0.282906
30595,0.144237
30596,0.952454
30597,0.841841
30598,0.848119
30599,0.254617
30600,0.327496
30601,0.882742
30602,0.304507
30604,0.082624
30606,0.874786
30607,0.335319
30609,0.190593
30610,0.924165
30611,0.548679
30612,0.267328
30613,0.813685
30614,0.462844
30615,0.621169
30616,0.851441
30617,0.853730
30618,0.700116
30619,0.123458
30620,0.592091
30621,0.468844
30622,0.302907
30624,0.948032
30625,0.875597
30626,0.539712
30627,0.765061
30628,0.300562
30629,0.369230
30630,0.194304
30631,0.308174
30632,0.652737
30633,0.128392
30634,0.426409
30635,0.435487
30636,0.650892
30637,0.187760
30638,0.162848
30639,0.261484
30640,0.830018
30641,0.343585
30642,0.806940
30643,0.969099
30644,0.780440
30645,0.669882
30646,0.578591
30647,0.169526
30649,0.625903
30650,0.203416
30651,0.302762
30652,0.890720
30654,0.390064
30655,0.453699
30656,0.304196
30657,0.681882
30658,0.672315
30659,0.439854
30661,0.300218
30662,0.730338
30664,0.583202
30665,0.054346
30666,0.211971
30667,0.026501
30668,0.887898
30671,0.811729
30672,0.959510
30673,0.187726
30674,0.297062
30675,0.173593
30676,0.217627
30677,0.093780
30679,0.116425
30680,0.943865
30681,0.425476
30682,0.301740
30683,0.430965
30684,0.662226
30685,0.447032
30686,0.760739
30688,0.377264
30689,0.218883
30690,0.475788
30691,0.238994
30692,0.796484
30693,0.238616
30694,0.951999
30695,0.709716
30697,0.153459
30698,0.536356
30699,0.776917
30700,0.357530
30701,0.714338
30702,0.613447
30703,0.768006
30704,0.411409
30705,0.816840
30706,0.390131
30707,0.872597
30708,0.620858
30709,0.030690
30710,0.281351
30711,0.700804
30712,0.649592
30713,0.738728
30714,0.514189
30715,0.794529
30716,0.855508
30717,0.916665
30718,0.283651
30719,0.744705
30720,0.846974
30721,0.678982
30722,0.198860
30723,0.553823
30724,0.252650
30725,0.783784
30726,0.113136
30727,0.400464
30728,0.729172
30730,0.218260
30731,0.746883
30732,0.583424
30733,0.747339
30734,0.927398
30735,0.609025
30736,0.632581
30737,0.473155
30738,0.201693
30740,0.270506
30741,0.519689
30742,0.341641
30743,0.904353
30744,0.440921
30745,0.104080
30746,0.536079
30747,0.313029
30748,0.552879
30749,0.267228
30751,0.027545
30752,0.843952
30753,0.618147
30755,0.234372
30756,0.851986
30757,0.724838
30758,0.138314
30759,0.526101
30760,0.077346
30761,0.730650
30762,0.911765
30763,0.920865
30764,0.219694
30765,0.796262
30766,0.838796
30768,0.274306
30769,0.030656
30770,0.506467
30771,0.281773
30773,0.817085
30774,0.837330
30775,0.695427
30776,0.211305
30777,0.796484
30778,0.199560
30779,0.366197
30780,0.416465
30781,0.128381
30782,0.812351
30783,0.232950
30784,0.222294
30785,0.184915
30786,0.065424
30787,0.532178
30789,0.737750
30790,0.397864
30791,0.174815
30793,0.775095
30794,0.045812
30795,0.294818
30796,0.654959
30797,0.251817
30798,0.141681
30800,0.214105
30801,0.958232
30802,0.128981
30803,0.776862
30804,0.198771
30805,0.896842
30806,0.817196
30807,0.166259
30808,0.821052
30809,0.259750
30810,0.212816
30811,0.319596
30812,0.617214
30813,0.417331
30814,0.508178
30815,0.786240
30816,0.205038
30820,0.299807
30821,0.710249
30822,0.874297
30823,0.532634
30824,0.821385
30825,0.109080
30826,0.609191
30827,0.342630
30828,0.812440
30829,0.269517
30830,0.716205
30831,0.349586
30832,0.394620
30834,0.644114
30835,0.158248
30837,0.244450
30838,0.723694
30839,0.639425
30841,0.682804
30842,0.231627
30843,0.581591
30844,0.246639
30845,0.537723
30846,0.254828
30847,0.147425
30848,0.760917
30849,0.661437
30850,0.202971
30851,0.361008
30852,0.297873
30853,0.371842
30854,0.412676
30855,0.405509
30856,0.446943
30857,0.306796
30858,0.841952
30859,0.077646
30861,0.739361
30862,0.743939
30863,0.891998
30864,0.514023
30865,0.246605
30866,0.658848
30867,0.204549
30868,0.578546
30869,0.811329
30870,0.568279
30872,0.721705
30874,0.769350
30875,0.412198
30876,0.110114
30877,0.399664
30878,0.406331
30880,0.736894
30881,0.833507
30882,0.153815
30883,0.262361
30884,0.297251
30885,0.837119
30886,0.235361
30887,0.463533
30888,0.816151
30889,0.512278
30891,0.341108
30892,0.467744
30893,0.397387
30894,0.585524
30895,0.275339
30896,0.350497
30897,0.342852
30898,0.234805
30899,0.198827
30900,0.191482
30901,0.877920
30902,0.189038
30904,0.689060
30905,0.851441
30906,0.556057
30907,0.565435
30908,0.354530
30909,0.285762
30910,0.256128
30912,0.641603
30913,0.010867
30915,0.286873
30916,0.853797
30917,0.569935
30918,0.757339
30919,0.147425
30920,0.829085
30921,0.809207
30922,0.792818
30923,0.275684
30924,0.398053
30925,0.318674
30926,0.589591
30927,0.417798
30928,0.259195
30929,0.791229
30930,0.802551
30931,0.919154
30932,0.548234
30933,0.730205
30934,0.380953
30935,0.848274
30936,0.347563
30937,0.421598
30938,0.181904
30939,0.221005
30940,0.073168
30941,0.104947
30942,0.863986
30943,0.807885
30945,0.969766
30946,0.646281
30947,0.367297
30948,0.883875
30949,0.941388
30950,0.931721
30951,0.277328
30952,0.124169
30953,0.351719
30954,0.297662
30955,0.109891
30956,0.728394
30957,0.288573
30958,0.482522
30959,0.011467
30960,0.783462
30961,0.083791
30962,0.034045
30963,0.571990
30964,0.674515
30965,0.377008
30966,0.899287
30967,0.866441
30968,0.138648
30970,0.512778
30971,0.971688
30972,0.213205
30973,0.125736
30974,0.204060
30975,0.865453
30976,0.570624
30977,0.235639
30978,0.119492
30979,0.793884
30980,0.877208
30981,0.275984
30982,0.947188
30983,0.557423
30984,0.210127
30985,0.395353
30986,0.293640
30987,0.310985
30988,0.472977
30989,0.179237
30990,0.819396
30991,0.365341
30992,0.160804
30993,0.409109
30994,0.496178
30995,0.879686
30996,0.796662
30997,0.192282
30998,0.147259
30999,0.752950
31000,0.027256
31001,0.281162
31002,0.592813
31003,0.330618
31004,0.444432
31005,0.500967
31006,0.406920
31007,0.254739
31008,0.289040
31009,0.589169
31010,0.888942
31011,0.382642
31012,0.419120
31013,0.412998
31014,0.770550
31015,0.514623
31016,0.906587
31017,0.847719
31018,0.275562
31020,0.200827
31021,0.723761
31022,0.635781
31023,0.956921
31024,0.342008
31025,0.389131
31026,0.078346
31027,0.391709
31028,0.463844
31029,0.200027
31030,0.760206
31031,0.288984
31032,0.453388
31033,0.380186
31035,0.266828
31036,0.293962
31037,0.074668
31038,0.119992
31039,0.750950
31040,0.341163
31041,0.877953
31042,0.624547
31043,0.453177
31045,0.921054
31046,0.819852
31047,0.125169
31048,0.836630
31049,0.211660
31050,0.884197
31051,0.936999
31052,0.203738
31053,0.193749
31054,0.107147
31055,0.430965
31056,0.344508
31057,0.190360
31058,0.140503
31059,0.868564
31060,0.652059
31061,0.450821
31062,0.878353
31063,0.113580
31064,0.762472
31065,0.329952
31066,0.232550
31067,0.198660
31068,0.208416
31069,0.037079
31070,0.729516
31071,0.191893
31072,0.146070
31073,0.370764
31074,0.684793
31075,0.625903
31076,0.189071
31077,0.644303
31078,0.532701
31080,0.439088
31081,0.145748
31082,0.338052
31083,0.872608
31084,0.846719
31085,0.233872
31086,0.273528
31087,0.527823
31088,0.825485
31089,0.367353
31090,0.368686
31091,0.372919
31092,0.453255
31093,0.631203
31094,0.904331
31095,0.071335
31096,0.927032
31097,0.778106
31098,0.019212
31100,0.198827
31101,0.193893
31102,0.679960
31103,0.512723
31104,0.859030
31105,0.371186
31106,0.329618
31107,0.443632
31108,0.760261
31109,0.630881
31110,0.378886
31111,0.385631
31112,0.770584
31113,0.333407
31114,0.889986
31115,0.279651
31116,0.391009
31117,0.831641
31118,0.848830
31119,0.115958
31121,0.081957
31122,0.829518
31123,0.728550
31124,0.425009
31125,0.206427
31126,0.800829
31127,0.691104
31128,0.318640
31129,0.551746
31130,0.525223
31131,0.327774
31132,0.521756
31133,0.398564
31134,0.153103
31135,0.798662
31136,0.835974
31137,0.523789
31138,0.356219
31140,0.604247
31141,0.512523
31142,0.867075
31143,0.456788
31144,0.158948
31145,0.328030
31146,0.220916
31147,0.480911
31150,0.271706
31151,0.288340
31152,0.196838
31153,0.240372
31154,0.806407
31155,0.726327
31156,0.479022
31157,0.293073
31158,0.157948
31159,0.377520
31160,0.758995
31161,0.507611
31162,0.249406
31163,0.397731
31164,0.230272
31165,0.205527
31167,0.108069
31168,0.196760
31169,0.767950
31170,0.859375
31171,0.658326
31172,0.201093
31173,0.573057
31174,0.342374
31175,0.169070
31176,0.676293
31177,0.635192
31178,0.196371
31179,0.588013
31180,0.303962
31181,0.817652
31182,0.871997
31183,0.719060
31184,0.770239
31185,0.584969
31186,0.810396
31187,0.956366
31189,0.052023
31190,0.056235
31192,0.253717
31193,0.289818
31194,0.404653
31195,0.357530
31196,0.160181
31197,0.559424
31198,0.742650
31199,0.903209
31200,0.355208
31201,0.443643
31202,0.680660
31203,0.244239
31204,0.150370
31205,0.804596
31206,0.248239
31207,0.125414
31208,0.762917
31209,0.809174
31210,0.235439
31211,0.704416
31212,0.253861
31213,0.785806
31214,0.144637
31215,0.917331
31216,0.192971
31217,0.079680
31218,0.800696
31219,0.126836
31221,0.571313
31222,0.342252
31223,0.653081
31224,0.251239
31225,0.809362
31226,0.751572
31227,0.413398
31228,0.743305
31229,0.135259
31230,0.863008
31231,0.195315
31232,0.914754
31233,0.411020
31234,0.209260
31235,0.935287
31236,0.217527
31237,0.093191
31238,0.849997
31239,0.526534
31240,0.410598
31241,0.303951
31242,0.483422
31243,0.872453
31244,0.679782
31245,0.175637
31247,0.862564
31248,0.309518
31249,0.165915
31250,0.270162
31251,0.738005
31252,0.422432
31255,0.551746
31256,0.868686
31257,0.678426
31258,0.580435
31259,0.874586
31260,0.171493
31261,0.235072
31262,0.173904
31263,0.244661
31264,0.631992
31265,0.357230
31266,0.127803
31267,0.122114
31268,0.906476
31269,0.145114
31270,0.706249
31271,0.851841
31272,0.472022
31273,0.579324
31274,0.813107
31275,0.069235
31276,0.350519
31277,0.499878
31278,0.280351
31279,0.338563
31280,0.281640
31281,0.060279
31282,0.796684
31283,0.640514
31285,0.382020
31286,0.214183
31287,0.328274
31288,0.766828
31289,0.109436
31290,0.267428
31291,0.550668
31292,0.283617
31294,0.446954
31295,0.109147
31296,0.825474
31297,0.365719
31298,0.687349
31299,0.447165
31300,0.909731
31301,0.894264
31302,0.229705
31303,0.831485
31304,0.171648
31305,0.852730
31306,0.264950
31307,0.125336
31308,0.670615
31309,0.139203
31310,0.821096
31311,0.251950
31312,0.925687
31313,0.458244
31314,0.868375
31315,0.865130
31317,0.178415
31318,0.098347
31319,0.272928
31320,0.237361
31321,0.383864
31323,0.249528
31324,0.719116
31325,0.871119
31326,0.448688
31327,0.391198
31329,0.627303
31330,0.807696
31331,0.254439
31332,0.665337
31333,0.538901
31334,0.145525
31335,0.243072
31336,0.778206
31337,0.677971
31338,0.799873
31339,0.916920
31340,0.336974
31341,0.697882
31343,0.917298
31344,0.230150
31345,0.278840
31346,0.391109
31347,0.726483
31348,0.275917
31349,0.912965
31350,0.190726
31351,0.441132
31352,0.348208
31354,0.250839
31355,0.715560
31356,0.758961
31357,0.102936
31359,0.243172
31360,0.211282
31361,0.338785
31362,0.938321
31363,0.162326
31364,0.220516
31365,0.431732
31366,0.783695
31368,0.376497
31369,0.851552
31370,0.773262
31371,0.871475
31373,0.911565
31374,0.475311
31375,0.313729
31376,0.284984
31377,0.209416
31378,0.371064
31380,0.022778
31381,0.544779
31382,0.277373
31384,0.875064
31385,0.486955
31386,0.867286
31387,0.196715
31388,0.192738
31390,0.244005
31391,0.592647
31392,0.072035
31393,0.977477
31394,0.323407
31397,0.218838
31400,0.935843
31403,0.401309
31404,0.639614
31405,0.890531
31406,0.542479
31407,0.267817
31408,0.328552
31409,0.229705
31410,0.878520
31411,0.027834
31412,0.494522
31413,0.806673
31414,0.874564
31415,0.784429
31416,0.815563
31417,0.527612
31418,0.573802
31419,0.691238
31421,0.688415
31422,0.312985
31423,0.201571
31424,0.452932
31425,0.759050
31426,0.742172
31427,0.273706
31429,0.223138
31430,0.337363
31432,0.324341
31433,0.883753
31434,0.748883
31435,0.308262
31436,0.122625
31437,0.410087
31438,0.598791
31439,0.367597
31440,0.796018
31442,0.425498
31443,0.180215
31444,0.252639
31445,0.177771
31446,0.413709
31447,0.874319
31448,0.285106
31450,0.238861
31451,0.407742
31452,0.129414
31453,0.151570
31454,0.024223
31455,0.358919
31456,0.354563
31457,0.211127
31458,0.861686
31459,0.081635
31460,0.858697
31461,0.190771
31462,0.428287
31463,0.147292
31464,0.851674
31465,0.757672
31466,0.352152
31467,0.454855
31468,0.870542
31469,0.712260
31470,0.360530
31471,0.452054
31472,0.914187
31473,0.629870
31474,0.779273
31476,0.345697
31477,0.856375
31478,0.700560
31479,0.695660
31480,0.234839
31481,0.764850
31482,0.250072
31483,0.325396
31484,0.516367
31485,0.328663
31486,0.964033
31487,0.281117
31489,0.151881
31490,0.222772
31491,0.193704
31492,0.322440
31494,0.843508
31496,0.531556
31497,0.457243
31498,0.508834
31499,0.185260
31500,0.384986
31501,0.323552
31502,0.147837
31503,0.937921
31504,0.859064
31505,0.226394
31507,0.446554
31508,0.147337
31509,0.755006
31510,0.931865
31511,0.559835
31512,0.857730
31513,0.821207
31514,0.684826
31515,0.188438
31518,0.862719
31519,0.271617
31520,0.301673
31521,0.695115
31522,0.148981
31523,0.468766
31524,0.312607
31525,0.673471
31526,0.329785
31528,0.293218
31529,0.517578
31530,0.225327
31531,0.215349
31532,0.664681
31533,0.825852
31534,0.415420
31535,0.523989
31536,0.680915
31537,0.317752
31538,0.324618
31539,0.609502
31540,0.354719
31541,0.309340
31542,0.044512
31543,0.412798
31544,0.265028
31545,0.620069
31546,0.974166
31547,0.880986
31548,0.125969
31549,0.641225
31550,0.593691
31551,0.528223
31552,0.341096
31553,0.177071
31555,0.835996
31556,0.389309
31557,0.570224
31558,0.855741
31559,0.694193
31560,0.856830
31561,0.222449
31562,0.953777
31563,0.556023
31564,0.778151
31565,0.310085
31566,0.820307
31567,0.269117
31568,0.498500
31569,0.183160
31570,0.734105
31571,0.347741
31572,0.989766
31573,0.435287
31576,0.237883
31577,0.210949
31578,0.407109
31579,0.202082
31580,0.830941
31581,0.425554
31582,0.441954
31583,0.338974
31584,0.641070
31585,0.641825
31586,0.146070
31587,0.621225
31588,0.095824
31589,0.260450
31590,0.422554
31591,0.180548
31592,0.439732
31593,0.040279
31594,0.147048
31595,0.790206
31596,0.231805
31597,0.130025
31598,0.735505
31599,0.249539
31600,0.054090
31601,0.749528
31603,0.270950
31604,0.943843
31605,0.173326
31607,0.874608
31608,0.716060
31609,0.697504
31610,0.588013
31611,0.705582
31612,0.365641
31613,0.320629
31614,0.939999
31615,0.674859
31616,0.430121
31617,0.072746
31618,0.256583
31619,0.144548
31620,0.611547
31621,0.537545
31622,0.892664
31623,0.881053
31624,0.401176
31625,0.162870
31626,0.169259
31627,0.762761
31628,0.695060
31629,0.710994
31630,0.297618
31631,0.910398
31632,0.868675
31633,0.261950
31634,0.423343
31635,0.819896
31636,0.159204
31637,0.331830
31638,0.486311
31639,0.647826
31640,0.367430
31641,0.630881
31642,0.374586
31644,0.081435
31645,0.200816
31646,0.743728
31647,0.326641
31648,0.075513
31649,0.710882
31650,0.756761
31651,0.625014
31652,0.395353
31655,0.926265
31656,0.422521
31657,0.414554
31659,0.921965
31660,0.481433
31661,0.183260
31662,0.281528
31663,0.151292
31664,0.907898
31665,0.627536
31666,0.079935
31668,0.831896
31671,0.689949
31672,0.805385
31673,0.495489
31674,0.164726
31675,0.136881
31676,0.504089
31678,0.516023
31679,0.105169
31680,0.846797
31681,0.830496
31683,0.775517
31684,0.548157
31685,0.101347
31686,0.319540
31689,0.758784
31690,0.175915
31692,0.779506
31694,0.468955
31695,0.882664
31696,0.243239
31698,0.330474
31699,0.878897
31700,0.463566
31701,0.709982
31702,0.690749
31703,0.248461
31704,0.413309
31705,0.832396
31706,0.841396
31707,0.137447
31708,0.310329
31709,0.417776
31710,0.383286
31711,0.781951
31712,0.966610
31713,0.305129
31714,0.349086
31715,0.017967
31716,0.861441
31717,0.478855
31718,0.341063
31720,0.235416
31721,0.403009
31722,0.852863
31723,0.295173
31724,0.667759
31725,0.611814
31726,0.863186
31727,0.260339
31728,0.855419
31729,0.265228
31730,0.068735
31731,0.182971
31732,0.709682
31733,0.345608
31735,0.073913
31736,0.770250
31737,0.918965
31738,0.843319
31739,0.450932
31741,0.353408
31742,0.809807
31743,0.619014
31744,0.622958
31745,0.350019
31747,0.374886
31748,0.395075
31749,0.799240
31750,0.289940
31751,0.864353
31752,0.359975
31753,0.288573
31754,0.713549
31755,0.084969
31756,0.134981
31757,0.951788
31758,0.601736
31759,0.367753
31760,0.572079
31761,0.394931
31762,0.048790
31763,0.252595
31764,0.870019
31765,0.291518
31766,0.171937
31767,0.869397
31768,0.858852
31769,0.924687
31770,0.665904
31771,0.311418
31772,0.504822
31773,0.229450
31775,0.471922
31776,0.269184
31777,0.273828
31779,0.230883
31780,0.972666
31781,0.418887
31782,0.281306
31783,0.324996
31784,0.364364
31785,0.934321
31786,0.735639
31787,0.396753
31788,0.482666
31789,0.204371
31790,0.542356
31791,0.882542
31792,0.122669
31793,0.903709
31794,0.744983
31795,0.346419
31796,0.312729
31797,0.670670
31798,0.862219
31799,0.806529
31800,0.284340
31801,0.279606
31803,0.704338
31804,0.482011
31805,0.328674
31806,0.312751
31807,0.280651
31809,0.130403
31810,0.174482
31811,0.702293
31812,0.251117
31814,0.884620
31815,0.240983
31816,0.888442
31817,0.920287
31818,0.464455
31819,0.288118
31820,0.143659
31821,0.228094
31822,0.328952
31823,0.538823
31824,0.759561
31825,0.804051
31826,0.438176
31827,0.835541
31828,0.251661
31829,0.940476
31830,0.182549
31831,0.831263
31832,0.344697
31833,0.754572
31834,0.733905
31835,0.850019
31836,0.624725
31837,0.009134
31838,0.557557
31839,0.804573
31840,0.381597
31841,0.745428
31842,0.186993
31843,0.293962
31844,0.659048
31845,0.643437
31846,0.126281
31847,0.385664
31849,0.877019
31850,0.461899
31851,0.162737
31852,0.586035
31853,0.590091
31854,0.713538
31855,0.327918
31857,0.137481
31858,0.411320
31860,0.186615
31861,0.859786
31862,0.795218
31863,0.206160
31864,0.096635
31865,0.886897
31866,0.728316
31867,0.990600
31868,0.386453
31869,0.214738
31870,0.515545
31871,0.508956
31872,0.718560
31873,0.464210
31874,0.182937
31875,0.694227
31876,0.236639
31877,0.425321
31878,0.432076
31879,0.386442
31880,0.357519
31881,0.699571
31882,0.698271
31883,0.426654
31884,0.382286
31885,0.786606
31886,0.217583
31887,0.839496
31888,0.149759
31889,0.695571
31890,0.778940
31891,0.275806
31892,0.402209
31893,0.328907
31894,0.163070
31895,0.286662
31896,0.090513
31897,0.903920
31898,0.100736
31899,0.296873
31900,0.679404
31901,0.343297
31902,0.418498
31903,0.515178
31904,0.927643
31905,0.792940
31906,0.511167
31907,0.595080
31908,0.365575
31909,0.427976
31910,0.593935
31911,0.810862
31912,0.511489
31913,0.361408
31914,0.779528
31915,0.282806
31916,0.886031
31917,0.391475
31918,0.168937
31919,0.374275
31920,0.753683
31921,0.830107
31922,0.614503
31923,0.476899
31924,0.251194
31925,0.842352
31926,0.766317
31927,0.805696
31928,0.849630
31929,0.095358
31930,0.157737
31931,0.941788
31932,0.184804
31933,0.085346
31935,0.772962
31936,0.644470
31937,0.748306
31938,0.857086
31939,0.692993
31940,0.806740
31941,0.602180
31942,0.577413
31943,0.871042
31944,0.225772
31945,0.295595
31946,0.955610
31947,0.955643
31948,0.399953
31949,0.789762
31950,0.114047
31951,0.397731
31952,0.933676
31953,0.815351
31955,0.092358
31956,0.239539
31957,0.153370
31958,0.417954
31959,0.357641
31960,0.804662
31961,0.064090
31962,0.533245
31963,0.428887
31964,0.235116
31965,0.337708
31966,0.375497
31967,0.303751
31968,0.558612
31969,0.236894
31970,0.431587
31971,0.346252
31972,0.594680
31973,0.745739
31974,0.824163
31975,0.652826
31976,0.265784
31977,0.647025
31978,0.922721
31979,0.212760
31980,0.527045
31981,0.069068
31982,0.502678
31983,0.800118
31984,0.944988
31985,0.126392
31986,0.612380
31987,0.882364
31988,0.196060
31989,0.752517
31990,0.853708
31991,0.857675
31992,0.824985
31993,0.888275
31994,0.330374
31997,0.182115
31998,0.851363
31999,0.680426
32000,0.109314
32001,0.534234
32002,0.872697
32003,0.268462
32004,0.508611
32006,0.711194
32007,0.798429
32008,0.818774
32009,0.207393
32010,0.116591
32011,0.894031
32012,0.379197
32013,0.192871
32014,0.722172
32015,0.589291
32016,0.728183
32017,0.153681
32018,0.422232
32019,0.249294
32020,0.914943
32021,0.554223
32022,0.248672
32023,0.558524
32024,0.247761
32025,0.311885
32026,0.176648
32027,0.366919
32028,0.357797
32029,0.856975
32030,0.074457
32031,0.528501
32032,0.216738
32033,0.827029
32034,0.090558
32035,0.310518
32036,0.309151
32037,0.299240
32038,0.325707
32039,0.738583
32040,0.272951
32041,0.224049
32043,0.276951
32044,0.294095
32045,0.857163
32048,0.933410
32049,0.862508
32050,0.381964
32051,0.205049
32052,0.285462
32053,0.162148
32055,0.615825
32056,0.542579
32057,0.073146
32058,0.039301
32060,0.918076
32061,0.811562
32062,0.505511
32063,0.912598
32064,0.321752
32065,0.921120
32066,0.471488
32068,0.765539
32069,0.720383
32070,0.837685
32071,0.265539
32072,0.339308
32073,0.866453
32074,0.218138
32076,0.081813
32077,0.174182
32078,0.228405
32079,0.422598
32080,0.195093
32081,0.653381
32082,0.226161
32083,0.391653
32084,0.342152
32085,0.855452
32086,0.176515
32087,0.270039
32088,0.252394
32089,0.209316
32090,0.307285
32091,0.201738
32092,0.180271
32093,0.225383
32094,0.906165
32095,0.232761
32096,0.333074
32097,0.428054
32098,0.421487
32099,0.365864
32100,0.209294
32101,0.128414
32102,0.640448
32104,0.266517
32105,0.316563
32106,0.827518
32107,0.049068
32109,0.067301
32110,0.207538
32111,0.178415
32112,0.814174
32113,0.770117
32114,0.162015
32115,0.300662
32117,0.779562
32118,0.659359
32119,0.829241
32120,0.191026
32121,0.338152
32122,0.235316
32123,0.889920
32124,0.532701
32125,0.429410
32126,0.784917
32127,0.420265
32128,0.395875
32129,0.691738
32130,0.886520
32131,0.040668
32132,0.127036
32133,0.855141
32134,0.397742
32135,0.764673
32136,0.772406
32137,0.405476
32138,0.814374
32139,0.732683
32140,0.244383
32141,0.934110
32142,0.222883
32144,0.308318
32146,0.129814
32147,0.792873
32148,0.388431
32150,0.251594
32151,0.181460
32153,0.253650
32155,0.725372
32156,0.659204
32157,0.329796
32158,0.610314
32159,0.319107
32160,0.960732
32161,0.449032
32162,0.342441
32163,0.442188
32165,0.485422
32166,0.901842
32167,0.673948
32168,0.718160
32169,0.231716
32170,0.767117
32171,0.232383
32172,0.709249
32173,0.907576
32174,0.333196
32175,0.188026
32176,0.175337
32177,0.211549
32178,0.193827
32179,0.417020
32180,0.920854
32181,0.225572
32182,0.317574
32183,0.771084
32184,0.251739
32185,0.416754
32186,0.645314
32188,0.062535
32189,0.220872
32190,0.336163
32191,0.904087
32192,0.367708
32193,0.893687
32195,0.755350
32197,0.126414
32198,0.371197
32199,0.518478
32200,0.361319
32201,0.712416
32203,0.624792
32204,0.835119
32205,0.366386
32206,0.213716
32207,0.955688
32208,0.711505
32209,0.235094
32210,0.342519
32211,0.396687
32212,0.431121
32213,0.146337
32214,0.279106
32215,0.229838
32217,0.792518
32218,0.523212
32221,0.168593
32222,0.352897
32223,0.238372
32224,0.305151
32225,0.715316
32226,0.421265
32227,0.631092
32228,0.868319
32229,0.806851
32230,0.767250
32232,0.577791
32233,0.960266
32234,0.024612
32235,0.147626
32237,0.771028
32238,0.773473
32239,0.868519
32240,0.965055
32241,0.699260
32242,0.778173
32244,0.712460
32245,0.424532
32246,0.238905
32247,0.172726
32248,0.343930
32249,0.725705
32250,0.331507
32251,0.532156
32252,0.325763
32253,0.448832
32254,0.667426
32255,0.685171
32256,0.181060
32257,0.784229
32258,0.851063
32259,0.199704
32260,0.964944
32261,0.906009
32262,0.464610
32263,0.164793
32264,0.891909
32265,0.644792
32266,0.220516
32268,0.627958
32269,0.809529
32270,0.796140
32271,0.111236
32272,0.273384
32273,0.127036
32274,0.524178
32275,0.387186
32276,0.293873
32277,0.425087
32278,0.065035
32279,0.887109
32280,0.260972
32281,0.524501
32282,0.283140
32284,0.917620
32285,0.792473
32286,0.794007
32287,0.208638
32288,0.640048
32289,0.101613
32290,0.874242
32291,0.199260
32292,0.145681
32293,0.522801
32294,0.822385
32295,0.739328
32296,0.892731
32297,0.125836
32298,0.847852
32299,0.051501
32300,0.943465
32301,0.282862
32302,0.827285
32303,0.479455
32304,0.907398
32305,0.851419
32306,0.689349
32308,0.093191
32309,0.147092
32310,0.849386
32311,0.863730
32312,0.598747
32313,0.189504
32314,0.270750
32315,0.527112
32316,0.357664
32317,0.749172
32318,0.872475
32319,0.848041
32320,0.613236
32321,0.660437
32322,0.622792
32323,0.557335
32324,0.618736
32325,0.625892
32326,0.277151
32327,0.283195
32329,0.326874
32330,0.140925
32331,0.074502
32332,0.912976
32333,0.926832
32335,0.710416
32336,0.980955
32337,0.240139
32338,0.317718
32339,0.184582
32340,0.952377
32341,0.333085
32343,0.242150
32344,0.323796
32345,0.777840
32346,0.084602
32347,0.174159
32348,0.925176
32349,0.884964
32350,0.379320
32351,0.193193
32352,0.467722
32353,0.153770
32354,0.271473
32355,0.557990
32357,0.752028
32358,0.943965
32359,0.762650
32360,0.131125
32361,0.797762
32362,0.913298
32363,0.126781
32364,0.258639
32365,0.891920
32366,0.648626
32367,0.753650
32369,0.423076
32370,0.324418
32371,0.869208
32372,0.737250
32374,0.783440
32375,0.666070
32376,0.270195
32377,0.885764
32378,0.121580
32379,0.908631
32380,0.793640
32381,0.732027
32382,0.461310
32383,0.764695
32384,0.722427
32385,0.137714
32386,0.316163
32387,0.466199
32388,0.805329
32389,0.621392
32390,0.317185
32391,0.811918
32392,0.317340
32393,0.780562
32394,0.196060
32395,0.535223
32396,0.827318
32397,0.293573
32398,0.899887
32399,0.216360
32400,0.314874
32401,0.164648
32402,0.284562
32403,0.977577
32404,0.316540
32405,0.662315
32406,0.865186
32407,0.266339
32409,0.760072
32411,0.433721
32412,0.897998
32413,0.986622
32414,0.456932
32415,0.309029
32416,0.330885
32417,0.944532
32418,0.330118
32419,0.934776
32420,0.757695
32421,0.226383
32422,0.876875
32423,0.392687
32424,0.520223
32425,0.925132
32426,0.161970
32427,0.161648
32428,0.263050
32429,0.944243
32431,0.086580
32433,0.245905
32434,0.836130
32435,0.924409
32436,0.868297
32437,0.413087
32438,0.319096
32439,0.279428
32440,0.180137
32441,0.748817
32442,0.264006
32443,0.844452
32444,0.118769
32445,0.693549
32446,0.642036
32447,0.236550
32448,0.382797
32449,0.677448
32450,0.453055
32452,0.742783
32453,0.312663
32454,0.746017
32455,0.060524
32456,0.842085
32457,0.751161
32458,0.518500
32459,0.818440
32460,0.487689
32461,0.183237
32462,0.272017
32463,0.193104
32466,0.397209
32467,0.942399
32468,0.329930
32469,0.400453
32470,0.909354
32471,0.465988
32472,0.314696
32473,0.678504
32474,0.770717
32475,0.489066
32476,0.564513
32477,0.933810
32478,0.951477
32479,0.551012
32480,0.340852
32482,0.311774
32483,0.389220
32485,0.210005
32487,0.270839
32488,0.757550
32489,0.126581
32490,0.397098
32491,0.194171
32492,0.510556
32493,0.270828
32494,0.726349
32495,0.662226
32496,0.506989
32497,0.803251
32498,0.909942
32499,0.743950
32500,0.492355
32501,0.118236
32502,0.218838
32503,0.285862
32504,0.168948
32505,0.874342
32506,0.119236
32507,0.038001
32508,0.898198
32509,0.621880
32511,0.589346
32512,0.117525
32513,0.723016
32514,0.636403
32515,0.899487
32517,0.942988
32518,0.901409
32519,0.391764
32520,0.676315
32521,0.185804
32524,0.821707
32525,0.833563
32526,0.837819
32527,0.889309
32529,0.269806
32530,0.400609
32531,0.279395
32532,0.140992
32533,0.427776
32534,0.722516
32535,0.377853
32536,0.707838
32537,0.650803
32538,0.249972
32540,0.030245
32541,0.727305
32542,0.146170
32543,0.911176
32544,0.889575
32545,0.746194
32546,0.471799
32547,0.213249
32549,0.649548
32550,0.634503
32551,0.828518
32553,0.822907
32554,0.434887
32555,0.726016
32556,0.380953
32557,0.952066
32558,0.694693
32559,0.793251
32560,0.509534
32561,0.881775
32562,0.183360
32563,0.149403
32564,0.248728
32565,0.795818
32566,0.907398
32567,0.245017
32568,0.372153
32569,0.589591
32570,0.515278
32571,0.151703
32572,0.848230
32573,0.249128
32574,0.666670
32575,0.691382
32576,0.832830
32577,0.557357
32578,0.102780
32579,0.360964
32581,0.387275
32583,0.216405
32585,0.779795
32586,0.281017
32587,0.868175
32588,0.264961
32589,0.303229
32591,0.356508
32592,0.319063
32593,0.393142
32594,0.233905
32595,0.105436
32597,0.102669
32598,0.409854
32599,0.874131
32600,0.347808
32602,0.104880
32603,0.212360
32604,0.575413
32605,0.855875
32606,0.421087
32608,0.253350
32609,0.925832
32610,0.776162
32611,0.149637
32612,0.730972
32613,0.113891
32614,0.492244
32615,0.671637
32616,0.385209
32617,0.052735
32618,0.086613
32619,0.384709
32620,0.577024
32621,0.782028
32622,0.413954
32623,0.212494
32624,0.390509
32625,0.652781
32626,0.092791
32627,0.119736
32628,0.753261
32629,0.280273
32630,0.141492
32631,0.125003
32632,0.350619
32633,0.274128
32634,0.199604
32635,0.653526
32636,0.863175
32637,0.652459
32638,0.436432
32639,0.664748
32641,0.166326
32642,0.279906
32643,0.344885
32644,0.920154
32646,0.956455
32647,0.702727
32648,0.390998
32649,0.784706
32650,0.746683
32651,0.828907
32652,0.220905
32653,0.285940
32654,0.499133
32655,0.413465
32656,0.706205
32657,0.856963
32659,0.403198
32660,0.059301
32662,0.306596
32664,0.907809
32665,0.779395
32666,0.531101
32667,0.311796
32669,0.686904
32670,0.934632
32673,0.666470
32674,0.802007
32675,0.833363
32676,0.174893
32677,0.274573
32678,0.482322
32679,0.239072
32681,0.810640
32682,0.151192
32683,0.078313
32684,0.733672
32685,0.802162
32686,0.805696
32687,0.504833
32688,0.318663
32690,0.263661
32691,0.775584
32693,0.310796
32695,0.763395
32696,0.278228
32697,0.675137
32698,0.424565
32699,0.739750
32700,0.854108
32701,0.797507
32702,0.720849
32703,0.112402
32704,0.245883
32705,0.674759
32706,0.658604
32708,0.732983
32709,0.715805
32710,0.713794
32711,0.151648
32712,0.216149
32713,0.273928
32714,0.845019
32715,0.445321
32716,0.102280
32717,0.727483
32718,0.028378
32719,0.548523
32721,0.813551
32723,0.701216
32724,0.355419
32725,0.450177
32726,0.730694
32727,0.399420
32728,0.298796
32729,0.398520
32730,0.172582
32731,0.755417
32732,0.392675
32733,0.858375
32734,0.324307
32735,0.309162
32736,0.648759
32737,0.776562
32738,0.154148
32739,0.799284
32740,0.338130
32741,0.352675
32742,0.322785
32743,0.386531
32744,0.756195
32745,0.393931
32746,0.762573
32747,0.667181
32749,0.335041
32750,0.279051
32751,0.322407
32752,0.254561
32753,0.291329
32754,0.357641
32755,0.790095
32756,0.794384
32757,0.557135
32758,0.637314
32759,0.583091
32760,0.961355
32761,0.070290
32763,0.582713
32766,0.784040
32767,0.402298
32768,0.561968
32769,0.456177
32770,0.843341
32771,0.235594
32772,0.170415
32773,0.296973
32774,0.845941
32775,0.376919
32776,0.145414
32777,0.507289
32778,0.409254
32779,0.682737
32780,0.742617
32781,0.845041
32782,0.267317
32783,0.291529
32784,0.237894
32785,0.308551
32786,0.702593
32787,0.763384
32788,0.249050
32789,0.382653
32790,0.353863
32791,0.618225
32792,0.139759
32793,0.821307
32794,0.499856
32797,0.467944
32798,0.098458
32799,0.202682
32800,0.252250
32801,0.256250
32802,0.270428
32803,0.283006
32804,0.467055
32805,0.922887
32806,0.890609
32807,0.466533
32808,0.823485
32809,0.494111
32810,0.425509
32811,0.185937
32813,0.438010
32814,0.911898
32815,0.867975
32816,0.464544
32817,0.496111
32818,0.313596
32819,0.793551
32820,0.267073
32821,0.735683
32823,0.206316
32824,0.845285
32825,0.759617
32826,0.711827
32827,0.421632
32828,0.772195
32829,0.652403
32830,0.433321
32831,0.290184
32832,0.281384
32834,0.737794
32835,0.630025
32836,0.152881
32837,0.820429
32838,0.234505
32839,0.077502
32840,0.805929
32841,0.236772
32842,0.640203
32843,0.631103
32844,0.645848
32845,0.351730
32846,0.155215
32847,0.240150
32848,0.313785
32849,0.425276
32850,0.874508
32852,0.282251
32853,0.782629
32854,0.189771
32855,0.239705
32856,0.474244
32857,0.474844
32858,0.732705
32859,0.990178
32860,0.175737
32861,0.810640
32863,0.376919
32864,0.634903
32866,0.850130
32867,0.281984
32868,0.458744
32869,0.439721
32870,0.949710
32871,0.857852
32873,0.894731
32874,0.057268
32875,0.222972
32876,0.094702
32877,0.788751
32879,0.312462
32880,0.271595
32881,0.680426
32882,0.559868
32883,0.813207
32884,0.249339
32885,0.395442
32886,0.558679
32887,0.223338
32888,0.812229
32889,0.798284
32890,0.863019
32891,0.167226
32892,0.245939
32894,0.426265
32895,0.180393
32897,0.562946
32899,0.215027
32901,0.813374
32903,0.070313
32904,0.840674
32905,0.618147
32906,0.919643
32907,0.312496
32908,0.931832
32909,0.813129
32910,0.870819
32911,0.161215
32912,0.890253
32913,0.241816
32914,0.860086
32915,0.576002
32916,0.068146
32917,0.687271
32918,0.243328
32919,0.560012
32920,0.154781
32921,0.193404
32924,0.543445
32925,0.565901
32926,0.766428
32927,0.516467
32928,0.129136
32929,0.208871
32930,0.242739
32931,0.166226
32932,0.418498
32933,0.184126
32934,0.223372
32935,0.636481
32936,0.726972
32938,0.557924
32939,0.647237
32940,0.814918
32941,0.321452
32942,0.746783
32943,0.146403
32944,0.616225
32945,0.589280
32946,0.617836
32947,0.783373
32948,0.276017
32949,0.045734
32950,0.810696
32951,0.918520
32952,0.320907
32953,0.610380
32954,0.123725
32956,0.897475
32957,0.396498
32958,0.175126
32959,0.630081
32960,0.396375
32961,0.811251
32963,0.548968
32964,0.176682
32965,0.622425
32966,0.676882
32967,0.117814
32968,0.135270
32969,0.694604
32970,0.436943
32971,0.309451
32972,0.380331
32974,0.557401
32975,0.856886
32976,0.680904
32977,0.160915
32978,0.340996
32979,0.222083
32980,0.247383
32981,0.982300
32982,0.325485
32983,0.710282
32984,0.188915
32985,0.798162
32987,0.257128
32988,0.316174
32990,0.017823
32991,0.609069
32992,0.673526
32993,0.624003
32994,0.293307
32997,0.448632
32998,0.624881
32999,0.760517
33000,0.277117
33001,0.581102
33002,0.615458
33003,0.688349
33004,0.284629
33005,0.063757
33006,0.334563
33008,0.746561
33009,0.329718
33010,0.880231
33012,0.879075
33013,0.829218
33014,0.017056
33015,0.889953
33016,0.631447
33017,0.545623
33018,0.229561
33019,0.497933
33020,0.483033
33021,0.211582
33022,0.095935
33023,0.237505
33024,0.600858
33025,0.142937
33026,0.928876
33027,0.138792
33028,0.499533
33029,0.118147
33030,0.844074
33031,0.246594
33032,0.457755
33033,0.529412
33034,0.239150
33036,0.352030
33037,0.738094
33038,0.391764
33039,0.798818
33040,0.752750
33041,0.772828
33042,0.809407
33043,0.204749
33044,0.292195
33046,0.526245
33047,0.148948
33048,0.819529
33051,0.860797
33052,0.193771
33053,0.833274
33055,0.393387
33056,0.550612
33057,0.834107
33058,0.340241
33059,0.634192
33060,0.680837
33061,0.174371
33062,0.045512
33063,0.257283
33064,0.646759
33065,0.317707
33066,0.700449
33067,0.829485
33068,0.729116
33069,0.820585
33070,0.769850
33071,0.681282
33072,0.765173
33073,0.854397
33074,0.235816
33075,0.240250
33076,0.895787
33077,0.329618
33078,0.761772
33079,0.313296
33080,0.572290
33081,0.586246
33082,0.536945
33083,0.277328
33084,0.903553
33085,0.222027
33086,0.539490
33087,0.797851
33088,0.275384
33089,0.554212
33090,0.913187
33091,0.187215
33092,0.242239
33093,0.186060
33094,0.678537
33095,0.376786
33096,0.610180
33097,0.369519
33098,0.802840
33099,0.624503
33100,0.441043
33101,0.549790
33102,0.706816
33104,0.134581
33105,0.374686
33107,0.779395
33108,0.826163
33109,0.054712
33110,0.478700
33111,0.927865
33112,0.233072
33113,0.142236
33114,0.309507
33115,0.673959
33116,0.916609
33117,0.195638
33118,0.233139
33119,0.126369
33120,0.343719
33123,0.793018
33126,0.580291
33127,0.277162
33128,0.751172
33129,0.800229
33130,0.303485
33131,0.927976
33132,0.731305
33133,0.747750
33134,0.196293
33135,0.798307
33136,0.737416
33137,0.188438
33138,0.136214
33139,0.094002
33140,0.076213
33141,0.754828
33142,0.756639
33144,0.861475
33145,0.233416
33146,0.920520
33147,0.215616
33148,0.071846
33149,0.225105
33150,0.790584
33151,0.275728
33152,0.558746
33154,0.346919
33155,0.128547
33156,0.284840
33157,0.728416
33158,0.936499
33160,0.267862
33161,0.823174
33162,0.950288
33163,0.296429
33164,0.243317
33165,0.674737
33166,0.765895
33167,0.961088
33168,0.631547
33169,0.813740
33170,0.388853
33171,0.276884
33172,0.472599
33173,0.244005
33174,0.246505
33175,0.259984
33176,0.861064
33177,0.774639
33178,0.888431
33179,0.423698
33180,0.060268
33181,0.240361
33183,0.115280
33184,0.125869
33185,0.654959
33186,0.751617
33187,0.795540
33188,0.846741
33189,0.290906
33190,0.108180
33191,0.217538
33192,0.830441
33193,0.234983
33194,0.409087
33195,0.888009
33196,0.401720
33197,0.771384
33198,0.193682
33199,0.398009
33200,0.676471
33201,0.778562
33202,0.837152
33203,0.346474
33204,0.962199
33205,0.321163
33206,0.826463
33207,0.238350
33208,0.900742
33209,0.116858
33210,0.358608
33211,0.265428
33212,0.291106
33213,0.243317
33214,0.230572
33215,0.603636
33216,0.324252
33217,0.758817
33218,0.299729
33219,0.287262
33220,0.651748
33221,0.767184
33222,0.816563
33223,0.607369
33224,0.686460
33225,0.084724
33226,0.763373
33227,0.025123
33228,0.873097
33229,0.962355
33230,0.287273
33231,0.724805
33232,0.902287
33233,0.259361
33234,0.771839
33235,0.054501
33236,0.492511
33237,0.920809
33238,0.637414
33239,0.129425
33240,0.485089
33241,0.421854
33242,0.455777
33243,0.935576
33244,0.393042
33245,0.170826
33247,0.869253
33248,0.196615
33249,0.960244
33250,0.439554
33251,0.859852
33252,0.902898
33254,0.216216
33255,0.210605
33256,0.694515
33257,0.832296
33258,0.251394
33260,0.172137
33261,0.682849
33263,0.181071
33264,0.939232
33265,0.855130
33266,0.550679
33267,0.504556
33268,0.292884
33269,0.342574
33270,0.251839
33271,0.709271
33273,0.265417
33274,0.892964
33276,0.436610
33277,0.025389
33278,0.371164
33279,0.244383
33281,0.219594
33282,0.829463
33284,0.762361
33285,0.874731
33286,0.602036
33288,0.926965
33289,0.436121
33290,0.679160
33291,0.689626
33292,0.262973
33293,0.626625
33294,0.244550
33295,0.155137
33296,0.278928
33297,0.416531
33298,0.185004
33299,0.636636
33300,0.901887
33301,0.621714
33302,0.866530
33303,0.569035
33304,0.531512
33305,0.711449
33306,0.241450
33308,0.528201
33309,0.184326
33310,0.016778
33313,0.292807
33314,0.836796
33315,0.566557
33316,0.586624
33317,0.435321
33318,0.233039
33319,0.202093
33320,0.194371
33322,0.311885
33323,0.088469
33324,0.249006
33325,0.346319
33326,0.615769
33327,0.802307
33329,0.683260
33330,0.111491
33331,0.263839
33332,0.803285
33333,0.751128
33334,0.213827
33336,0.541734
33337,0.645025
33338,0.709438
33339,0.078524
33340,0.217238
33341,0.867597
33342,0.871042
33343,0.190860
33344,0.350974
33345,0.392086
33346,0.475411
33347,0.625847
33348,0.467421
33349,0.323185
33350,0.877075
33351,0.632103
33352,0.869030
33353,0.927598
33354,0.830941
33355,0.372275
33356,0.755017
33357,0.409031
33358,0.535690
33359,0.762573
33360,0.924198
33361,0.221494
33362,0.830041
33363,0.092635
33364,0.445499
33365,0.498044
33366,0.258361
33367,0.784851
33368,0.195104
33369,0.531245
33370,0.590880
33371,0.897720
33372,0.231038
33373,0.229961
33374,0.317263
33375,0.760050
33376,0.382331
33377,0.811407
33378,0.673659
33379,0.046834
33382,0.334252
33383,0.709394
33384,0.142214
33385,0.278273
33386,0.229494
33388,0.908398
33389,0.301196
33390,0.656859
33391,0.209516
33392,0.347074
33393,0.488500
33394,0.451854
33395,0.796418
33396,0.211982
33397,0.152715
33398,0.896520
33399,0.336696
33400,0.387531
33401,0.148692
33402,0.314096
33403,0.931998
33404,0.288995
33405,0.176637
33406,0.059590
33407,0.316474
33408,0.968555
33410,0.082557
33411,0.468522
33412,0.372675
33413,0.192015
33414,0.690315
33415,0.396609
33417,0.421254
33418,0.055712
33419,0.049579
33420,0.242405
33421,0.888475
33423,0.487277
33424,0.448366
33425,0.291840
33426,0.755706
33427,0.593113
33428,0.599913
33429,0.872464
33430,0.913109
33431,0.346052
33432,0.268095
33433,0.118869
33434,0.915043
33435,0.435010
33436,0.805018
33437,0.788495
33438,0.901242
33440,0.238572
33441,0.496155
33442,0.832496
33443,0.625947
33444,0.802151
33445,0.896075
33446,0.239361
33447,0.750883
33449,0.555390
33450,0.202238
33452,0.705238
33453,0.365630
33454,0.915743
33455,0.435399
33456,0.159070
33457,0.557223
33458,0.860608
33459,0.229005
33460,0.388953
33461,0.554168
33462,0.133836
33463,0.763973
33464,0.335919
33465,0.285584
33466,0.254828
33467,0.866519
33468,0.595924
33469,0.234727
33471,0.665504
33472,0.121947
33473,0.675593
33474,0.890942
33475,0.286506
33476,0.564979
33477,0.769117
33478,0.322485
33480,0.799107
33481,0.198116
33482,0.830830
33484,0.224561
33486,0.329252
33488,0.194027
33489,0.318496
33491,0.814329
33492,0.139592
33494,0.636325
33495,0.417443
33496,0.112591
33497,0.463366
33499,0.905176
33501,0.269473
33502,0.391653
33503,0.293207
33504,0.579968
33505,0.211594
33506,0.757261
33507,0.720072
33508,0.064601
33509,0.082113
33510,0.107991
33511,0.361452
33512,0.894575
33513,0.816563
33514,0.243028
33515,0.527856
33517,0.595535
33518,0.822507
33519,0.791784
33521,0.025601
33522,0.082635
33523,0.723994
33524,0.267139
33525,0.824685
33526,0.202327
33527,0.811796
33528,0.786095
33531,0.145459
33532,0.188926
33533,0.970499
33534,0.839985
33535,0.857341
33536,0.347397
33537,0.488366
33538,0.740883
33539,0.836507
33541,0.464755
33542,0.340519
33543,0.525234
33545,0.263039
33546,0.740594
33547,0.887264
33549,0.963833
33551,0.249894
33552,0.881731
33553,0.749483
33554,0.582080
33555,0.779006
33556,0.830385
33557,0.803340
33558,0.072846
33559,0.275773
33560,0.523612
33561,0.172226
33563,0.311374
33565,0.760772
33566,0.824774
33567,0.329007
33568,0.193404
33569,0.827352
33570,0.312140
33571,0.090358
33572,0.565768
33573,0.149492
33574,0.313651
33575,0.902031
33576,0.569357
33577,0.153737
33578,0.944721
33579,0.327996
33581,0.590758
33582,0.567490
33583,0.398842
33584,0.232350
33585,0.171970
33586,0.677704
33587,0.248250
33588,0.560535
33589,0.747917
33590,0.403031
33591,0.317863
33592,0.812918
33593,0.358519
33595,0.789162
33596,0.949254
33597,0.820529
33598,0.313418
33599,0.791651
33600,0.923321
33601,0.613914
33603,0.131458
33604,0.820307
33605,0.388398
33606,0.099413
33607,0.517100
33608,0.739950
33609,0.619980
33610,0.616869
33611,0.321529
33612,0.938110
33613,0.330407
33614,0.520834
33615,0.651859
33616,0.830563
33620,0.410998
33621,0.843952
33622,0.923365
33623,0.261839
33625,0.165148
33626,0.772362
33627,0.833652
33628,0.872375
33629,0.168693
33630,0.770039
33631,0.100924
33632,0.542957
33633,0.499644
33634,0.432754
33635,0.649914
33636,0.283606
33637,0.645314
33638,0.971155
33639,0.343108
33640,0.611691
33641,0.821507
33642,0.745450
33643,0.877742
33644,0.874953
33645,0.344085
33646,0.739894
33647,0.604647
33648,0.199371
33649,0.722383
33650,0.721794
33651,0.352297
33652,0.849952
33654,0.638536
33655,0.240105
33656,0.383120
33657,0.700204
33658,0.444765
33659,0.689693
33660,0.267995
33661,0.594702
33662,0.124981
33663,0.231850
33664,0.366330
33665,0.483066
33666,0.683604
33667,0.300318
33668,0.869053
33669,0.050146
33670,0.449466
33671,0.225005
33672,0.294384
33673,0.397609
33674,0.569890
33675,0.530501
33676,0.874375
33677,0.696871
33678,0.705327
33679,0.682393
33680,0.564546
33681,0.559479
33682,0.562224
33683,0.046279
33684,0.968499
33685,0.828518
33686,0.695571
33687,0.310807
33690,0.726838
33691,0.508356
33692,0.849630
33693,0.877364
33694,0.266239
33695,0.147726
33696,0.906387
33697,0.619047
33698,0.303973
33699,0.164681
33700,0.021012
33701,0.743439
33702,0.919376
33703,0.784340
33704,0.882609
33705,0.294284
33706,0.879597
33707,0.678948
33709,0.268217
33710,0.905420
33711,0.487989
33712,0.250317
33713,0.819640
33714,0.875286
33715,0.450088
33716,0.975966
33717,0.977366
33719,0.827563
33720,0.530578
33721,0.918087
33723,0.575257
33724,0.323485
33725,0.720460
33726,0.873242
33727,0.320829
33729,0.489966
33730,0.182993
33731,0.871386
33732,0.745928
33733,0.262750
33734,0.866175
33735,0.195727
33736,0.267317
33737,0.690760
33738,0.522167
33740,0.608569
33741,0.309385
33742,0.317018
33743,0.684493
33744,0.796373
33745,0.246517
33746,0.818418
33747,0.711616
33748,0.373697
33750,0.488178
33751,0.264861
33752,0.265295
33753,0.522767
33754,0.527034
33755,0.256639
33756,0.326074
33757,0.913031
33758,0.321507
33759,0.823274
33760,0.873931
33761,0.816129
33762,0.602658
33763,0.289062
33764,0.128336
33768,0.459132
33769,0.355775
33770,0.898509
33771,0.275695
33772,0.314574
33773,0.129814
33774,0.902698
33775,0.176737
33776,0.587169
33777,0.917209
33779,0.842185
33780,0.192993
33781,0.652992
33782,0.522589
33784,0.871030
33785,0.588158
33786,0.591558
33787,0.805640
33788,0.354952
33789,0.890064
33790,0.325641
33791,0.253361
33792,0.081580
33794,0.640059
33795,0.509789
33796,0.633692
33797,0.054790
33798,0.340074
33799,0.865741
33800,0.526423
33801,0.827841
33802,0.112569
33803,0.293851
33804,0.862052
33805,0.303340
33806,0.148737
33807,0.869597
33809,0.229483
33810,0.568913
33811,0.267673
33813,0.368397
33814,0.659270
33815,0.289540
33816,0.922798
33818,0.185349
33819,0.274317
33820,0.142592
33821,0.865097
33822,0.868853
33823,0.199727
33824,0.309051
33825,0.369497
33826,0.222594
33827,0.269006
33828,0.468366
33829,0.360252
33830,0.125669
33831,0.466277
33832,0.291384
33833,0.977966
33834,0.227372
33836,0.678026
33837,0.441532
33838,0.293184
33839,0.800807
33840,0.260072
33841,0.256695
33842,0.457221
33843,0.218305
33844,0.967877
33845,0.126247
33846,0.584413
33847,0.397342
33848,0.814151
33849,0.513578
33850,0.143070
33851,0.518967
33852,0.034579
33853,0.679826
33854,0.727538
33855,0.760506
33856,0.753061
33857,0.031645
33858,0.192204
33859,0.507556
33861,0.516511
33862,0.718705
33863,0.606780
33864,0.820940
33865,0.298029
33866,0.717638
33867,0.068679
33868,0.239205
33869,0.259461
33870,0.519289
33871,0.612291
33872,0.514423
33873,0.097658
33874,0.502867
33875,0.192871
33876,0.668182
33877,0.245461
33878,0.319296
33879,0.215527
33880,0.522789
33881,0.751839
33883,0.649137
33884,0.687671
33885,0.363719
33886,0.776162
33888,0.143192
33889,0.390042
33890,0.621703
33891,0.404065
33892,0.054546
33893,0.856497
33894,0.547757
33895,0.845363
33896,0.665393
33897,0.816707
33898,0.271806
33899,0.841808
33901,0.640136
33902,0.275339
33903,0.916254
33904,0.233827
33905,0.773195
33906,0.172015
33907,0.912709
33908,0.172659
33911,0.393487
33912,0.396364
33913,0.727461
33914,0.516867
33915,0.909476
33917,0.641081
33918,0.271550
33919,0.710482
33920,0.351441
33921,0.657804
33922,0.343497
33923,0.715760
33925,0.615169
33927,0.283717
33928,0.865653
33929,0.588813
33930,0.090646
33931,0.930110
33932,0.929021
33933,0.074368
33934,0.094191
33935,0.886709
33936,0.280940
33937,0.404831
33938,0.848363
33939,0.337808
33940,0.175648
33941,0.205071
33942,0.172026
33943,0.363041
33944,0.884964
33945,0.765461
33946,0.603547
33948,0.914187
33949,0.617214
33950,0.165137
33951,0.816840
33952,0.188338
33953,0.399898
33954,0.117992
33955,0.679115
33956,0.637725
33957,0.250983
33958,0.808451
33959,0.729805
33960,0.685137
33962,0.911509
33963,0.222916
33964,0.279695
33965,0.213160
33966,0.513011
33967,0.347408
33968,0.558357
33969,0.973644
33970,0.738094
33971,0.647237
33972,0.337152
33973,0.420687
33974,0.467833
33975,0.689693
33976,0.872786
33977,0.248072
33978,0.719327
33979,0.674059
33980,0.740761
33981,0.311074
33982,0.876131
33983,0.431710
33984,0.924132
33985,0.134981
33986,0.681726
33987,0.113591
33988,0.304673
33989,0.345530
33990,0.888964
33991,0.283317
33992,0.298729
33993,0.850786
33994,0.357664
33996,0.880708
33997,0.394820
33999,0.898231
34000,0.566490
34001,0.513800
34002,0.024067
34003,0.659248
34004,0.272495
34005,0.669070
34006,0.627036
34007,0.504256
34008,0.242272
34009,0.065079
34010,0.891364
34011,0.756317
34012,0.363853
34014,0.611925
34015,0.393687
34016,0.141081
34017,0.679037
34018,0.104647
34019,0.442688
34021,0.776395
34022,0.756117
34024,0.341141
34025,0.264373
34026,0.959155
34027,0.650059
34028,0.312940
34029,0.719527
34030,0.308451
34032,0.376419
34033,0.723249
34034,0.207727
34035,0.876631
34036,0.819207
34037,0.390542
34038,0.403131
34039,0.258361
34040,0.503800
34041,0.153826
34043,0.796629
34044,0.087891
34045,0.237316
34046,0.388531
34047,0.619269
34048,0.313296
34049,0.323607
34050,0.162326
34051,0.864964
34052,0.446843
34053,0.306029
34054,0.673248
34055,0.512156
34056,0.875175
34057,0.662793
34058,0.688215
34059,0.821263
34060,0.296284
34061,0.237883
34062,0.644592
34063,0.762028
34064,0.294551
34065,0.637914
34066,0.798873
34067,0.259728
34068,0.805529
34069,0.327207
34072,0.165070
34073,0.158037
34074,0.525189
34075,0.468210
34076,0.776628
34077,0.187715
34078,0.733839
34079,0.636936
34080,0.847008
34081,0.196882
34083,0.274739
34084,0.400498
34085,0.661226
34086,0.289062
34087,0.216494
34088,0.668604
34089,0.338108
34090,0.737272
34091,0.708527
34092,0.401176
34093,0.257650
34094,0.327052
34095,0.320307
34096,0.056157
34097,0.289773
34098,0.297873
34099,0.988300
34100,0.698104
34101,0.197949
34102,0.469444
34103,0.886853
34105,0.486066
34106,0.880608
34107,0.699560
34108,0.292373
34109,0.103180
34110,0.071224
34111,0.866719
34112,0.826985
34113,0.107702
34114,0.264350
34115,0.247339
34116,0.793262
34117,0.349397
34118,0.726394
34119,0.594602
34120,0.326507
34122,0.666981
34123,0.715383
34124,0.845574
34125,0.183860
34126,0.336185
34128,0.250261
34129,0.191549
34130,0.279562
34131,0.074668
34132,0.481855
34133,0.346874
34134,0.625147
34135,0.902953
34136,0.922476
34137,0.320385
34138,0.406953
34139,0.439188
34140,0.015823
34141,0.820818
34142,0.177648
34143,0.706816
34144,0.536079
34145,0.353141
34146,0.310162
34147,0.377742
34148,0.775217
34149,0.804751
34150,0.111425
34151,0.189438
34152,0.959732
34154,0.252350
34155,0.064801
34156,0.260672
34157,0.286373
34158,0.957355
34159,0.572424
34160,0.876186
34161,0.107025
34162,0.714760
34163,0.787229
34164,0.372586
34165,0.351330
34166,0.536456
34167,0.169982
34168,0.794173
34169,0.757950
34170,0.386297
34171,0.935554
34172,0.578024
34173,0.937643
34174,0.936954
34177,0.317940
34178,0.874275
34179,0.224305
34180,0.416420
34181,0.164437
34183,0.582146
34185,0.680237
34187,0.267662
34188,0.639636
34189,0.718916
34190,0.123514
34191,0.330930
34192,0.345774
34193,0.272773
34194,0.845697
34195,0.403998
34196,0.768684
34197,0.768117
34198,0.652770
34199,0.249528
34200,0.389309
34201,0.114603
34202,0.624392
34203,0.649559
34204,0.879086
34205,0.106325
34206,0.807874
34207,0.558212
34208,0.713827
34209,0.317396
34210,0.173304
34211,0.755817
34212,0.064935
34213,0.391409
34214,0.247639
34215,0.647148
34216,0.640414
34217,0.237150
34218,0.501422
34219,0.185171
34220,0.292240
34221,0.172893
34222,0.492522
34223,0.776295
34225,0.434076
34226,0.855408
34227,0.346352
34228,0.153948
34229,0.099824
34230,0.373164
34231,0.614125
34232,0.860508
34233,0.886997
34234,0.008878
34235,0.287117
34236,0.527945
34238,0.706849
34239,0.616403
34240,0.099813
34241,0.127058
34242,0.720705
34243,0.756995
34244,0.536834
34245,0.428821
34246,0.213716
34247,0.373608
34248,0.288251
34249,0.859330
34250,0.837930
34251,0.257017
34252,0.704482
34254,0.779273
34255,0.139892
34257,0.322040
34258,0.246250
34259,0.842308
34260,0.908242
34261,0.597202
34262,0.734927
34263,0.201971
34264,0.877219
34265,0.539823
34266,0.270628
34267,0.433687
34268,0.388220
34270,0.586069
34271,0.228705
34272,0.256606
34273,0.129647
34274,0.112980
34275,0.815185
34276,0.827907
34277,0.406187
34278,0.826752
34279,0.647237
34280,0.451199
34282,0.875697
34283,0.814274
34284,0.186871
34285,0.938576
34286,0.233694
34287,0.195327
34288,0.428387
34289,0.084913
34291,0.116836
34292,0.115125
34293,0.735339
34294,0.638403
34295,0.133992
34296,0.332852
34297,0.613669
34298,0.353286
34299,0.646892
34300,0.271150
34301,0.289173
34303,0.849308
34304,0.417443
34305,0.466299
34306,0.845997
34307,0.662659
34308,0.871553
34309,0.611225
34310,0.889786
34312,0.708838
34313,0.744728
34314,0.609269
34315,0.825696
34316,0.682204
34317,0.799996
34318,0.849541
34319,0.133159
34320,0.236694
34323,0.984933
34324,0.651603
34325,0.614191
34326,0.781806
34327,0.627958
34328,0.188004
34329,0.843152
34330,0.844374
34331,0.588335
34332,0.269617
34333,0.302573
34334,0.741350
34335,0.941410
34336,0.686093
34337,0.816018
34338,0.294462
34339,0.232527
34340,0.187293
34341,0.058168
34342,0.893064
34343,0.347008
34344,0.495822
34345,0.232572
34346,0.857386
34347,0.305862
34348,0.812540
34349,0.778984
34350,0.786995
34351,0.561168
34352,0.299596
34353,0.730572
34354,0.801751
34355,0.345697
34356,0.837285
34357,0.957566
34358,0.300140
34359,0.812029
34361,0.289195
34362,0.384609
34363,0.665459
34364,0.258717
34366,0.870886
34367,0.876897
34368,0.921265
34369,0.091246
34370,0.349408
34371,0.288973
34372,0.302073
34373,0.499756
34374,0.265484
34375,0.526989
34376,0.389564
34377,0.846797
34378,0.280206
34379,0.703938
34380,0.932587
34381,0.346074
34382,0.470122
34383,0.718338
34384,0.838463
34385,0.650326
34387,0.375008
34389,0.361875
34390,0.250783
34391,0.407309
34392,0.145381
34393,0.677115
34394,0.296340
34395,0.396631
34397,0.467755
34398,0.756783
34399,0.107736
34400,0.221405
34401,0.902387
34402,0.764161
34405,0.917231
34406,0.349852
34407,0.511200
34408,0.835252
34409,0.527489
34410,0.573513
34411,0.339663
34412,0.533734
34413,0.833330
34414,0.261795
34415,0.925154
34417,0.077568
34418,0.359364
34419,0.515478
34420,0.889664
34421,0.076246
34422,0.799173
34423,0.295962
34424,0.455543
34425,0.663637
34426,0.268528
34427,0.325385
34428,0.725605
34429,0.250239
34430,0.731994
34431,0.286984
34432,0.216360
34433,0.943577
34435,0.648403
34436,0.709082
34437,0.106080
34438,0.105613
34439,0.901231
34440,0.761617
34441,0.798984
34442,0.276139
34443,0.409876
34444,0.680515
34445,0.351919
34446,0.233127
34448,0.057712
34450,0.318185
34453,0.802829
34454,0.700816
34455,0.117014
34456,0.304918
34457,0.789440
34458,0.153748
34459,0.618514
34461,0.582313
34462,0.410431
34463,0.894064
34464,0.843541
34466,0.588358
34467,0.907176
34468,0.290462
34469,0.298973
34470,0.887120
34471,0.522956
34472,0.629581
34473,0.256128
34474,0.771339
34475,0.388498
34476,0.277051
34477,0.646525
34478,0.193971
34479,0.630570
34480,0.668804
34481,0.403909
34482,0.131314
34483,0.789984
34486,0.529690
34487,0.187638
34488,0.728138
34489,0.646970
34490,0.509489
34491,0.141570
34492,0.645937
34493,0.215827
34494,0.527201
34495,0.779051
34496,0.413587
34497,0.874797
34498,0.517578
34499,0.934910
34500,0.017267
34501,0.659126
34502,0.640570
34505,0.882186
34506,0.172459
34507,0.403098
34508,0.858130
34509,0.753528
34510,0.685060
34511,0.037256
34512,0.790829
34513,0.351574
34515,0.412665
34516,0.837652
34517,0.209527
34518,0.284240
34519,0.187426
34520,0.058601
34522,0.059024
34523,0.258550
34524,0.423521
34525,0.230461
34526,0.400320
34527,0.094358
34528,0.358430
34529,0.878564
34530,0.215405
34531,0.377108
34532,0.915965
34533,0.618036
34534,0.777784
34535,0.930387
34536,0.522812
34537,0.872419
34538,0.591124
34539,0.278873
34540,0.236383
34541,0.370064
34542,0.876142
34543,0.933865
34544,0.061035
34545,0.044512
34546,0.200993
34547,0.355097
34548,0.142537
34549,0.810429
34550,0.990011
34551,0.883097
34552,0.452577
34553,0.358530
34554,0.786651
34555,0.482177
34556,0.270539
34557,0.394642
34558,0.247872
34559,0.502089
34560,0.353908
34562,0.159381
34563,0.809207
34564,0.491833
34565,0.837774
34566,0.855630
34567,0.871875
34568,0.108447
34569,0.326963
34570,0.547668
34571,0.785540
34572,0.194815
34573,0.766995
34574,0.173737
34576,0.640925
34577,0.145837
34579,0.327641
34580,0.052079
34581,0.344030
34582,0.068135
34583,0.149626
34584,0.102825
34585,0.799996
34586,0.384442
34587,0.990355
34589,0.232405
34590,0.686637
34591,0.177293
34592,0.814896
34593,0.450921
34594,0.338230
34595,0.460621
34596,0.612514
34597,0.689593
34598,0.399831
34600,0.775084
34601,0.897498
34602,0.634392
34603,0.425654
34604,0.748117
34605,0.947910
34607,0.435510
34608,0.028878
34609,0.397164
34610,0.098113
34611,0.755528
34612,0.316007
34613,0.465999
34614,0.420754
34615,0.098402
34616,0.711649
34617,0.237072
34618,0.748739
34619,0.174848
34620,0.030301
34621,0.679626
34622,0.331730
34625,0.832907
34626,0.794562
34628,0.783973
34629,0.249617
34630,0.449954
34631,0.730861
34632,0.321407
34634,0.663848
34635,0.533201
34636,0.972766
34637,0.832396
34638,0.263939
34639,0.878753
34640,0.284895
34641,0.769939
34642,0.583524
34643,0.211349
34644,0.176837
34645,0.785217
34646,0.359175
34647,0.857386
34648,0.497811
34650,0.123514
34651,0.298240
34652,0.385775
34653,0.882164
34654,0.530356
34655,0.303973
34656,0.158570
34657,0.263706
34658,0.955321
34659,0.407409
34660,0.913376
34661,0.673271
34662,0.508189
34663,0.229727
34664,0.390509
34665,0.571857
34666,0.300151
34667,0.288295
34668,0.640414
34669,0.479800
34670,0.957555
34671,0.940154
34672,0.395875
34674,0.848263
34675,0.622969
34676,0.110858
34677,0.209360
34678,0.387964
34679,0.814718
34680,0.226405
34681,0.263550
34682,0.694493
34683,0.090580
34684,0.794862
34686,0.747528
34687,0.842941
34688,0.775995
34690,0.245972
34691,0.148592
34692,0.063746
34693,0.897676
34694,0.823785
34695,0.177715
34696,0.463110
34697,0.164681
34699,0.701227
34701,0.686660
34702,0.831496
34703,0.810874
34704,0.333519
34705,0.882531
34706,0.805918
34707,0.302796
34708,0.389664
34709,0.276417
34711,0.186637
34712,0.847441
34713,0.536590
34715,0.015456
34716,0.100858
34717,0.161459
34718,0.522834
34719,0.098847
34720,0.779806
34721,0.162081
34722,0.839919
34723,0.307907
34724,0.173348
34725,0.734172
34726,0.971922
34727,0.197716
34728,0.720027
34729,0.321118
34730,0.713605
34731,0.410531
34732,0.244894
34733,0.789306
34734,0.214549
34735,0.654970
34736,0.383009
34737,0.316074
34740,0.592258
34741,0.151614
34742,0.614536
34743,0.261172
34744,0.334007
34746,0.423576
34747,0.132514
34748,0.979233
34749,0.283706
34750,0.149270
34751,0.681826
34752,0.700416
34754,0.501800
34755,0.288329
34756,0.900253
34757,0.595224
34758,0.136236
34759,0.797607
34760,0.249583
34761,0.129036
34762,0.743561
34763,0.369697
34764,0.685315
34766,0.046445
34767,0.640448
34768,0.494122
34769,0.826629
34770,0.136836
34772,0.702716
34773,0.217627
34774,0.446332
34775,0.398231
34776,0.453321
34777,0.391964
34778,0.737283
34779,0.830430
34780,0.969099
34781,0.704927
34782,0.796729
34783,0.032501
34784,0.720005
34785,0.892687
34786,0.370764
34787,0.420865
34790,0.453399
34791,0.796129
34792,0.296907
34793,0.677126
34794,0.259239
34795,0.966488
34796,0.467333
34797,0.458766
34798,0.285984
34799,0.354186
34800,0.787551
34802,0.734905
34803,0.499200
34806,0.532067
34807,0.732539
34808,0.192704
34809,0.351097
34810,0.946299
34811,0.780417
34812,0.501678
34813,0.391053
34814,0.739894
34816,0.759872
34817,0.745761
34818,0.816007
34819,0.200193
34820,0.145659
34821,0.875375
34822,0.391809
34823,0.289495
34824,0.795307
34825,0.407442
34826,0.327607
34827,0.962644
34828,0.758372
34829,0.110336
34830,0.807685
34831,0.403420
34833,0.316285
34834,0.318218
34836,0.630592
34837,0.884742
34838,0.865275
34839,0.611314
34841,0.964977
34842,0.297840
34843,0.538034
34844,0.101436
34845,0.566090
34846,0.797029
34847,0.918787
34848,0.169715
34849,0.645748
34850,0.374719
34851,0.221905
34852,0.741783
34853,0.831696
34854,0.432799
34855,0.890964
34856,0.078924
34857,0.327052
34858,0.442621
34859,0.227372
34860,0.289273
34861,0.839052
34862,0.403509
34863,0.290962
34864,0.274428
34865,0.264417
34866,0.120869
34867,0.786862
34868,0.501044
34869,0.941421
34870,0.679804
34871,0.707994
34872,0.235883
34873,0.265628
34874,0.847230
34876,0.495067
34877,0.618747
34879,0.527223
34880,0.487422
34881,0.812918
34882,0.526145
34883,0.807507
34884,0.771573
34885,0.118792
34886,0.738428
34888,0.755339
34889,0.806107
34890,0.697427
34891,0.215616
34892,0.387009
34893,0.178037
34894,0.792273
34896,0.899598
34897,0.253506
34898,0.852463
34899,0.472466
34900,0.296684
34901,0.689126
34902,0.836107
34903,0.814418
34905,0.743394
34906,0.869108
34907,0.915120
34908,0.209316
34909,0.822074
34910,0.781228
34911,0.824663
34912,0.422087
34913,0.741361
34915,0.084991
34917,0.958244
34918,0.289206
34919,0.647403
34920,0.284184
34921,0.326263
34922,0.214683
34923,0.181971
34924,0.463610
34926,0.262417
34927,0.220383
34928,0.192738
34929,0.296073
34930,0.183537
34931,0.814096
34932,0.329863
34933,0.252950
34934,0.808340
34935,0.771850
34936,0.502545
34937,0.405920
34938,0.108669
34939,0.326118
34941,0.097980
34942,0.560868
34943,0.477911
34944,0.945188
34945,0.491611
34946,0.863519
34947,0.983777
34949,0.108036
34950,0.326518
34951,0.138881
34952,0.502278
34953,0.449866
34954,0.702216
34955,0.968255
34956,0.332863
34957,0.280817
34958,0.900520
34960,0.299784
34961,0.699627
34962,0.750294
34963,0.257106
34965,0.443088
34966,0.494255
34967,0.387020
34968,0.706493
34970,0.459188
34971,0.875697
34972,0.763739
34973,0.389186
34974,0.229750
34975,0.861808
34976,0.346030
34977,0.873508
34979,0.633081
34980,0.878497
34981,0.820407
34982,0.178504
34983,0.737072
34984,0.943910
34985,0.878631
34986,0.301940
34988,0.286184
34989,0.897475
34990,0.527634
34991,0.231416
34993,0.305629
34994,0.835963
34995,0.500756
34996,0.279362
34997,0.351563
34998,0.295518
34999,0.646992
35000,0.607391
35001,0.286340
35002,0.749039
35003,0.098091
35004,0.867753
35005,0.246605
35006,0.187682
35007,0.534056
35008,0.391242
35009,0.203127
35010,0.077913
35011,0.217194
35012,0.745461
35013,0.837619
35015,0.632192
35016,0.651848
35017,0.827752
35018,0.470810
35019,0.357897
35021,0.088813
35022,0.535667
35023,0.751206
35024,0.505845
35026,0.377986
35027,0.551057
35028,0.384786
35029,0.930898
35030,0.623025
35031,0.616336
35032,0.918987
35033,0.376386
35034,0.465321
35036,0.832196
35037,0.523445
35038,0.870508
35039,0.888809
35040,0.497667
35041,0.270395
35042,0.823785
35043,0.369953
35044,0.557146
35045,0.358264
35047,0.884709
35048,0.675426
35050,0.445799
35051,0.243705
35052,0.704471
35053,0.575346
35054,0.908831
35055,0.113391
35056,0.193327
35057,0.349530
35058,0.668204
35059,0.173437
35060,0.859697
35061,0.803985
35063,0.286917
35064,0.798007
35065,0.358286
35067,0.241650
35068,0.406165
35069,0.128525
35070,0.953766
35071,0.842863
35072,0.149492
35073,0.262328
35074,0.780528
35075,0.085435
35076,0.703016
35078,0.820318
35079,0.008600
35081,0.678437
35082,0.394342
35083,0.194815
35084,0.179304
35085,0.287629
35086,0.641936
35087,0.765239
35088,0.694493
35089,0.226938
35090,0.242150
35092,0.901031
35093,0.213816
35094,0.720538
35095,0.456988
35097,0.209171
35098,0.181948
35099,0.309818
35100,0.515989
35101,0.512789
35102,0.822652
35103,0.700438
35104,0.319318
35105,0.789718
35106,0.242305
35107,0.405542
35108,0.846519
35109,0.879620
35111,0.449332
35112,0.907376
35113,0.781384
35114,0.883686
35115,0.556023
35116,0.813696
35117,0.851386
35118,0.202516
35119,0.761239
35120,0.585635
35121,0.226727
35122,0.318707
35123,0.850963
35124,0.248994
35125,0.171093
35126,0.888064
35127,0.859019
35128,0.183060
35129,0.613403
35130,0.744572
35131,0.325796
35133,0.202538
35135,0.508678
35136,0.521812
35137,0.956188
35139,0.155503
35140,0.737283
35141,0.639259
35142,0.276328
35143,0.414865
35144,0.474855
35145,0.808562
35146,0.054057
35147,0.217827
35148,0.773984
35149,0.140570
35150,0.912887
35151,0.597024
35152,0.628725
35153,0.292718
35155,0.716183
35156,0.849686
35157,0.244139
35158,0.979311
35159,0.701249
35160,0.340030
35161,0.186260
35162,0.558546
35163,0.695382
35164,0.201360
35165,0.767995
35166,0.240116
35167,0.728405
35168,0.405687
35169,0.276039
35170,0.256750
35171,0.823929
35172,0.801507
35174,0.328007
35175,0.926743
35176,0.209782
35177,0.310996
35181,0.263284
35182,0.929532
35185,0.386442
35186,0.528567
35187,0.391486
35188,0.691260
35189,0.776273
35190,0.383364
35191,0.713360
35192,0.439954
35193,0.442021
35194,0.840119
35195,0.220216
35196,0.138925
35197,0.763573
35198,0.315763
35199,0.904231
35200,0.725072
35201,0.430232
35202,0.936454
35203,0.616847
35204,0.890831
35205,0.684915
35206,0.490911
35207,0.489800
35208,0.805618
35209,0.195227
35210,0.092402
35211,0.917620
35212,0.615958
35213,0.349141
35214,0.263384
35215,0.876831
35216,0.782951
35217,0.433743
35218,0.207805
35219,0.847852
35220,0.012234
35221,0.768817
35222,0.861997
35223,0.708527
35224,0.207427
35225,0.907531
35226,0.851708
35227,0.303929
35228,0.273495
35229,0.483689
35230,0.152448
35231,0.337674
35232,0.504833
35234,0.926809
35235,0.305662
35238,0.408198
35239,0.291495
35240,0.474122
35241,0.414709
35242,0.478933
35243,0.461144
35244,0.344274
35245,0.195571
35246,0.447532
35248,0.432021
35249,0.175904
35251,0.233739
35252,0.295240
35253,0.216094
35254,0.441232
35255,0.098202
35256,0.791018
35257,0.906309
35258,0.060912
35259,0.844330
35260,0.252928
35261,0.205827
35262,0.323985
35263,0.351574
35264,0.903009
35265,0.293262
35266,0.656070
35267,0.206860
35269,0.163348
35270,0.300440
35271,0.805096
35272,0.493367
35273,0.826752
35274,0.656003
35275,0.267284
35276,0.462877
35277,0.828174
35278,0.250928
35279,0.264906
35282,0.091158
35283,0.056135
35284,0.515478
35285,0.961355
35286,0.696115
35287,0.570457
35288,0.852530
35290,0.272762
35291,0.308207
35292,0.897742
35293,0.103180
35295,0.263150
35296,0.926287
35297,0.284506
35298,0.228783
35299,0.629092
35300,0.255328
35301,0.404865
35302,0.279095
35303,0.348974
35304,0.823518
35305,0.408342
35306,0.128092
35307,0.154659
35308,0.364108
35309,0.604469
35310,0.905742
35311,0.963388
35312,0.365330
35314,0.341541
35315,0.239061
35316,0.778784
35317,0.075535
35318,0.557612
35319,0.444932
35320,0.544590
35321,0.901620
35322,0.356541
35323,0.778684
35324,0.735139
35325,0.107858
35326,0.436554
35327,0.385542
35328,0.386875
35329,0.635225
35330,0.266361
35331,0.197704
35332,0.444443
35333,0.147837
35334,0.339308
35335,0.685949
35336,0.226561
35337,0.806029
35338,0.182126
35339,0.298996
35340,0.690793
35341,0.467388
35342,0.448988
35343,0.278628
35344,0.282562
35345,0.173404
35347,0.203793
35348,0.396331
35349,0.776506
35350,0.886231
35351,0.167226
35352,0.461799
35353,0.744183
35354,0.303296
35356,0.186104
35357,0.893431
35358,0.309774
35359,0.874097
35360,0.106180
35361,0.301640
35362,0.321207
35364,0.484977
35365,0.726649
35366,0.261450
35367,0.772873
35368,0.540756
35369,0.769884
35370,0.869164
35371,0.603402
35372,0.671870
35373,0.348230
35374,0.213194
35376,0.465721
35377,0.072824
35378,0.286017
35380,0.263128
35381,0.217805
35382,0.752850
35383,0.728527
35384,0.199627
35385,0.739328
35386,0.662759
35387,0.864653
35388,0.965055
35391,0.007022
35392,0.299184
35394,0.577035
35395,0.919220
35396,0.916043
35397,0.286962
35399,0.965821
35400,0.883131
35401,0.221438
35402,0.132892
35403,0.435032
35404,0.711371
35405,0.383609
35406,0.735639
35407,0.330052
35408,0.919476
35410,0.720283
35411,0.868908
35412,0.737694
35414,0.381920
35415,0.768650
35416,0.256328
35417,0.916343
35419,0.546279
35420,0.067057
35421,0.029678
35422,0.412276
35423,0.871697
35424,0.735994
35426,0.781351
35427,0.609625
35428,0.682382
35429,0.490966
35430,0.193793
35431,0.877664
35432,0.753239
35433,0.234361
35435,0.351852
35436,0.245017
35437,0.920298
35438,0.796451
35439,0.165615
35440,0.676971
35441,0.147037
35442,0.772239
35443,0.767184
35444,0.287673
35445,0.254261
35446,0.762906
35447,0.305007
35448,0.228816
35449,0.504133
35450,0.290495
35451,0.609947
35452,0.639470
35453,0.408998
35454,0.209905
35455,0.699204
35456,0.919987
35458,0.827285
35459,0.264217
35460,0.213449
35461,0.761661
35462,0.195493
35464,0.630347
35465,0.280184
35466,0.776317
35467,0.662604
35468,0.088680
35469,0.313396
35470,0.040712
35471,0.836841
35472,0.406787
35473,0.446388
35474,0.382175
35475,0.400342
35477,0.055512
35478,0.838685
35479,0.617892
35480,0.809618
35481,0.533856
35482,0.766961
35483,0.351519
35484,0.261328
35486,0.979544
35488,0.409920
35489,0.675004
35490,0.655192
35491,0.246750
35492,0.704849
35493,0.277039
35494,0.554512
35495,0.695604
35496,0.107069
35497,0.725372
35498,0.734750
35499,0.807851
35501,0.304496
35502,0.181593
35503,0.233172
35504,0.754917
35505,0.074313
35506,0.916154
35507,0.563401
35508,0.239772
35509,0.390753
35510,0.940910
35511,0.276162
35512,0.287006
35513,0.772284
35514,0.613525
35515,0.901487
35516,0.372986
35518,0.062613
35519,0.841141
35520,0.208427
35521,0.713483
35522,0.486089
35523,0.791118
35524,0.827996
35525,0.395142
35526,0.795162
35527,0.752695
35528,0.042356
35529,0.819452
35530,0.351374
35531,0.221338
35532,0.337508
35533,0.277006
35534,0.080713
35535,0.759050
35536,0.037234
35537,0.645703
35538,0.958444
35539,0.916809
35540,0.388398
35541,0.611847
35542,0.870886
35543,0.779473
35544,0.535934
35545,0.414820
35546,0.303318
35547,0.733027
35548,0.851374
35549,0.631114
35550,0.316763
35551,0.117469
35552,0.217883
35553,0.493255
35554,0.259117
35556,0.242294
35557,0.579657
35558,0.966144
35559,0.811607
35560,0.824829
35562,0.773539
35563,0.899598
35564,0.536590
35565,0.326963
35566,0.357197
35567,0.261228
35568,0.104269
35569,0.170659
35573,0.736527
35574,0.675537
35575,0.914843
35577,0.292995
35578,0.197149
35579,0.180926
35580,0.665248
35582,0.487644
35583,0.746150
35584,0.191893
35585,0.708094
35586,0.344897
35587,0.703382
35588,0.506556
35589,0.731938
35590,0.414198
35591,0.167381
35592,0.583769
35593,0.851008
35594,0.085235
35596,0.368886
35597,0.499933
35598,0.507356
35599,0.990400
35600,0.260128
35601,0.504089
35602,0.955810
35603,0.036601
35604,0.679982
35605,0.184715
35606,0.730427
35607,0.517400
35608,0.049857
35609,0.303729
35610,0.383353
35611,0.947077
35612,0.744805
35613,0.150492
35614,0.206749
35615,0.313174
35616,0.127081
35617,0.626381
35618,0.212694
35620,0.224916
35621,0.860830
35623,0.413009
35624,0.692638
35625,0.472699
35627,0.436765
35628,0.799896
35629,0.778784
35630,0.660615
35631,0.398253
35632,0.573279
35633,0.425776
35634,0.761672
35635,0.492478
35637,0.704782
35638,0.359841
35639,0.631358
35640,0.471066
35641,0.452299
35642,0.490200
35643,0.098736
35645,0.435276
35646,0.915520
35647,0.914098
35648,0.360964
35649,0.611402
35650,0.298162
35651,0.657003
35652,0.263284
35653,0.954621
35654,0.679548
35655,0.738016
35656,0.649837
35657,0.401098
35658,0.274128
35659,0.286751
35660,0.601180
35661,0.114980
35662,0.228361
35663,0.185682
35664,0.291284
35665,0.566701
35666,0.718760
35667,0.443977
35669,0.512589
35670,0.241716
35671,0.219805
35672,0.262517
35673,0.110336
35674,0.667715
35675,0.876919
35677,0.821963
35678,0.492200
35679,0.156726
35680,0.179582
35682,0.226227
35684,0.871097
35685,0.307418
35686,0.399453
35687,0.052212
35688,0.770584
35690,0.522434
35692,0.288006
35693,0.048557
35695,0.657592
35696,0.315440
35698,0.179826
35699,0.386353
35700,0.543734
35702,0.366786
35703,0.256995
35704,0.562657
35705,0.840074
35706,0.828752
35707,0.224483
35708,0.666259
35709,0.291851
35710,0.259828
35711,0.039979
35712,0.867053
35713,0.117525
35714,0.547434
35715,0.660137
35716,0.594613
35717,0.474511
35718,0.197793
35720,0.425432
35721,0.530701
35722,0.654637
35723,0.883942
35724,0.178226
35726,0.210949
35727,0.139536
35728,0.280473
35730,0.398076
35731,0.102347
35732,0.832707
35734,0.047957
35735,0.639036
35736,0.233061
35737,0.361075
35739,0.918609
35740,0.621736
35741,0.612014
35742,0.463488
35743,0.276028
35744,0.055179
35745,0.772184
35746,0.166459
35747,0.325874
35749,0.654937
35750,0.299373
35751,0.267873
35752,0.213794
35753,0.552046
35754,0.577346
35755,0.874619
35756,0.684449
35758,0.696327
35759,0.499022
35760,0.598713
35761,0.905987
35762,0.517167
35763,0.783195
35764,0.194771
35765,0.932287
35766,0.290706
35767,0.163481
35768,0.308929
35769,0.486477
35770,0.109202
35771,0.249517
35772,0.602991
35773,0.744528
35774,0.567124
35775,0.581035
35776,0.909498
35777,0.698193
35778,0.119147
35781,0.633547
35782,0.516189
35783,0.196438
35784,0.292762
35785,0.808240
35786,0.432376
35787,0.417087
35788,0.851608
35789,0.787262
35791,0.738794
35792,0.496411
35793,0.196204
35794,0.165648
35795,0.231205
35796,0.766895
35797,0.777117
35798,0.197693
35799,0.451066
35800,0.617636
35801,0.780540
35802,0.163515
35803,0.397153
35804,0.343708
35805,0.199516
35806,0.706860
35807,0.908320
35808,0.148826
35809,0.613825
35811,0.112091
35812,0.195127
35813,0.892742
35814,0.502645
35815,0.931354
35816,0.175382
35818,0.843252
35819,0.351752
35820,0.191671
35821,0.610236
35822,0.250239
35823,0.439899
35824,0.371853
35825,0.040123
35826,0.701727
35827,0.320496
35828,0.843097
35829,0.553868
35830,0.022623
35831,0.546868
35832,0.821407
35834,0.529734
35835,0.132992
35836,0.434943
35837,0.871997
35838,0.844452
35839,0.819852
35840,0.874075
35841,0.865986
35842,0.212738
35843,0.215016
35845,0.266984
35846,0.246717
35847,0.593458
35848,0.367430
35849,0.099691
35850,0.217138
35851,0.410542
35852,0.301351
35853,0.164048
35854,0.831207
35855,0.930165
35856,0.232450
35857,0.259361
35858,0.165659
35859,0.052046
35860,0.212794
35861,0.511956
35862,0.287329
35863,0.302562
35866,0.339919
35867,0.917654
35868,0.835785
35870,0.942654
35871,0.265750
35872,0.496555
35873,0.240683
35874,0.550390
35875,0.603880
35876,0.184771
35877,0.866619
35878,0.157915
35879,0.886831
35880,0.151637
35881,0.152326
35882,0.671482
35883,0.905765
35884,0.777606
35887,0.838019
35888,0.819740
35889,0.804262
35891,0.336874
35892,0.557935
35893,0.209116
35894,0.236661
35895,0.703827
35897,0.925509
35898,0.705571
35899,0.794251
35900,0.739339
35901,0.838708
35903,0.569957
35905,0.283117
35906,0.278240
35907,0.267973
35908,0.602347
35909,0.501267
35911,0.708282
35912,0.446043
35913,0.651559
35914,0.218938
35915,0.853630
35916,0.741072
35917,0.253683
35918,0.488766
35919,0.312663
35920,0.816196
35921,0.764306
35923,0.219572
35924,0.625792
35925,0.373375
35926,0.252450
35927,0.270095
35929,0.834307
35930,0.848397
35931,0.509256
35932,0.267239
35933,0.194615
35934,0.125603
35935,0.297751
35936,0.122803
35937,0.852486
35938,0.086513
35939,0.795418
35940,0.290484
35941,0.410898
35942,0.416965
35944,0.543701
35945,0.223983
35946,0.928198
35947,0.324996
35948,0.245305
35949,0.790295
35950,0.811207
35951,0.649192
35952,0.190004
35954,0.948966
35955,0.223094
35956,0.568724
35957,0.813685
35958,0.854152
35959,0.253772
35960,0.879408
35961,0.404709
35963,0.528112
35964,0.594102
35965,0.401931
35966,0.643170
35967,0.062412
35969,0.151481
35970,0.725694
35971,0.579768
35972,0.852619
35973,0.944454
35975,0.238650
35976,0.663604
35977,0.847330
35978,0.328796
35979,0.492600
35980,0.833374
35981,0.961732
35982,0.457655
35983,0.227005
35984,0.853941
35985,0.494300
35988,0.336352
35989,0.841141
35990,0.708649
35991,0.853219
35992,0.779328
35993,0.769973
35994,0.293162
35995,0.211649
35996,0.541523
35998,0.975266
35999,0.290062
36000,0.661226
36001,0.958366
36003,0.820996
36004,0.185404
36005,0.691093
36006,0.966533
36007,0.846341
36008,0.613391
36009,0.609425
36010,0.760717
36011,0.133425
36012,0.293407
36013,0.194093
36014,0.608258
36015,0.833819
36018,0.554846
36019,0.328063
36020,0.886609
36021,0.483711
36022,0.324007
36023,0.349341
36024,0.856230
36025,0.436721
36027,0.752872
36028,0.269362
36029,0.496400
36030,0.257772
36031,0.740816
36032,0.692260
36033,0.801873
36035,0.172748
36036,0.959321
36037,0.217460
36038,0.263473
36039,0.752528
36042,0.173093
36043,0.753072
36044,0.186571
36046,0.189660
36047,0.596769
36048,0.327941
36049,0.411420
36050,0.916631
36051,0.765861
36052,0.834463
36053,0.219405
36054,0.767562
36055,0.777662
36056,0.236439
36057,0.718083
36058,0.242561
36059,0.565701
36060,0.839263
36061,0.869242
36062,0.930310
36063,0.347152
36064,0.599991
36065,0.309951
36066,0.073346
36067,0.241128
36068,0.287162
36069,0.903887
36070,0.386531
36071,0.836807
36072,0.830374
36074,0.621369
36076,0.228594
36077,0.560368
36078,0.452166
36079,0.924287
36080,0.256639
36081,0.157881
36082,0.729516
36083,0.584546
36084,0.680115
36085,0.401220
36086,0.256661
36087,0.732761
36088,0.223805
36089,0.330152
36090,0.727494
36091,0.312674
36092,0.912287
36093,0.372119
36094,0.328107
36095,0.225694
36096,0.325807
36097,0.347908
36098,0.183137
36099,0.302962
36100,0.264384
36101,0.261939
36102,0.791251
36103,0.774006
36104,0.786962
36105,0.755950
36106,0.362853
36107,0.918476
36108,0.154815
36109,0.220749
36110,0.782717
36111,0.367786
36112,0.362508
36113,0.496822
36114,0.863453
36116,0.919354
36118,0.699660
36119,0.811462
36120,0.358952
36121,0.611169
36122,0.712127
36123,0.511567
36124,0.457699
36125,0.791418
36126,0.365953
36127,0.408320
36128,0.321540
36129,0.403931
36130,0.258961
36131,0.101358
36132,0.285984
36133,0.475288
36134,0.486322
36135,0.290606
36137,0.077335
36138,0.600713
36139,0.740583
36140,0.376553
36141,0.181715
36142,0.403198
36143,0.197604
36144,0.283651
36145,0.390898
36147,0.805718
36148,0.842741
36149,0.538434
36150,0.387475
36151,0.146059
36152,0.310429
36153,0.891542
36154,0.233950
36155,0.670748
36156,0.826274
36157,0.326229
36158,0.246528
36159,0.415720
36160,0.638759
36161,0.908342
36162,0.544534
36163,0.492800
36164,0.853941
36165,0.854108
36166,0.372297
36167,0.784651
36169,0.480488
36170,0.167904
36171,0.195715
36172,0.702193
36173,0.924854
36174,0.624981
36175,0.030045
36176,0.297295
36177,0.713905
36178,0.333263
36179,0.722172
36180,0.361875
36181,0.324407
36182,0.794762
36183,0.365641
36184,0.597313
36185,0.381975
36186,0.171093
36187,0.327218
36188,0.723572
36190,0.237394
36191,0.356775
36192,0.750028
36193,0.023512
36195,0.798107
36196,0.685149
36197,0.103625
36198,0.780940
36199,0.682493
36200,0.670259
36201,0.229305
36202,0.191526
36203,0.220983
36204,0.480744
36205,0.168104
36206,0.235272
36207,0.060179
36208,0.802429
36209,0.045334
36210,0.948988
36211,0.510722
36213,0.925543
36214,0.727127
36215,0.263384
36216,0.404165
36217,0.390153
36218,0.797951
36219,0.187960
36221,0.796918
36222,0.384175
36223,0.931654
36224,0.417876
36225,0.253350
36226,0.652159
36227,0.334330
36229,0.197193
36230,0.157315
36231,0.184126
36232,0.851719
36233,0.252761
36234,0.956310
36235,0.119392
36236,0.369253
36237,0.175637
36238,0.318285
36239,0.893142
36240,0.589080
36241,0.379464
36242,0.509934
36243,0.816418
36244,0.293718
36246,0.117225
36247,0.590313
36248,0.889320
36249,0.700404
36250,0.796951
36251,0.690771
36252,0.986333
36253,0.305762
36254,0.921176
36255,0.092713
36256,0.428632
36257,0.401487
36258,0.188815
36259,0.307407
36260,0.264373
36261,0.830074
36262,0.161148
36263,0.728883
36264,0.796362
36265,0.796695
36266,0.239250
36267,0.042534
36268,0.419043
36269,0.800751
36270,0.101358
36271,0.412320
36272,0.709360
36273,0.349608
36274,0.896087
36275,0.702982
36276,0.545423
36277,0.918043
36279,0.338174
36280,0.894864
36281,0.226538
36282,0.277773
36283,0.199982
36284,0.367375
36285,0.339774
36286,0.327429
36287,0.644614
36288,0.804718
36289,0.255528
36290,0.846085
36291,0.275917
36292,0.451821
36293,0.423787
36294,0.355708
36295,0.063013
36296,0.842719
36297,0.793740
36298,0.870042
36301,0.313874
36302,0.748761
36303,0.222305
36304,0.223938
36305,0.187738
36306,0.070857
36307,0.902476
36308,0.235194
36309,0.749317
36310,0.728894
36311,0.792951
36313,0.297284
36314,0.107880
36315,0.861052
36316,0.392698
36317,0.204716
36318,0.324752
36319,0.696549
36320,0.796940
36321,0.446665
36322,0.838485
36323,0.006033
36324,0.144981
36325,0.417754
36326,0.608669
36327,0.824818
36328,0.779673
36329,0.770228
36330,0.216927
36331,0.678971
36332,0.812663
36333,0.283173
36334,0.409198
36335,0.305651
36336,0.299062
36337,0.170326
36338,0.516800
36339,0.791062
36340,0.422220
36341,0.695638
36342,0.522278
36343,0.177315
36344,0.834552
36345,0.505356
36346,0.224016
36347,0.511145
36348,0.388198
36349,0.120636
36350,0.881708
36351,0.455743
36352,0.245539
36353,0.078880
36354,0.717349
36355,0.269973
36356,0.186349
36357,0.179526
36359,0.849730
36360,0.349541
36361,0.558235
36362,0.598969
36364,0.766328
36366,0.160748
36367,0.542990
36368,0.324107
36370,0.943943
36371,0.668982
36372,0.609036
36373,0.287962
36374,0.151059
36375,0.777951
36376,0.585780
36377,0.153037
36378,0.219627
36379,0.845719
36380,0.752472
36381,0.331385
36382,0.210216
36383,0.490355
36384,0.298218
36385,0.897475
36386,0.029001
36387,0.208916
36389,0.021912
36390,0.368175
36391,0.863408
36392,0.708316
36393,0.507945
36394,0.384509
36395,0.069035
36397,0.796007
36398,0.832418
36399,0.288506
36400,0.356652
36401,0.775706
36402,0.846774
36403,0.502189
36404,0.177437
36405,0.483311
36406,0.442254
36407,0.164626
36408,0.548912
36409,0.774428
36410,0.562157
36411,0.375608
36412,0.529623
36413,0.715160
36414,0.585091
36415,0.653526
36416,0.706993
36417,0.312774
36418,0.202038
36419,0.846374
36420,0.267928
36421,0.806518
36422,0.320652
36423,0.556990
36424,0.150337
36426,0.116236
36427,0.025045
36428,0.396909
36430,0.822574
36431,0.669893
36433,0.244950
36434,0.676871
36435,0.153692
36436,0.107191
36437,0.239394
36438,0.111102
36440,0.258306
36441,0.255883
36442,0.119525
36443,0.770673
36444,0.283195
36445,0.173782
36446,0.465988
36447,0.134425
36449,0.606825
36450,0.100069
36451,0.213194
36452,0.462721
36453,0.122669
36455,0.269095
36456,0.484744
36457,0.871919
36458,0.885131
36459,0.642036
36460,0.773862
36461,0.384286
36462,0.301184
36463,0.888153
36464,0.400064
36465,0.107269
36466,0.664559
36467,0.805018
36468,0.750228
36470,0.767839
36471,0.792129
36472,0.241072
36473,0.223872
36474,0.729783
36475,0.874586
36476,0.564324
36478,0.461755
36479,0.712994
36481,0.072813
36482,0.212871
36484,0.043423
36485,0.966166
36486,0.447321
36487,0.510678
36488,0.921632
36489,0.843197
36490,0.186571
36491,0.805051
36492,0.932765
36493,0.920365
36494,0.149681
36495,0.087802
36496,0.403509
36497,0.875542
36498,0.196915
36499,0.505945
36500,0.295295
36501,0.970322
36502,0.774206
36504,0.380975
36505,0.205916
36506,0.909731
36507,0.716905
36509,0.671004
36510,0.204727
36511,0.601480
36512,0.767673
36513,0.191138
36515,0.373886
36516,0.441476
36517,0.589858
36518,0.888120
36519,0.787451
36520,0.318652
36521,0.465988
36522,0.751428
36523,0.200749
36524,0.892687
36525,0.176415
36526,0.213505
36527,0.897920
36528,0.345497
36529,0.854252
36530,0.154426
36531,0.053901
36532,0.391686
36534,0.143125
36536,0.843019
36537,0.438732
36538,0.295740
36539,0.534201
36540,0.101969
36541,0.154226
36542,0.696160
36543,0.776139
36545,0.642892
36546,0.295429
36547,0.728094
36548,0.383197
36549,0.585469
36550,0.901676
36551,0.100536
36552,0.477022
36553,0.283117
36555,0.837752
36556,0.543679
36557,0.294484
36558,0.205260
36559,0.884431
36560,0.704071
36561,0.853830
36562,0.224049
36563,0.806085
36564,0.918532
36565,0.402231
36566,0.297073
36567,0.240883
36568,0.414554
36569,0.464610
36571,0.143714
36572,0.344097
36573,0.252861
36574,0.297284
36575,0.665704
36576,0.879631
36577,0.930332
36578,0.230872
36579,0.133392
36580,0.751606
36581,0.271762
36582,0.827563
36585,0.186693
36586,0.682148
36587,0.175193
36588,0.843463
36589,0.148270
36590,0.235616
36592,0.139481
36593,0.776317
36595,0.319652
36596,0.500811
36597,0.271117
36598,0.942632
36599,0.287618
36600,0.570713
36603,0.602747
36604,0.765573
36605,0.551734
36606,0.405998
36607,0.085291
36608,0.399042
36609,0.233816
36610,0.816196
36611,0.086424
36612,0.406620
36613,0.399020
36614,0.660026
36616,0.970399
36617,0.352286
36619,0.886309
36620,0.177104
36621,0.825207
36622,0.756339
36623,0.162593
36624,0.706571
36625,0.832930
36627,0.237127
36628,0.579313
36629,0.381942
36630,0.950954
36631,0.528812
36632,0.230583
36633,0.133525
36634,0.762239
36635,0.340563
36636,0.403887
36637,0.386275
36638,0.927632
36639,0.276095
36640,0.162448
36641,0.292229
36642,0.407198
36643,0.430854
36644,0.712983
36645,0.507156
36646,0.692838
36647,0.491778
36648,0.716771
36649,0.844352
36650,0.142470
36651,0.719549
36652,0.064024
36653,0.668482
36654,0.159526
36655,0.458088
36656,0.809240
36657,0.957455
36658,0.333719
36659,0.111002
36660,0.367830
36661,0.722694
36662,0.822729
36663,0.252695
36664,0.924821
36665,0.737272
36666,0.418565
36667,0.797451
36669,0.730038
36670,0.186326
36671,0.457121
36672,0.699438
36673,0.631370
36674,0.630625
36675,0.748583
36676,0.366219
36677,0.420076
36678,0.139814
36679,0.840174
36680,0.756195
36681,0.478633
36682,0.679304
36683,0.469999
36684,0.647937
36685,0.312296
36686,0.846230
36687,0.792395
36689,0.822541
36690,0.680582
36691,0.829674
36692,0.750950
36693,0.707560
36694,0.870653
36695,0.794184
36696,0.747906
36698,0.097491
36699,0.556868
36700,0.375197
36701,0.945032
36702,0.845119
36703,0.286162
36704,0.442243
36705,0.332274
36706,0.548612
36708,0.250517
36709,0.510411
36710,0.698849
36711,0.711371
36712,0.668304
36714,0.561101
36715,0.199193
36716,0.421443
36718,0.345630
36719,0.700916
36720,0.835874
36721,0.419776
36722,0.432132
36723,0.066590
36725,0.563479
36726,0.363775
36727,0.828696
36728,0.772839
36729,0.171270
36730,0.376642
36731,0.753417
36732,0.182326
36733,0.197204
36734,0.253950
36735,0.963366
36736,0.766395
36738,0.638225
36739,0.051601
36740,0.213838
36741,0.649837
36742,0.467121
36743,0.873364
36744,0.334319
36745,0.262406
36746,0.056957
36747,0.174426
36748,0.290873
36749,0.518012
36750,0.175971
36752,0.949121
36753,0.657359
36754,0.636970
36755,0.426543
36756,0.153103
36759,0.608058
36760,0.111636
36761,0.673482
36762,0.270817
36763,0.777317
36764,0.104002
36765,0.100747
36766,0.149059
36767,0.687049
36768,0.875997
36769,0.245439
36770,0.927109
36772,0.629992
36773,0.856852
36774,0.876675
36776,0.317207
36777,0.199316
36778,0.973333
36779,0.308574
36780,0.447377
36781,0.256328
36782,0.793329
36783,0.266895
36784,0.203805
36785,0.312140
36786,0.800273
36787,0.935543
36788,0.524067
36789,0.764517
36790,0.731605
36792,0.481744
36793,0.726405
36794,0.827441
36795,0.839774
36796,0.287206
36798,0.202916
36801,0.454699
36802,0.218383
36803,0.233594
36804,0.965810
36805,0.743683
36807,0.966544
36808,0.462955
36809,0.575146
36810,0.421709
36811,0.209960
36812,0.792262
36813,0.362597
36814,0.928032
36815,0.771817
36816,0.281773
36817,0.226794
36819,0.191204
36820,0.360819
36821,0.150059
36822,0.283795
36823,0.263128
36824,0.273151
36825,0.429965
36826,0.501444
36827,0.328252
36828,0.467966
36829,0.264417
36830,0.654359
36831,0.139236
36832,0.793940
36833,0.471366
36834,0.269128
36835,0.982088
36837,0.806707
36838,0.666859
36839,0.232694
36841,0.765361
36842,0.793940
36843,0.712883
36844,0.307896
36845,0.571468
36846,0.883653
36847,0.830852
36848,0.558290
36849,0.570279
36850,0.826274
36851,0.257528
36852,0.492989
36853,0.831163
36854,0.326674
36855,0.173593
36856,0.360508
36857,0.689960
36858,0.218694
36859,0.242361
36860,0.111014
36861,0.341063
36862,0.265484
36863,0.931565
36864,0.142848
36865,0.688693
36866,0.392942
36867,0.932554
36869,0.916209
36870,0.788518
36871,0.604213
36872,0.296651
36873,0.822185
36874,0.869964
36875,0.577502
36878,0.273328
36879,0.724216
36880,0.770417
36881,0.826507
36882,0.107891
36883,0.426476
36884,0.675471
36885,0.862219
36887,0.868364
36888,0.270273
36889,0.393164
36890,0.910042
36891,0.225538
36892,0.091980
36893,0.943288
36894,0.655592
36895,0.576724
36896,0.139703
36897,0.182448
36898,0.624281
36899,0.895020
36900,0.609202
36901,0.738450
36902,0.113914
36903,0.458166
36904,0.165148
36905,0.357186
36906,0.322818
36907,0.683649
36908,0.737472
36909,0.845019
36910,0.544145
36911,0.676604
36912,0.551546
36914,0.380220
36916,0.706238
36917,0.075868
36918,0.330085
36919,0.300851
36920,0.138314
36921,0.788729
36922,0.340241
36923,0.648714
36924,0.894009
36925,0.890331
36926,0.811396
36927,0.054335
36928,0.869386
36929,0.745761
36930,0.862475
36933,0.457855
36934,0.785406
36935,0.390009
36936,0.234061
36937,0.274462
36938,0.289640
36939,0.123825
36940,0.416443
36941,0.300384
36942,0.283395
36944,0.365919
36945,0.327863
36946,0.762873
36947,0.855575
36948,0.796040
36949,0.783429
36950,0.383275
36951,0.149548
36952,0.793340
36953,0.890542
36954,0.135925
36955,0.931421
36956,0.391686
36957,0.211805
36958,0.651859
36959,0.197960
36960,0.639581
36961,0.909165
36962,0.262939
36963,0.372897
36964,0.981977
36965,0.460421
36966,0.218094
36967,0.555479
36970,0.609658
36972,0.758561
36973,0.558635
36974,0.812774
36975,0.231294
36976,0.587735
36977,0.839374
36978,0.465055
36979,0.864730
36980,0.062657
36981,0.113880
36982,0.348652
36983,0.970433
36984,0.209327
36985,0.076079
36986,0.653426
36988,0.356641
36989,0.843119
36990,0.532078
36991,0.948010
36992,0.030034
36994,0.832930
36996,0.706493
36997,0.742394
36998,0.842219
37000,0.602991
37001,0.720605
37002,0.810351
37003,0.381508
37004,0.702060
37005,0.901087
37006,0.558490
37007,0.126225
37008,0.224616
37009,0.689115
37011,0.356719
37012,0.452243
37013,0.290095
37015,0.774462
37016,0.256228
37017,0.853341
37018,0.572513
37019,0.300429
37020,0.694227
37021,0.648737
37022,0.687726
37023,0.173048
37024,0.958177
37025,0.254350
37026,0.288718
37027,0.400787
37028,0.898309
37029,0.146737
37030,0.862675
37031,0.466621
37032,0.230494
37033,0.606680
37034,0.014534
37035,0.654859
37036,0.300662
37037,0.317007
37038,0.347830
37039,0.201571
37041,0.233639
37042,0.245317
37043,0.616347
37044,0.327185
37045,0.142625
37046,0.458021
37047,0.150526
37048,0.324841
37049,0.377331
37051,0.226827
37052,0.851074
37053,0.597124
37054,0.422543
37056,0.184160
37057,0.459921
37058,0.588702
37059,0.416043
37061,0.738883
37062,0.790562
37063,0.129814
37065,0.141114
37066,0.648770
37067,0.882120
37068,0.138459
37070,0.977588
37071,0.616658
37072,0.170204
37073,0.814396
37074,0.793807
37076,0.118447
37078,0.092246
37079,0.450766
37080,0.676893
37081,0.169759
37082,0.454099
37083,0.858164
37084,0.257950
37085,0.314129
37086,0.175971
37088,0.389186
37089,0.747894
37090,0.166893
37091,0.711249
37093,0.882931
37094,0.450921
37095,0.849352
37096,0.632147
37097,0.460988
37098,0.280828
37099,0.167515
37100,0.866397
37102,0.521823
37103,0.044357
37104,0.065046
37105,0.466733
37106,0.286451
37108,0.394964
37109,0.662915
37110,0.893320
37111,0.119303
37112,0.536656
37113,0.648414
37114,0.651726
37115,0.294607
37116,0.938343
37117,0.679804
37118,0.263217
37119,0.290406
37121,0.105191
37122,0.314740
37123,0.917632
37124,0.211594
37125,0.531612
37126,0.925943
37127,0.744517
37128,0.624447
37130,0.487422
37131,0.369919
37132,0.364541
37133,0.547957
37134,0.505633
37135,0.793495
37137,0.778795
37138,0.756706
37139,0.702371
37140,0.670570
37141,0.471988
37142,0.787440
37143,0.123603
37144,0.894464
37145,0.367408
37146,0.137136
37147,0.190149
37148,0.158048
37149,0.673382
37150,0.659437
37151,0.667459
37152,0.665348
37153,0.354408
37154,0.458366
37155,0.906420
37156,0.152937
37157,0.380320
37158,0.239050
37159,0.504300
37160,0.711882
37161,0.559179
37162,0.326118
37163,0.966255
37164,0.229794
37165,0.299218
37167,0.392209
37168,0.565590
37169,0.422721
37170,0.136292
37171,0.636992
37172,0.315018
37173,0.887453
37174,0.856841
37175,0.414420
37176,0.458266
37177,0.863230
37178,0.388886
37179,0.855908
37180,0.669470
37181,0.848474
37182,0.891531
37183,0.899020
37184,0.858775
37185,0.825963
37186,0.128936
37187,0.648814
37189,0.538279
37190,0.720660
37191,0.073602
37192,0.757772
37193,0.605625
37194,0.760417
37195,0.332330
37196,0.396409
37197,0.665315
37198,0.162904
37200,0.894398
37201,0.290118
37202,0.230261
37203,0.312607
37204,0.789184
37205,0.230716
37206,0.902865
37207,0.374164
37208,0.405709
37209,0.670604
37210,0.710038
37211,0.104969
37212,0.405687
37214,0.278828
37215,0.792229
37216,0.303373
37217,0.420809
37218,0.579557
37219,0.821907
37220,0.771506
37222,0.732427
37223,0.560635
37224,0.596991
37225,0.664670
37226,0.357452
37227,0.424865
37228,0.518189
37229,0.923909
37230,0.888575
37231,0.488178
37232,0.905909
37233,0.200271
37234,0.708449
37235,0.251639
37236,0.336185
37237,0.374953
37238,0.322296
37239,0.284806
37240,0.120436
37241,0.569313
37243,0.368519
37244,0.320018
37245,0.406953
37246,0.301040
37247,0.749628
37248,0.153470
37250,0.579157
37251,0.483400
37252,0.483344
37253,0.231094
37254,0.987578
37256,0.959110
37257,0.165281
37258,0.505945
37259,0.176226
37260,0.256961
37262,0.640203
37263,0.633770
37264,0.268373
37265,0.640314
37266,0.459966
37267,0.950477
37268,0.127892
37269,0.255606
37270,0.805629
37271,0.299829
37272,0.864097
37273,0.209738
37275,0.269962
37276,0.030023
37277,0.143314
37278,0.693793
37279,0.506400
37281,0.196927
37283,0.726005
37284,0.324285
37285,0.841230
37286,0.365530
37287,0.693160
37288,0.213838
37289,0.804929
37290,0.677348
37291,0.285195
37292,0.412931
37293,0.292984
37294,0.688160
37295,0.657515
37296,0.248172
37297,0.715027
37298,0.717083
37299,0.158115
37300,0.831174
37301,0.797318
37302,0.310218
37303,0.349086
37304,0.789862
37305,0.532934
37306,0.335530
37307,0.697649
37308,0.249506
37309,0.772962
37310,0.527878
37311,0.778751
37312,0.567668
37313,0.817296
37314,0.133259
37315,0.675515
37316,0.387375
37317,0.319307
37320,0.794918
37323,0.168748
37325,0.159370
37326,0.357908
37327,0.243928
37328,0.099513
37330,0.086780
37331,0.220805
37332,0.060790
37334,0.298562
37335,0.199416
37336,0.357486
37337,0.248761
37339,0.596313
37340,0.354252
37341,0.742661
37342,0.620747
37343,0.885131
37344,0.219172
37346,0.218694
37348,0.532390
37349,0.406753
37350,0.413720
37351,0.905776
37352,0.278673
37353,0.887953
37354,0.275351
37355,0.365308
37356,0.734005
37357,0.360252
37358,0.111847
37359,0.204816
37360,0.479022
37361,0.041834
37362,0.408609
37363,0.705905
37365,0.454966
37366,0.617914
37367,0.767539
37368,0.500600
37369,0.706538
37370,0.660737
37371,0.392398
37372,0.323996
37373,0.114425
37374,0.893353
37375,0.511789
37376,0.177848
37377,0.096747
37378,0.524801
37379,0.131714
37380,0.503245
37381,0.535101
37382,0.829207
37383,0.787629
37384,0.808596
37385,0.769084
37386,0.144748
37387,0.298107
37388,0.887898
37389,0.498678
37390,0.380642
37391,0.418420
37392,0.242028
37393,0.248650
37394,0.328230
37395,0.212238
37396,0.853619
37397,0.860897
37398,0.830663
37399,0.194638
37400,0.161504
37401,0.860375
37402,0.360241
37403,0.896387
37404,0.849174
37405,0.290584
37406,0.143648
37407,0.672315
37408,0.671526
37409,0.273562
37410,0.925176
37412,0.337941
37413,0.362086
37414,0.200116
37415,0.640470
37416,0.126236
37417,0.283540
37418,0.509922
37420,0.135014
37421,0.571979
37423,0.779028
37424,0.429254
37425,0.614280
37426,0.160370
37427,0.320463
37428,0.915809
37429,0.370564
37430,0.400431
37431,0.746305
37432,0.089558
37433,0.295307
37434,0.761639
37435,0.483866
37436,0.132158
37438,0.370797
37439,0.263139
37440,0.364286
37441,0.473666
37442,0.543945
37443,0.208138
37444,0.815107
37445,0.852652
37446,0.821218
37447,0.898009
37448,0.238328
37450,0.488266
37451,0.308518
37452,0.878242
37453,0.587469
37454,0.266506
37455,0.842252
37456,0.858897
37457,0.308307
37458,0.751294
37459,0.113791
37460,0.768639
37461,0.638814
37462,0.917298
37463,0.169715
37464,0.572090
37465,0.757306
37466,0.679348
37467,0.683171
37468,0.855097
37469,0.522867
37470,0.886742
37471,0.480244
37472,0.168815
37474,0.285029
37475,0.279217
37476,0.246250
37477,0.721605
37478,0.409276
37479,0.633903
37481,0.719294
37482,0.396220
37483,0.854097
37484,0.918065
37485,0.531367
37486,0.135947
37487,0.104236
37488,0.954855
37489,0.920565
37490,0.256206
37491,0.356863
37492,0.078457
37493,0.262761
37494,0.292729
37495,0.308340
37496,0.642125
37497,0.118325
37498,0.340552
37499,0.932398
37500,0.851686
37501,0.688382
37502,0.997300
37503,0.516145
37504,0.169426
37505,0.171737
37506,0.455488
37507,0.815407
37508,0.620892
37509,0.261072
37510,0.737327
37511,0.724105
37512,0.835119
37513,0.618780
37514,0.620569
37515,0.655603
37516,0.161448
37517,0.935376
37518,0.278028
37520,0.301262
37521,0.892353
37522,0.147070
37523,0.673559
37524,0.223561
37525,0.344908
37526,0.139748
37527,0.274373
37528,0.577780
37529,0.761561
37530,0.819596
37531,0.243272
37532,0.345274
37533,0.484622
37534,0.244750
37535,0.098513
37536,0.409354
37537,0.225183
37538,0.609036
37539,0.125369
37540,0.653281
37541,0.649948
37542,0.563246
37543,0.510734
37544,0.383120
37545,0.175537
37546,0.848286
37547,0.669348
37549,0.556623
37552,0.791373
37553,0.468099
37554,0.560779
37555,0.435510
37556,0.171015
37557,0.031145
37558,0.449132
37559,0.485589
37560,0.887775
37561,0.118103
37562,0.587480
37563,0.549957
37564,0.360275
37565,0.371053
37566,0.057390
37567,0.255461
37568,0.160704
37570,0.501656
37574,0.381431
37575,0.572279
37576,0.317018
37577,0.054135
37578,0.261328
37579,0.390198
37580,0.119525
37581,0.791240
37582,0.180148
37583,0.046090
37584,0.923532
37585,0.082402
37586,0.090769
37588,0.141403
37589,0.396409
37590,0.671815
37591,0.612247
37592,0.378997
37593,0.176304
37594,0.263973
37595,0.791240
37597,0.245050
37598,0.432587
37599,0.900353
37600,0.317852
37601,0.651092
37602,0.956510
37603,0.261650
37604,0.754461
37605,0.212527
37606,0.245617
37607,0.557779
37608,0.109480
37610,0.064779
37611,0.813451
37612,0.497889
37613,0.798051
37614,0.417909
37615,0.593869
37616,0.400353
37617,0.274395
37618,0.217960
37620,0.242372
37622,0.669515
37624,0.804362
37625,0.441854
37626,0.587135
37627,0.523556
37628,0.584435
37629,0.775684
37630,0.925598
37631,0.238305
37632,0.334374
37633,0.727827
37634,0.932965
37635,0.454310
37636,0.295462
37637,0.701738
37638,0.311840
37639,0.771662
37640,0.634536
37641,0.665248
37642,0.770762
37643,0.852963
37644,0.269662
37645,0.806962
37646,0.171670
37647,0.584857
37648,0.200582
37649,0.413031
37650,0.818696
37651,0.731483
37652,0.227661
37654,0.760417
37655,0.076257
37656,0.652892
37657,0.624936
37659,0.305785
37660,0.181426
37661,0.924943
37662,0.325552
37663,0.172137
37664,0.026534
37665,0.665915
37666,0.737994
37668,0.642692
37669,0.571690
37670,0.209949
37671,0.303718
37672,0.350263
37673,0.901587
37674,0.516145
37675,0.420354
37676,0.504233
37677,0.287073
37678,0.924065
37679,0.424121
37680,0.251906
37682,0.435987
37683,0.989578
37684,0.653759
37685,0.694171
37686,0.126181
37687,0.190271
37688,0.708016
37689,0.822663
37690,0.251728
37691,0.162204
37692,0.720516
37693,0.832919
37694,0.897809
37695,0.235950
37696,0.475355
37697,0.443865
37698,0.131347
37699,0.871319
37700,0.891253
37702,0.148114
37703,0.748161
37704,0.497800
37705,0.740416
37706,0.719838
37708,0.519456
37709,0.822063
37710,0.551434
37711,0.219372
37712,0.379031
37713,0.756417
37714,0.768284
37715,0.362975
37716,0.217538
37717,0.834230
37718,0.909676
37719,0.860164
37720,0.792395
37721,0.877920
37722,0.373153
37723,0.839941
37725,0.391942
37726,0.273828
37727,0.397064
37728,0.465577
37729,0.008878
37731,0.405509
37732,0.919198
37733,0.111391
37734,0.497100
37736,0.484577
37738,0.490500
37739,0.655092
37740,0.587813
37741,0.537790
37742,0.769550
37743,0.314307
37744,0.225605
37747,0.782617
37748,0.592391
37749,0.830152
37751,0.743250
37752,0.111847
37753,0.290306
37754,0.340819
37755,0.855841
37756,0.669259
37757,0.124803
37759,0.833452
37760,0.507634
37763,0.642970
37764,0.175848
37765,0.627836
37766,0.661337
37767,0.729150
37768,0.231994
37769,0.259972
37770,0.229561
37771,0.840130
37772,0.211227
37773,0.373608
37774,0.267317
37775,0.860430
37776,0.910031
37777,0.586369
37779,0.205705
37780,0.632325
37781,0.900587
37782,0.296529
37783,0.602002
37784,0.319752
37785,0.565090
37786,0.775006
37787,0.153381
37788,0.159959
37789,0.829396
37790,0.781340
37792,0.903553
37793,0.586791
37794,0.168048
37795,0.640659
37796,0.343363
37797,0.148548
37798,0.891120
37802,0.298440
37803,0.098724
37804,0.614947
37805,0.827107
37806,0.338230
37807,0.366786
37808,0.081591
37810,0.257817
37811,0.648803
37812,0.930165
37813,0.847930
37814,0.440743
37815,0.615291
37816,0.337963
37817,0.481422
37818,0.455821
37819,0.552390
37820,0.054723
37821,0.339785
37822,0.401364
37823,0.146225
37824,0.772606
37825,0.103536
37826,0.311962
37827,0.348686
37828,0.807618
37829,0.567368
37830,0.356663
37831,0.650848
37832,0.069835
37833,0.494844
37834,0.336463
37835,0.698538
37836,0.294507
37837,0.458332
37838,0.149259
37839,0.902976
37840,0.476533
37841,0.974155
37842,0.324563
37843,0.342885
37844,0.204905
37845,0.240483
37847,0.119825
37848,0.293129
37849,0.185604
37850,0.689138
37851,0.705993
37852,0.308562
37853,0.861041
37854,0.394909
37855,0.467077
37856,0.307907
37857,0.740550
37859,0.829018
37861,0.703116
37862,0.359752
37863,0.560324
37864,0.866297
37865,0.846697
37866,0.251794
37867,0.747772
37868,0.859408
37869,0.058024
37870,0.242683
37871,0.823174
37872,0.962188
37873,0.733661
37874,0.776728
37875,0.197893
37876,0.913054
37877,0.033667
37878,0.348397
37879,0.288740
37880,0.704505
37881,0.863041
37882,0.123181
37883,0.267628
37884,0.324541
37885,0.177271
37886,0.688838
37888,0.258150
37889,0.474288
37890,0.158070
37891,0.585880
37892,0.863564
37893,0.767261
37894,0.909698
37895,0.225672
37896,0.467210
37897,0.913609
37898,0.426265
37899,0.574768
37900,0.670093
37901,0.857930
37902,0.673482
37903,0.881497
37904,0.507000
37905,0.203282
37906,0.701560
37907,0.345341
37908,0.116980
37910,0.423909
37911,0.861308
37912,0.890820
37913,0.284962
37914,0.770750
37915,0.459355
37916,0.378697
37917,0.807362
37918,0.250328
37919,0.423821
37920,0.137659
37921,0.781162
37922,0.157292
37923,0.609269
37924,0.761706
37925,0.540479
37926,0.410387
37928,0.829085
37930,0.146059
37931,0.389075
37932,0.811540
37933,0.236272
37934,0.818285
37935,0.244061
37936,0.599991
37937,0.272117
37938,0.318774
37940,0.298529
37941,0.362430
37942,0.605802
37943,0.493622
37944,0.051401
37945,0.854963
37946,0.946032
37947,0.811629
37949,0.611614
37950,0.814351
37951,0.297862
37952,0.627136
37953,0.949054
37954,0.837052
37955,0.196404
37956,0.387075
37957,0.208671
37958,0.424365
37959,0.857819
37960,0.324841
37961,0.727694
37962,0.634636
37963,0.795940
37964,0.090513
37965,0.180748
37966,0.401809
37967,0.551846
37968,0.357975
37969,0.899887
37970,0.831985
37971,0.317496
37972,0.312040
37973,0.867453
37974,0.310007
37975,0.451866
37976,0.019212
37977,0.210805
37978,0.928498
37979,0.198871
37980,0.769862
37981,0.271417
37982,0.535990
37983,0.792495
37984,0.105825
37985,0.612691
37986,0.863553
37987,0.192938
37988,0.911476
37989,0.490944
37990,0.039068
37991,0.270473
37992,0.945421
37993,0.559968
37994,0.680426
37995,0.286829
37996,0.536067
37997,0.606647
37999,0.973255
38000,0.833563
38001,0.911198
38002,0.770150
38004,0.681948
38005,0.851108
38006,0.330907
38008,0.695227
38009,0.192715
38010,0.361641
38011,0.417920
38012,0.349719
38013,0.457710
38016,0.586480
38017,0.563046
38020,0.242061
38021,0.222449
38022,0.664804
38023,0.077313
38024,0.233272
38025,0.617647
38026,0.259406
38027,0.277851
38028,0.805662
38029,0.252250
38030,0.898509
38031,0.393531
38032,0.862419
38033,0.043245
38034,0.926087
38035,0.294962
38036,0.491844
38037,0.265195
38038,0.954988
38039,0.228316
38040,0.124569
38041,0.857275
38042,0.861630
38043,0.175182
38044,0.519645
38045,0.147070
38046,0.072302
38047,0.610725
38048,0.825596
38049,0.053923
38050,0.576857
38051,0.274528
38052,0.127525
38053,0.441832
38055,0.881431
38056,0.310551
38057,0.223605
38058,0.714005
38059,0.558935
38060,0.301984
38062,0.253206
38063,0.231505
38064,0.805618
38065,0.353552
38066,0.614536
38067,0.697527
38068,0.432554
38069,0.321807
38070,0.684404
38071,0.270095
38072,0.539901
38073,0.235427
38074,0.261472
38075,0.761395
38076,0.187571
38077,0.369286
38079,0.598913
38080,0.518345
38081,0.143259
38082,0.644081
38083,0.134625
38084,0.817963
38085,0.633570
38086,0.300107
38087,0.835252
38088,0.222260
38089,0.036979
38090,0.557312
38091,0.204693
38093,0.505289
38094,0.130214
38095,0.570046
38096,0.690371
38097,0.944332
38098,0.743705
38099,0.497922
38100,0.694193
38101,0.660681
38102,0.598624
38103,0.634659
38104,0.389931
38105,0.897498
38106,0.307662
38107,0.383186
38108,0.731527
38109,0.408587
38110,0.657270
38111,0.173059
38112,0.604569
38113,0.234672
38114,0.595558
38115,0.596124
38116,0.487522
38117,0.699282
38118,0.447921
38119,0.196071
38120,0.800740
38121,0.445032
38122,0.875808
38123,0.772073
38124,0.420143
38125,0.910987
38126,0.582557
38127,0.741794
38128,0.937576
38129,0.459499
38130,0.192093
38132,0.306396
38133,0.380897
38134,0.698104
38135,0.658170
38136,0.333985
38137,0.282695
38138,0.954721
38139,0.908976
38140,0.723616
38141,0.288662
38142,0.767528
38143,0.171948
38144,0.254328
38145,0.453199
38146,0.518778
38147,0.162148
38149,0.250761
38150,0.894998
38151,0.819663
38152,0.244317
38153,0.270439
38154,0.184593
38156,0.115258
38157,0.315851
38158,0.183637
38159,0.948654
38160,0.405998
38161,0.373253
38162,0.567179
38163,0.764350
38164,0.498278
38165,0.268562
38166,0.245661
38167,0.785884
38168,0.567502
38169,0.719127
38170,0.459888
38171,0.469499
38172,0.362564
38173,0.833885
38174,0.264739
38175,0.784184
38176,0.216238
38178,0.234650
38179,0.701338
38180,0.693393
38181,0.520789
38182,0.976488
38183,0.660459
38184,0.904253
38185,0.214071
38186,0.733683
38187,0.031034
38188,0.421254
38190,0.202605
38191,0.348686
38192,0.839385
38193,0.595613
38194,0.190571
38195,0.850286
38196,0.070102
38197,0.373908
38198,0.031523
38199,0.487744
38200,0.716149
38201,0.268484
38202,0.867397
38203,0.804029
38204,0.787140
38205,0.015200
38206,0.749372
38208,0.514867
38210,0.666926
38211,0.226538
38212,0.753739
38214,0.111736
38215,0.895698
38216,0.216316
38218,0.206382
38219,0.051379
38221,0.096169
38222,0.066368
38223,0.974222
38224,0.191260
38225,0.310829
38226,0.196849
38227,0.765350
38228,0.107136
38229,0.687260
38233,0.702960
38234,0.904353
38235,0.423576
38236,0.151070
38237,0.033801
38238,0.927343
38239,0.937143
38240,0.533523
38242,0.840574
38243,0.494067
38245,0.566746
38246,0.618214
38248,0.743172
38249,0.412743
38251,0.247694
38252,0.678693
38253,0.563979
38255,0.861575
38256,0.678471
38257,0.214938
38258,0.360619
38261,0.664348
38262,0.943043
38263,0.295473
38264,0.199971
38265,0.203160
38266,0.699982
38267,0.351574
38268,0.200582
38269,0.248794
38270,0.157281
38271,0.238572
38273,0.323518
38274,0.373142
38275,0.409631
38276,0.799329
38277,0.261484
38278,0.228116
38279,0.390553
38280,0.820474
38281,0.674226
38282,0.730627
38283,0.804485
38284,0.059579
38285,0.192326
38286,0.713149
38287,0.870230
38288,0.567190
38289,0.036623
38290,0.481755
38291,0.489389
38292,0.167637
38293,0.873686
38294,0.889109
38295,0.381153
38297,0.506467
38298,0.866275
38300,0.415609
38301,0.870664
38302,0.725538
38303,0.429876
38304,0.781728
38305,0.278228
38306,0.222449
38307,0.238039
38308,0.458488
38309,0.364986
38311,0.510667
38312,0.318107
38313,0.510711
38314,0.404198
38315,0.240139
38316,0.911965
38317,0.796262
38318,0.700704
38319,0.759350
38320,0.134003
38321,0.826185
38322,0.804540
38323,0.137870
38324,0.923654
38325,0.268928
38326,0.127514
38327,0.230572
38328,0.592969
38329,0.117458
38331,0.640314
38332,0.790651
38333,0.857119
38334,0.123214
38335,0.946899
38336,0.790962
38337,0.308585
38338,0.659637
38339,0.163648
38340,0.891686
38342,0.326107
38343,0.451777
38344,0.014878
38345,0.577902
38346,0.379164
38348,0.120914
38349,0.808374
38350,0.129381
38351,0.624147
38352,0.474622
38353,0.311351
38354,0.293140
38355,0.197260
38356,0.616247
38357,0.785006
38358,0.150426
38359,0.554746
38362,0.162748
38363,0.845930
38364,0.554857
38365,0.360275
38366,0.896509
38368,0.457121
38369,0.611725
38370,0.599602
38371,0.454799
38372,0.374964
38374,0.431876
38377,0.726016
38378,0.799318
38379,0.136881
38380,0.483666
38381,0.904409
38382,0.752617
38383,0.910042
38384,0.305585
38385,0.640803
38386,0.892942
38387,0.125147
38388,0.784684
38389,0.062668
38390,0.068802
38391,0.782317
38392,0.172882
38393,0.186460
38394,0.278206
38396,0.515078
38397,0.893209
38399,0.117603
38400,0.939254
38401,0.214571
38403,0.453977
38404,0.419898
38405,0.284529
38406,0.363464
38407,0.537634
38408,0.206782
38409,0.132770
38410,0.839719
38411,0.609691
38412,0.750161
38413,0.743839
38414,0.699360
38415,0.241205
38416,0.275839
38417,0.374653
38418,0.424865
38419,0.955032
38420,0.159315
38421,0.159948
38422,0.548812
38423,0.337141
38424,0.554779
38425,0.458132
38426,0.350741
38427,0.358986
38428,0.812529
38429,0.232461
38430,0.988589
38431,0.792984
38432,0.668582
38433,0.302973
38434,0.331441
38435,0.423654
38436,0.087658
38437,0.784351
38439,0.521345
38440,0.664059
38441,0.318240
38443,0.270995
38444,0.417687
38445,0.447277
38446,0.313674
38447,0.239339
38448,0.274673
38449,0.858141
38450,0.206438
38451,0.928898
38452,0.274006
38453,0.755117
38454,0.850986
38455,0.802440
38456,0.068857
38457,0.900031
38459,0.698304
38460,0.769517
38461,0.848519
38463,0.193604
38464,0.176593
38465,0.825485
38466,0.150770
38467,0.090969
38468,0.294907
38469,0.373031
38470,0.097002
38471,0.811207
38472,0.576457
38473,0.854030
38474,0.279184
38475,0.342485
38476,0.220060
38477,0.092269
38478,0.059968
38479,0.752628
38481,0.135825
38482,0.768106
38483,0.868775
38485,0.653448
38486,0.318474
38487,0.423543
38489,0.221705
38490,0.278940
38491,0.795118
38492,0.699838
38493,0.228372
38494,0.311585
38495,0.028256
38496,0.619536
38497,0.707994
38498,0.877408
38499,0.044745
38500,0.150548
38501,0.278151
38502,0.230016
38503,0.376519
38504,0.928832
38505,0.236316
38506,0.188549
38507,0.185304
38508,0.263950
38509,0.098113
38510,0.334241
38511,0.568713
38512,0.382097
38513,0.821040
38514,0.107058
38515,0.444888
38516,0.763606
38517,0.751061
38518,0.423109
38519,0.338796
38520,0.865519
38521,0.565290
38522,0.895353
38523,0.378631
38524,0.652270
38526,0.208260
38527,0.136336
38528,0.863708
38529,0.316629
38530,0.313285
38531,0.107369
38532,0.129003
38533,0.404865
38534,0.847463
38535,0.818618
38536,0.270873
38537,0.237350
38538,0.363897
38540,0.193149
38541,0.386997
38542,0.805173
38543,0.750161
38544,0.205038
38545,0.211194
38546,0.197249
38547,0.182904
38548,0.758150
38549,0.739361
38550,0.341608
38551,0.918376
38552,0.704982
38553,0.892198
38554,0.418220
38555,0.853741
38556,0.336141
38557,0.245772
38558,0.212516
38559,0.804696
38560,0.368130
38561,0.300707
38563,0.253272
38564,0.706427
38565,0.456566
38566,0.108425
38567,0.248650
38568,0.166226
38569,0.068668
38570,0.332407
38571,0.300307
38573,0.664326
38574,0.829663
38575,0.168537
38576,0.057646
38577,0.187949
38578,0.912087
38580,0.146481
38581,0.473822
38582,0.205860
38583,0.372831
38586,0.958810
38587,0.087146
38588,0.745239
38589,0.205149
38590,0.700560
38591,0.241383
38592,0.987944
38593,0.410554
38594,0.178104
38595,0.734027
38596,0.823518
38597,0.742205
38598,0.758117
38599,0.753239
38600,0.421376
38601,0.185071
38602,0.444943
38603,0.273317
38604,0.632981
38605,0.739728
38606,0.608491
38607,0.581713
38608,0.037223
38609,0.706160
38610,0.340541
38612,0.623636
38613,0.480922
38614,0.354652
38615,0.903787
38616,0.315396
38617,0.894887
38618,0.958610
38619,0.553379
38620,0.707227
38621,0.862519
38622,0.247672
38623,0.907365
38624,0.522245
38625,0.222716
38626,0.841619
38627,0.275373
38628,0.706505
38629,0.867464
38630,0.731394
38631,0.687326
38632,0.277084
38633,0.157437
38634,0.130370
38636,0.861797
38637,0.182915
38638,0.048079
38639,0.857186
38641,0.447132
38642,0.569257
38643,0.819774
38644,0.348208
38646,0.377331
38647,0.900620
38648,0.363097
38649,0.811974
38650,0.218349
38651,0.184926
38652,0.764584
38653,0.546845
38654,0.392242
38655,0.385597
38656,0.064768
38657,0.466133
38658,0.256306
38659,0.840741
38661,0.406542
38662,0.045934
38663,0.360386
38664,0.774151
38665,0.425887
38666,0.240961
38667,0.356963
38668,0.876086
38669,0.125603
38670,0.869264
38671,0.294529
38672,0.500089
38673,0.563513
38674,0.271595
38675,0.126669
38676,0.256550
38677,0.400964
38678,0.765450
38679,0.729105
38681,0.194615
38682,0.291073
38683,0.809407
38684,0.468133
38685,0.451099
38686,0.921687
38687,0.210260
38688,0.256450
38691,0.812574
38692,0.258872
38693,0.663859
38694,0.182260
38695,0.400798
38697,0.466010
38698,0.901753
38699,0.285806
38700,0.051379
38701,0.798084
38703,0.279228
38704,0.132347
38705,0.270773
38706,0.307107
38707,0.695538
38708,0.063701
38709,0.352008
38710,0.700904
38711,0.729372
38712,0.754117
38713,0.263384
38714,0.695704
38715,0.274939
38717,0.893909
38718,0.612136
38719,0.250350
38720,0.345130
38721,0.696949
38723,0.570657
38724,0.050634
38725,0.397364
38726,0.264417
38727,0.136703
38728,0.707771
38729,0.797218
38730,0.184560
38731,0.914165
38732,0.406053
38733,0.126881
38734,0.808674
38735,0.557435
38736,0.818352
38737,0.144159
38739,0.254695
38740,0.792484
38741,0.644914
38744,0.692871
38746,0.248850
38747,0.206649
38748,0.982066
38749,0.894187
38750,0.859630
38751,0.824985
38753,0.681915
38755,0.836485
38756,0.320696
38757,0.646092
38758,0.673704
38759,0.241905
38760,0.516567
38761,0.705571
38762,0.748983
38764,0.140025
38765,0.640248
38767,0.261739
38769,0.637370
38770,0.375886
38771,0.274851
38772,0.095202
38775,0.318352
38776,0.211316
38777,0.808674
38778,0.189082
38779,0.241050
38780,0.915909
38781,0.214371
38782,0.742883
38783,0.869697
38784,0.452743
38785,0.284062
38786,0.341130
38787,0.756528
38788,0.280817
38789,0.157326
38790,0.211794
38791,0.068279
38792,0.851074
38793,0.734116
38794,0.789673
38795,0.838285
38796,0.883575
38797,0.894031
38798,0.872819
38799,0.372197
38800,0.920698
38801,0.841752
38802,0.413087
38803,0.142014
38804,0.578357
38805,0.590280
38806,0.951377
38807,0.577568
38808,0.899564
38809,0.298540
38810,0.475766
38811,0.737539
38812,0.282917
38813,0.717938
38814,0.169615
38815,0.167070
38816,0.223294
38817,0.050212
38818,0.828318
38819,0.294540
38820,0.712860
38821,0.536856
38822,0.291362
38823,0.222305
38824,0.316563
38825,0.532590
38826,0.232961
38827,0.324285
38828,0.402498
38829,0.412520
38830,0.193049
38832,0.242328
38833,0.782529
38834,0.318518
38835,0.129003
38836,0.897353
38837,0.762206
38838,0.355008
38839,0.722972
38840,0.499333
38841,0.246905
38842,0.274173
38843,0.253106
38844,0.629470
38845,0.224627
38846,0.195527
38847,0.809129
38848,0.631758
38849,0.946599
38850,0.003633
38851,0.740939
38852,0.299307
38853,0.415131
38854,0.418254
38855,0.343619
38856,0.816596
38857,0.887420
38858,0.970933
38859,0.162581
38860,0.281473
38861,0.722449
38862,0.079435
38863,0.901742
38864,0.345630
38865,0.338319
38866,0.206827
38867,0.336907
38868,0.882108
38869,0.404976
38870,0.285051
38872,0.326441
38873,0.626058
38874,0.823718
38876,0.673171
38877,0.637292
38878,0.667570
38879,0.513734
38880,0.626481
38881,0.285184
38882,0.230094
38883,0.142336
38884,0.840863
38885,0.851297
38886,0.592935
38887,0.840785
38888,0.310774
38889,0.701038
38890,0.333585
38891,0.301673
38892,0.345397
38893,0.169037
38895,0.304885
38896,0.439121
38897,0.865253
38898,0.247628
38899,0.419376
38900,0.290484
38902,0.275362
38903,0.809951
38904,0.923332
38905,0.978522
38906,0.345185
38907,0.236772
38908,0.666393
38909,0.572124
38911,0.166048
38913,0.875131
38914,0.082368
38915,0.346619
38916,0.842352
38917,0.957332
38918,0.182382
38919,0.826863
38920,0.313007
38921,0.538223
38922,0.318307
38923,0.155281
38924,0.611625
38926,0.711394
38927,0.831841
38928,0.249183
38929,0.971710
38930,0.748472
38932,0.803107
38933,0.636781
38934,0.411576
38936,0.828430
38937,0.295251
38938,0.748361
38939,0.164215
38940,0.677448
38941,0.896064
38942,0.639603
38943,0.170515
38944,0.816740
38945,0.960632
38946,0.378897
38947,0.503500
38948,0.213560
38949,0.840385
38950,0.233227
38951,0.802896
38952,0.119969
38953,0.959588
38954,0.812174
38955,0.936210
38956,0.664504
38957,0.311118
38958,0.251506
38959,0.161126
38960,0.299862
38961,0.889620
38962,0.779962
38963,0.135681
38965,0.912442
38966,0.370642
38967,0.593047
38969,0.165470
38970,0.137359
38971,0.301340
38972,0.695627
38973,0.863997
38974,0.337152
38975,0.882386
38976,0.370219
38977,0.153337
38978,0.908220
38979,0.680671
38981,0.942621
38982,0.922354
38983,0.874808
38984,0.658415
38985,0.804185
38986,0.463410
38987,0.792695
38989,0.769684
38990,0.303118
38991,0.815574
38993,0.409620
38994,0.492811
38995,0.867864
38996,0.198193
38997,0.759061
38998,0.883064
38999,0.213883
39000,0.925821
39001,0.256783
39002,0.867530
39003,0.362653
39004,0.516056
39005,0.668515
39006,0.612858
39008,0.823007
39009,0.314818
39010,0.838730
39011,0.219016
39012,0.917376
39013,0.830874
39014,0.662881
39015,0.303862
39016,0.886853
39019,0.221460
39020,0.952977
39022,0.828763
39023,0.196838
39024,0.779817
39025,0.423265
39026,0.113791
39027,0.879208
39028,0.829441
39029,0.636736
39030,0.399153
39031,0.642525
39032,0.090202
39033,0.297940
39034,0.746494
39035,0.381175
39036,0.779151
39037,0.454366
39038,0.203682
39039,0.236605
39040,0.212960
39041,0.319640
39042,0.798051
39043,0.285840
39044,0.042745
39045,0.788395
39046,0.779528
39047,0.546512
39048,0.262861
39049,0.882220
39050,0.750994
39051,0.744561
39052,0.856175
39053,0.532679
39054,0.711582
39055,0.031812
39056,0.241750
39057,0.723049
39058,0.155037
39059,0.169426
39060,0.394975
39061,0.225649
39062,0.327496
39063,0.215871
39064,0.221883
39065,0.279151
39066,0.110669
39067,0.638192
39068,0.465333
39069,0.279995
39070,0.126881
39071,0.135314
39072,0.209871
39073,0.718094
39074,0.404309
39076,0.665526
39077,0.012667
39078,0.272250
39079,0.819529
39080,0.577568
39081,0.061590
39082,0.669859
39083,0.311062
39084,0.651537
39086,0.133614
39087,0.280906
39088,0.230861
39089,0.294495
39090,0.360030
39091,0.788095
39092,0.891886
39093,0.465321
39094,0.109869
39095,0.672337
39096,0.108091
39097,0.724549
39098,0.223938
39099,0.210282
39100,0.659615
39101,0.474455
39103,0.948221
39104,0.585557
39105,0.533934
39106,0.233039
39107,0.279440
39108,0.435421
39110,0.292551
39111,0.841385
39113,0.508211
39114,0.049901
39115,0.730061
39116,0.475522
39117,0.569113
39118,0.264761
39119,0.184782
39120,0.865553
39121,0.922954
39123,0.955799
39124,0.486044
39125,0.266017
39127,0.824963
39128,0.862008
39129,0.827718
39130,0.354441
39131,0.398231
39132,0.370030
39133,0.183182
39134,0.813918
39135,0.495022
39136,0.820429
39137,0.758117
39138,0.067957
39140,0.894887
39141,0.233483
39142,0.344352
39143,0.565813
39144,0.307907
39145,0.435799
39146,0.341185
39147,0.906120
39148,0.383975
39149,0.821185
39150,0.154959
39151,0.867797
39152,0.220349
39153,0.079168
39154,0.250928
39155,0.796162
39156,0.128414
39157,0.331007
39158,0.344808
39159,0.923087
39160,0.423521
39162,0.712460
39163,0.570035
39164,0.852008
39165,0.930854
39166,0.301851
39167,0.579991
39168,0.301229
39169,0.812396
39170,0.775839
39171,0.740783
39172,0.169337
39173,0.812685
39174,0.787984
39175,0.661504
39177,0.112769
39179,0.075735
39180,0.394898
39182,0.306262
39183,0.803985
39184,0.143770
39186,0.313863
39188,0.923443
39189,0.847230
39190,0.253172
39191,0.690249
39192,0.211227
39193,0.422220
39194,0.843541
39195,0.304996
39196,0.118069
39197,0.249594
39198,0.325041
39199,0.312240
39200,0.377986
39201,0.859730
39202,0.215638
39203,0.167148
39204,0.241839
39205,0.439143
39206,0.480533
39207,0.773573
39208,0.202727
39209,0.830341
39210,0.215049
39213,0.082057
39214,0.392231
39215,0.446721
39216,0.231394
39217,0.742939
39218,0.283473
39219,0.244128
39220,0.690593
39221,0.257395
39222,0.041323
39223,0.172426
39224,0.443688
39225,0.690538
39226,0.815996
39227,0.780895
39228,0.813363
39230,0.932843
39231,0.276151
39232,0.322029
39233,0.744750
39234,0.520445
39235,0.565190
39236,0.936810
39237,0.824885
39238,0.698127
39239,0.194793
39240,0.792707
39241,0.203549
39242,0.453188
39243,0.353719
39244,0.527401
39245,0.840385
39246,0.212016
39247,0.305462
39248,0.312929
39249,0.927954
39250,0.334596
39251,0.212216
39252,0.828630
39254,0.151681
39255,0.112347
39256,0.386375
39257,0.165748
39258,0.784517
39259,0.854652
39260,0.027323
39261,0.475433
39262,0.352552
39263,0.296462
39264,0.947488
39265,0.254261
39267,0.937210
39268,0.756361
39269,0.534890
39270,0.210294
39271,0.782795
39274,0.909698
39275,0.505067
39277,0.188460
39278,0.283517
39279,0.422287
39280,0.852497
39281,0.043290
39283,0.175026
39284,0.752850
39285,0.449199
39286,0.976211
39287,0.856530
39288,0.921265
39289,0.860941
39290,0.872942
39291,0.211294
39292,0.217016
39293,0.247328
39294,0.552301
39295,0.830196
39296,0.201960
39297,0.197438
39298,0.412054
39299,0.353019
39302,0.874897
39303,0.874486
39304,0.344430
39305,0.880064
39306,0.115091
39307,0.881131
39308,0.741372
39309,0.504300
39310,0.391831
39311,0.593258
39312,0.267206
39313,0.307473
39314,0.821518
39315,0.695860
39316,0.653615
39317,0.493989
39318,0.454177
39319,0.312918
39320,0.761128
39321,0.372319
39322,0.278751
39323,0.800496
39324,0.374919
39325,0.740728
39326,0.204316
39327,0.801351
39328,0.279273
39329,0.863719
39330,0.794807
39331,0.211727
39332,0.286251
39333,0.278795
39334,0.140714
39335,0.383709
39336,0.313063
39338,0.414209
39339,0.610169
39340,0.944377
39341,0.266517
39342,0.711071
39343,0.236916
39344,0.248261
39345,0.209594
39346,0.154370
39347,0.642781
39348,0.499133
39349,0.470255
39350,0.788651
39351,0.133936
39352,0.307385
39354,0.169548
39355,0.811885
39356,0.500889
39357,0.359486
39358,0.781328
39359,0.917165
39360,0.956988
39361,0.713127
39362,0.275573
39363,0.977744
39364,0.206782
39365,0.248239
39366,0.487566
39368,0.865408
39369,0.822218
39370,0.781040
39371,0.882886
39372,0.790940
39373,0.416798
39376,0.355397
39377,0.860230
39378,0.435954
39379,0.049234
39380,0.209327
39381,0.680048
39382,0.210560
39383,0.449788
39384,0.624158
39385,0.019545
39386,0.147781
39387,0.237916
39388,0.364241
39389,0.187749
39390,0.076346
39391,0.406309
39392,0.813507
39394,0.492444
39395,0.400342
39396,0.172115
39397,0.715283
39398,0.786373
39399,0.601647
39400,0.658770
39401,0.946432
39402,0.390309
39403,0.376764
39404,0.208360
39405,0.212194
39406,0.151092
39407,0.758584
39408,0.258050
39409,0.650581
39410,0.552390
39412,0.078568
39414,0.834685
39415,0.306073
39416,0.708894
39417,0.795629
39418,0.286951
39419,0.085591
39420,0.385109
39421,0.597524
39422,0.170715
39423,0.352308
39424,0.919343
39425,0.356886
39426,0.079635
39428,0.572468
39429,0.238794
39430,0.639681
39431,0.784929
39432,0.108414
39433,0.706127
39434,0.661815
39435,0.582602
39436,0.854808
39437,0.421209
39438,0.758361
39439,0.869764
39440,0.659148
39441,0.676926
39442,0.426309
39444,0.269784
39445,0.170226
39446,0.370875
39447,0.640070
39448,0.075068
39449,0.266084
39451,0.108669
39452,0.472622
39453,0.071424
39454,0.344130
39455,0.319585
39457,0.727550
39458,0.787729
39459,0.114403
39460,0.829996
39461,0.654248
39462,0.214238
39463,0.680293
39464,0.050246
39465,0.878653
39466,0.110502
39467,0.325041
39468,0.225638
39469,0.160326
39471,0.769662
39472,0.616891
39473,0.196627
39474,0.822774
39476,0.897909
39477,0.736983
39478,0.147481
39479,0.687738
39480,0.973622
39481,0.799307
39482,0.835796
39483,0.928043
39484,0.697504
39485,0.103180
39486,0.831918
39487,0.827007
39488,0.261161
39489,0.140859
39490,0.403309
39491,0.297373
39492,0.211627
39493,0.333219
39494,0.180026
39495,0.550234
39497,0.548590
39498,0.302529
39499,0.151492
39500,0.595669
39501,0.452088
39502,0.136836
39503,0.271284
39504,0.872542
39505,0.813385
39506,0.788218
39508,0.870108
39509,0.246328
39510,0.360964
39512,0.299740
39513,0.207527
39514,0.982011
39515,0.377764
39516,0.899642
39518,0.253828
39521,0.019278
39522,0.705049
39523,0.914731
39524,0.838108
39525,0.211427
39526,0.817396
39527,0.774928
39528,0.386086
39529,0.300729
39530,0.474299
39531,0.356541
39532,0.128470
39533,0.577968
39534,0.480522
39536,0.352641
39537,0.727472
39538,0.293495
39539,0.590469
39540,0.254495
39541,0.927976
39542,0.204193
39543,0.268839
39545,0.282962
39546,0.250872
39547,0.128070
39548,0.945010
39549,0.165337
39550,0.082202
39551,0.541668
39552,0.179771
39553,0.297951
39554,0.366186
39555,0.367475
39556,0.872319
39557,0.581146
39558,0.278362
39560,0.775773
39561,0.086457
39562,0.713216
39563,0.261672
39564,0.412009
39565,0.837130
39566,0.293295
39567,0.205916
39568,0.285973
39569,0.790340
39570,0.227738
39571,0.111014
39572,0.899687
39573,0.725105
39574,0.522234
39575,0.263917
39576,0.572668
39577,0.199760
39578,0.893387
39579,0.169148
39580,0.940854
39581,0.484922
39582,0.821463
39583,0.580891
39585,0.219338
39586,0.222749
39587,0.902187
39588,0.827296
39589,0.017612
39590,0.142703
39591,0.839496
39592,0.043768
39593,0.826496
39594,0.470699
39595,0.323163
39596,0.544834
39597,0.368308
39598,0.524145
39600,0.572390
39601,0.896820
39602,0.365297
39603,0.215471
39605,0.105769
39606,0.254728
39607,0.478300
39608,0.665270
39609,0.371019
39610,0.241439
39611,0.221316
39612,0.392475
39613,0.934443
39614,0.848097
39615,0.204671
39618,0.802662
39619,0.176048
39620,0.651170
39621,0.258972
39622,0.663881
39624,0.596891
39625,0.901464
39626,0.355886
39627,0.710327
39628,0.030301
39629,0.491811
39630,0.880853
39631,0.047179
39632,0.208971
39633,0.937854
39634,0.884131
39635,0.766484
39636,0.857664
39637,0.507578
39639,0.401542
39640,0.778751
39641,0.171237
39643,0.812963
39644,0.251561
39645,0.716883
39646,0.267984
39647,0.189726
39649,0.511067
39650,0.113436
39651,0.812229
39653,0.666270
39654,0.321285
39655,0.175059
39656,0.415854
39657,0.288384
39658,0.221283
39659,0.740594
39660,0.637147
39661,0.105691
39662,0.617480
39663,0.336552
39664,0.873442
39665,0.496600
39666,0.310918
39667,0.873486
39668,0.338819
39669,0.259461
39670,0.895064
39671,0.238216
39672,0.309440
39673,0.459110
39674,0.316885
39675,0.147526
39676,0.599169
39678,0.476466
39679,0.786951
39680,0.757795
39681,0.670559
39682,0.881164
39683,0.744205
39684,0.693727
39685,0.202482
39686,0.910031
39687,0.037768
39688,0.559246
39689,0.772595
39690,0.810440
39692,0.294240
39693,0.230461
39694,0.607247
39695,0.150214
39696,0.896475
39697,0.182926
39698,0.840619
39699,0.368653
39700,0.630925
39701,0.720372
39703,0.439210
39704,0.149126
39706,0.639859
39707,0.280862
39708,0.353175
39709,0.182904
39710,0.327129
39711,0.292695
39712,0.162370
39713,0.278273
39714,0.360764
39715,0.080957
39716,0.644159
39717,0.174904
39718,0.602236
39719,0.196360
39720,0.122292
39722,0.170326
39723,0.247083
39724,0.824752
39725,0.336130
39726,0.320374
39727,0.845574
39728,0.696871
39729,0.657203
39730,0.738583
39731,0.588102
39732,0.213894
39733,0.323941
39736,0.638403
39737,0.842985
39738,0.221916
39739,0.481644
39741,0.574124
39742,0.350686
39743,0.290551
39744,0.443099
39745,0.203027
39746,0.673382
39748,0.229650
39749,0.603358
39750,0.627214
39751,0.458332
39752,0.774251
39753,0.381542
39754,0.349641
39755,0.468855
39756,0.375019
39757,0.921987
39759,0.472166
39761,0.811707
39762,0.830863
39763,0.157159
39764,0.193604
39765,0.081380
39766,0.883564
39767,0.920076
39768,0.352008
39769,0.219060
39770,0.510767
39772,0.609969
39773,0.613325
39774,0.615480
39775,0.577680
39776,0.863686
39777,0.848286
39778,0.609625
39779,0.797329
39780,0.897920
39782,0.274162
39783,0.837863
39784,0.429998
39785,0.593302
39786,0.877620
39787,0.115191
39788,0.430365
39790,0.324963
39791,0.832841
39792,0.759284
39793,0.109147
39794,0.580268
39795,0.897576
39796,0.824518
39797,0.921854
39798,0.421054
39799,0.774028
39800,0.610236
39801,0.340519
39803,0.483322
39804,0.399020
39805,0.799451
39806,0.213449
39807,0.370642
39808,0.501678
39810,0.123747
39811,0.696249
39812,0.099491
39813,0.609925
39814,0.485666
39815,0.086780
39816,0.299351
39817,0.664593
39818,0.217883
39819,0.052390
39820,0.142225
39821,0.452154
39822,0.791929
39824,0.909065
39825,0.339541
39826,0.700760
39827,0.274706
39828,0.665048
39829,0.405376
39830,0.834496
39831,0.433699
39832,0.331963
39833,0.659437
39834,0.916631
39835,0.280351
39837,0.317340
39838,0.285529
39839,0.531334
39840,0.653170
39841,0.734150
39842,0.806051
39843,0.180260
39844,0.304451
39845,0.176693
39846,0.397598
39847,0.746783
39848,0.788429
39849,0.395087
39850,0.321752
39851,0.256117
39852,0.713005
39853,0.753328
39854,0.617914
39855,0.390453
39856,0.496744
39857,0.202982
39858,0.798573
39859,0.578457
39860,0.734750
39861,0.873164
39862,0.394809
39863,0.882397
39864,0.717527
39865,0.763106
39866,0.510845
39867,0.315774
39868,0.813851
39869,0.253872
39870,0.836563
39871,0.660748
39872,0.836963
39873,0.732905
39874,0.787406
39875,0.877597
39876,0.156237
39877,0.929287
39878,0.830885
39879,0.119880
39880,0.712416
39881,0.232238
39882,0.221794
39885,0.939610
39886,0.166104
39887,0.310940
39888,0.817785
39889,0.381508
39890,0.983289
39891,0.831730
39892,0.392364
39893,0.195582
39894,0.801884
39895,0.631058
39896,0.810751
39897,0.747883
39898,0.827185
39899,0.102224
39900,0.901031
39901,0.620914
39902,0.299918
39903,0.116703
39904,0.048957
39905,0.928054
39906,0.687815
39907,0.029878
39908,0.084480
39909,0.875531
39910,0.125836
39911,0.915020
39912,0.262250
39913,0.701227
39914,0.897187
39915,0.202516
39916,0.121214
39917,0.191749
39918,0.383853
39919,0.567001
39920,0.266406
39921,0.885664
39922,0.374964
39923,0.246239
39924,0.409031
39925,0.359364
39926,0.494644
39927,0.058201
39928,0.056112
39929,0.844852
39930,0.963621
39931,0.248139
39932,0.545023
39934,0.552957
39935,0.535812
39936,0.819263
39937,0.175637
39938,0.508078
39939,0.713227
39940,0.182537
39941,0.590813
39942,0.552923
39943,0.397553
39944,0.367753
39945,0.872953
39947,0.129458
39948,0.412898
39949,0.836374
39950,0.906942
39952,0.614291
39953,0.612225
39954,0.512989
39955,0.087380
39956,0.236239
39957,0.387475
39959,0.211194
39960,0.805073
39961,0.172226
39962,0.263306
39963,0.641670
39964,0.379086
39965,0.832252
39966,0.305062
39967,0.325029
39968,0.872175
39969,0.235383
39970,0.294251
39971,0.486277
39974,0.778062
39975,0.670504
39976,0.868075
39977,0.606791
39978,0.293862
39979,0.703349
39980,0.331463
39981,0.916487
39982,0.868442
39983,0.957644
39984,0.667893
39985,0.780528
39986,0.700927
39987,0.218638
39988,0.300462
39989,0.844085
39990,0.387775
39991,0.642681
39992,0.056568
39994,0.145714
39995,0.103136
39996,0.348419
39997,0.718149
39998,0.448799
40000,0.277273
40001,0.268884
40002,0.924665
40003,0.900864
40004,0.483811
40006,0.645125
40007,0.595280
40008,0.259784
40009,0.866619
40010,0.537045
40011,0.587924
40012,0.019112
40013,0.607047
40014,0.392842
40015,0.844408
40016,0.277595
40017,0.146025
40018,0.976788
40019,0.266828
40020,0.868697
40021,0.096724
40022,0.840574
40024,0.202249
40025,0.137003
40026,0.802496
40027,0.807340
40028,0.667893
40029,0.612225
40031,0.232072
40032,0.415220
40033,0.146248
40034,0.920109
40035,0.354041
40037,0.172926
40038,0.514267
40039,0.303096
40040,0.261561
40041,0.138203
40042,0.368819
40043,0.884364
40044,0.537990
40045,0.316751
40046,0.374053
40047,0.229227
40048,0.962521
40049,0.426743
40050,0.217394
40051,0.756506
40052,0.143325
40053,0.188449
40054,0.913987
40055,0.424643
40056,0.909187
40057,0.714960
40059,0.512100
40060,0.870897
40061,0.234672
40062,0.738005
40063,0.822040
40064,0.441576
40065,0.346919
40066,0.657837
40068,0.670859
40069,0.261250
40070,0.112369
40071,0.626236
40072,0.637570
40073,0.147037
40074,0.498344
40075,0.780940
40076,0.353808
40077,0.631536
40078,0.469733
40079,0.318007
40080,0.323385
40081,0.665081
40082,0.417643
40083,0.209205
40084,0.779917
40085,0.897576
40086,0.618303
40087,0.817863
40088,0.255461
40089,0.330752
40090,0.783840
40091,0.236439
40092,0.401464
40093,0.171659
40095,0.563246
40097,0.649092
40098,0.767695
40099,0.434487
40100,0.808207
40101,0.713071
40103,0.301040
40104,0.051090
40105,0.837496
40106,0.828141
40107,0.876486
40108,0.923843
40109,0.221072
40110,0.675593
40111,0.972877
40112,0.118458
40113,0.076946
40114,0.609114
40115,0.082580
40116,0.897198
40117,0.460799
40118,0.714049
40119,0.232639
40120,0.892153
40121,0.371108
40122,0.080368
40123,0.406442
40124,0.612825
40125,0.744705
40126,0.143881
40127,0.246661
40128,0.971777
40129,0.650637
40130,0.800051
40131,0.549168
40132,0.231027
40133,0.796295
40134,0.404842
40135,0.933121
40136,0.240228
40138,0.882031
40139,0.180437
40140,0.909009
40142,0.290440
40144,0.332241
40145,0.189104
40146,0.135425
40147,0.119014
40148,0.222549
40149,0.180682
40150,0.247339
40151,0.245161
40152,0.243994
40153,0.324829
40154,0.560290
40155,0.738839
40156,0.871630
40159,0.860630
40160,0.977233
40161,0.461477
40162,0.682104
40163,0.815451
40164,0.601447
40165,0.574724
40166,0.802018
40167,0.785217
40168,0.507634
40169,0.097713
40170,0.359686
40171,0.368308
40172,0.639936
40173,0.339352
40174,0.716483
40175,0.427921
40176,0.521323
40177,0.690260
40178,0.639836
40179,0.557968
40180,0.946054
40181,0.929810
40182,0.465677
40183,0.883897
40184,0.296040
40185,0.354997
40186,0.127658
40187,0.196649
40188,0.226661
40189,0.666481
40191,0.242461
40192,0.321174
40193,0.078457
40194,0.485633
40195,0.245505
40196,0.917698
40197,0.825363
40198,0.629125
40199,0.207427
40200,0.834463
40201,0.267606
40202,0.791140
40203,0.907476
40204,0.532679
40205,0.410042
40206,0.662415
40207,0.080913
40208,0.771606
40209,0.180915
40210,0.871408
40211,0.316385
40213,0.898853
40214,0.569235
40215,0.784973
40217,0.474155
40218,0.769662
40219,0.788329
40220,0.726216
40221,0.907009
40223,0.249428
40224,0.611369
40225,0.738550
40226,0.354463
40227,0.936065
40230,0.053901
40231,0.290751
40232,0.583713
40233,0.599302
40234,0.379320
40235,0.363508
40237,0.714271
40238,0.283195
40239,0.119080
40240,0.334885
40241,0.456988
40242,0.341441
40243,0.364264
40244,0.609869
40245,0.099336
40246,0.634336
40247,0.805418
40248,0.754439
40249,0.409554
40250,0.132581
40251,0.306862
40252,0.358108
40253,0.509834
40254,0.393431
40255,0.353908
40256,0.076157
40258,0.291784
40259,0.629403
40261,0.345597
40262,0.475533
40263,0.953755
40264,0.826574
40265,0.590291
40266,0.311496
40268,0.871797
40269,0.376419
40270,0.078191
40271,0.280551
40272,0.619958
40273,0.806673
40274,0.461977
40275,0.061879
40276,0.180293
40277,0.588258
40278,0.406498
40279,0.258872
40280,0.265406
40281,0.116758
40282,0.755595
40283,0.259939
40285,0.649581
40287,0.639048
40288,0.145537
40289,0.972699
40290,0.882008
40291,0.423398
40292,0.414920
40293,0.828430
40294,0.368353
40295,0.292251
40296,0.212494
40297,0.782884
40298,0.155626
40299,0.546657
40300,0.220627
40301,0.721705
40303,0.362308
40304,0.993011
40305,0.815429
40306,0.390953
40307,0.428676
40308,0.281017
40309,0.285362
40310,0.305973
40311,0.356497
40313,0.610302
40314,0.249617
40315,0.530512
40316,0.665670
40317,0.077446
40319,0.776217
40320,0.374842
40321,0.782340
40322,0.850919
40323,0.435521
40324,0.440299
40325,0.242072
40326,0.336707
40327,0.065501
40329,0.448899
40330,0.467244
40331,0.280428
40332,0.046701
40333,0.149326
40335,0.787473
40336,0.316185
40337,0.676848
40338,0.217638
40340,0.246694
40341,0.250950
40342,0.890764
40343,0.016934
40345,0.917765
40346,0.316807
40347,0.357941
40348,0.085680
40349,0.068157
40350,0.408142
40351,0.263917
40353,0.069835
40354,0.586757
40355,0.034134
40356,0.261061
40357,0.244294
40359,0.223461
40360,0.857375
40361,0.204593
40362,0.631381
40364,0.287240
40365,0.642159
40366,0.508211
40367,0.348797
40368,0.592935
40369,0.591002
40370,0.618914
40371,0.222838
40372,0.629747
40374,0.189204
40376,0.322874
40377,0.799584
40378,0.224938
40379,0.418087
40380,0.512345
40381,0.190738
40383,0.822985
40384,0.910542
40385,0.272951
40386,0.513689
40387,0.439010
40388,0.855819
40389,0.698416
40391,0.776451
40392,0.449588
40393,0.887297
40394,0.788329
40395,0.022167
40396,0.888153
40397,0.945643
40398,0.176393
40399,0.249339
40400,0.059157
40401,0.706116
40402,0.217083
40403,0.202516
40404,0.339863
40405,0.266728
40406,0.184793
40407,0.295362
40408,0.526534
40409,0.937810
40410,0.331196
40411,0.198049
40412,0.284417
40413,0.451143
40415,0.155515
40416,0.673982
40417,0.348641
40418,0.873419
40419,0.273306
40420,0.005678
40421,0.765517
40422,0.198082
40424,0.139436
40425,0.698116
40426,0.778762
40428,0.292562
40429,0.785373
40430,0.877942
40431,0.363664
40432,0.189826
40434,0.689749
40435,0.678093
40436,0.589624
40437,0.444210
40438,0.363408
40440,0.696804
40441,0.865753
40443,0.762995
40444,0.919054
40445,0.678248
40446,0.656648
40447,0.284906
40448,0.369386
40449,0.706616
40451,0.229583
40452,0.739461
40453,0.203249
40455,0.739061
40456,0.235116
40457,0.313263
40458,0.123036
40459,0.712171
40460,0.439021
40462,0.632925
40463,0.467288
40464,0.143825
40465,0.838019
40466,0.393198
40467,0.540801
40468,0.599336
40469,0.609980
40470,0.390564
40472,0.764639
40473,0.283862
40474,0.772228
40475,0.334619
40476,0.217371
40477,0.289551
40478,0.044323
40479,0.381531
40481,0.336652
40482,0.012178
40483,0.808985
40484,0.345319
40485,0.727961
40486,0.220505
40487,0.357897
40488,0.465033
40489,0.377542
40490,0.515567
40491,0.305429
40492,0.143103
40493,0.375208
40494,0.419298
40495,0.917720
40496,0.539868
40498,0.204438
40499,0.414643
40500,0.070868
40501,0.314940
40502,0.834030
40503,0.435532
40504,0.533901
40505,0.211694
40506,0.698416
40507,0.321774
40508,0.069068
40509,0.459099
40510,0.927510
40511,0.709149
40512,0.124603
40513,0.349297
40514,0.306918
40515,0.655670
40516,0.249083
40517,0.816974
40518,0.396298
40519,0.794851
40522,0.725449
40523,0.230005
40524,0.213449
40525,0.298051
40526,0.614225
40527,0.193882
40528,0.223461
40529,0.311162
40530,0.052423
40532,0.212971
40533,0.420832
40534,0.089313
40535,0.112391
40536,0.888431
40537,0.850363
40538,0.518312
40539,0.848119
40540,0.669948
40541,0.446843
40542,0.174137
40544,0.352663
40545,0.592780
40546,0.917054
40547,0.827530
40548,0.308762
40549,0.861186
40550,0.936399
40551,0.262950
40552,0.144759
40553,0.044834
40554,0.822685
40555,0.704016
40556,0.851441
40557,0.791462
40558,0.212205
40559,0.751761
40560,0.820529
40561,0.265061
40562,0.685871
40563,0.280862
40564,0.179093
40565,0.240372
40566,0.048468
40567,0.301573
40570,0.846852
40571,0.088980
40572,0.850741
40573,0.831307
40575,0.798596
40576,0.231383
40577,0.444932
40578,0.301607
40579,0.493155
40580,0.459110
40581,0.913620
40582,0.543868
40583,0.505945
40585,0.864486
40586,0.801384
40587,0.477600
40588,0.366975
40589,0.148903
40590,0.279773
40593,0.825141
40594,0.326529
40596,0.098713
40597,0.869330
40598,0.468166
40599,0.382853
40600,0.395431
40601,0.594758
40603,0.401198
40604,0.276195
40605,0.247661
40606,0.911231
40607,0.965499
40608,0.439154
40609,0.263673
40610,0.197127
40611,0.225016
40612,0.055190
40613,0.330152
40614,0.442543
40615,0.477477
40616,0.213760
40617,0.198138
40618,0.128081
40619,0.787117
40620,0.408620
40621,0.044979
40622,0.408387
40624,0.600558
40625,0.352941
40627,0.838663
40628,0.792929
40629,0.199471
40630,0.136092
40631,0.685260
40632,0.331274
40634,0.338130
40635,0.265417
40636,0.594891
40637,0.840863
40638,0.305285
40639,0.007756
40640,0.246205
40641,0.815596
40642,0.464321
40643,0.936699
40644,0.429310
40647,0.909087
40648,0.120469
40649,0.851152
40650,0.667126
40651,0.920598
40652,0.188460
40653,0.290251
40654,0.292273
40655,0.799462
40656,0.935254
40657,0.107447
40658,0.398242
40659,0.837530
40660,0.487722
40661,0.897831
40662,0.789929
40664,0.247639
40665,0.301673
40666,0.291073
40667,0.209816
40668,0.910798
40669,0.293873
40671,0.211138
40672,0.260128
40673,0.807051
40674,0.479888
40675,0.828130
40676,0.482022
40677,0.191171
40678,0.400331
40679,0.167359
40680,0.183071
40681,0.406653
40682,0.739839
40683,0.240861
40684,0.277184
40686,0.607469
40687,0.781006
40688,0.753839
40690,0.635481
40691,0.416854
40692,0.161337
40693,0.639148
40694,0.250650
40695,0.067079
40696,0.151159
40697,0.438843
40698,0.876997
40700,0.133492
40701,0.209971
40703,0.052990
40704,0.252595
40705,0.209338
40706,0.723749
40707,0.917943
40708,0.295029
40709,0.458932
40710,0.540045
40711,0.450799
40713,0.653815
40714,0.869875
40715,0.350374
40716,0.187271
40717,0.186293
40718,0.449266
40719,0.668859
40720,0.812262
40721,0.545334
40722,0.226216
40723,0.619725
40724,0.830463
40725,0.535867
40726,0.532534
40727,0.099458
40728,0.157681
40729,0.364653
40730,0.295895
40731,0.185560
40732,0.294462
40733,0.152548
40734,0.283251
40735,0.944621
40736,0.334507
40737,0.281751
40738,0.893420
40739,0.644103
40740,0.191038
40741,0.265284
40742,0.202060
40744,0.131792
40745,0.619769
40746,0.725116
40747,0.848786
40748,0.975355
40749,0.300618
40750,0.892720
40751,0.248561
40752,0.823074
40753,0.228261
40754,0.488466
40755,0.323518
40756,0.555201
40757,0.793562
40758,0.307507
40759,0.287995
40760,0.344452
40761,0.074224
40762,0.674493
40764,0.658337
40765,0.849574
40766,0.340219
40767,0.218694
40769,0.200404
40770,0.670870
40771,0.332963
40773,0.821396
40775,0.154359
40776,0.935299
40777,0.315974
40778,0.317663
40779,0.212805
40781,0.294651
40782,0.287751
40783,0.546757
40784,0.562201
40786,0.488689
40788,0.282028
40789,0.662626
40790,0.707538
40791,0.106702
40792,0.692760
40793,0.663404
40794,0.225805
40795,0.307718
40796,0.435587
40797,0.784029
40798,0.822918
40799,0.665248
40800,0.691382
40801,0.791195
40802,0.392753
40803,0.470355
40804,0.428898
40805,0.258350
40806,0.497889
40807,0.160081
40808,0.157292
40810,0.228772
40811,0.181260
40812,0.190104
40813,0.367919
40815,0.635514
40817,0.427232
40818,0.764106
40819,0.735572
40820,0.118969
40821,0.267873
40822,0.498111
40823,0.593013
40824,0.453299
40825,0.160192
40826,0.559824
40827,0.441043
40829,0.356397
40830,0.624058
40831,0.463499
40832,0.747105
40833,0.545357
40834,0.486133
40835,0.896487
40836,0.638714
40837,0.343319
40838,0.351197
40839,0.570146
40841,0.680960
40842,0.251928
40844,0.231205
40845,0.930521
40846,0.685771
40847,0.775439
40848,0.967655
40849,0.194082
40850,0.873886
40851,0.869875
40852,0.588302
40853,0.307685
40854,0.912220
40855,0.834685
40856,0.341863
40857,0.914143
40858,0.259784
40859,0.350452
40860,0.091635
40861,0.100780
40863,0.831863
40864,0.278562
40865,0.402364
40866,0.078668
40867,0.400020
40869,0.674248
40870,0.585869
40871,0.637392
40872,0.957499
40873,0.344785
40874,0.313207
40875,0.203616
40876,0.871986
40877,0.341430
40878,0.761272
40879,0.524456
40880,0.713549
40881,0.770684
40882,0.427165
40883,0.805551
40885,0.276473
40886,0.323107
40887,0.191960
40888,0.494255
40889,0.470544
40890,0.568935
40891,0.712549
40892,0.275106
40893,0.460766
40894,0.153648
40895,0.228150
40896,0.150214
40897,0.281806
40898,0.525612
40900,0.049390
40901,0.133692
40902,0.911487
40903,0.279251
40904,0.277851
40905,0.893798
40906,0.027323
40907,0.803018
40908,0.801340
40909,0.428154
40910,0.914831
40911,0.624836
40912,0.496611
40913,0.376708
40914,0.902565
40915,0.332074
40917,0.761072
40919,0.499856
40920,0.057357
40921,0.805185
40922,0.352775
40923,0.589835
40924,0.103858
40925,0.109314
40926,0.263884
40927,0.893542
40928,0.225116
40929,0.283584
40930,0.353108
40931,0.865586
40932,0.416065
40933,0.569090
40934,0.429487
40935,0.886597
40936,0.933565
40938,0.831007
40939,0.249983
40940,0.837052
40942,0.473111
40943,0.078113
40944,0.331618
40945,0.008156
40946,0.255295
40948,0.335185
40949,0.946799
40950,0.624514
40951,0.622125
40952,0.918676
40953,0.825474
40954,0.697227
40955,0.193349
40956,0.105936
40957,0.928321
40958,0.111958
40960,0.574324
40961,0.484333
40962,0.362352
40963,0.868542
40964,0.362330
40965,0.795051
40968,0.278906
40969,0.929998
40970,0.731894
40971,0.917365
40972,0.670770
40973,0.583669
40975,0.169004
40976,0.302807
40977,0.787206
40978,0.171326
40979,0.823041
40980,0.735994
40981,0.430498
40982,0.774928
40983,0.143537
40984,0.862041
40985,0.655070
40986,0.851341
40988,0.337263
40989,0.609958
40990,0.266628
40991,0.826663
40992,0.614514
40993,0.429098
40994,0.796918
40995,0.178448
40996,0.909176
40997,0.227650
40998,0.767839
40999,0.648559
41000,0.149803
41002,0.899909
41003,0.251006
41004,0.165593
41005,0.300784
41006,0.266806
41007,0.119780
41008,0.186004
41009,0.308251
41010,0.162604
41011,0.722383
41012,0.449910
41013,0.571113
41014,0.224705
41015,0.259539
41016,0.559135
41017,0.457766
41018,0.277862
41019,0.078035
41021,0.623969
41022,0.803007
41023,0.872842
41024,0.775984
41025,0.246450
41026,0.200249
41028,0.753906
41030,0.748694
41031,0.672226
41032,0.726938
41033,0.460588
41034,0.781884
41035,0.392842
41036,0.243661
41037,0.592146
41039,0.745650
41040,0.798640
41041,0.236994
41042,0.302529
41043,0.351719
41044,0.699493
41045,0.920032
41046,0.457021
41047,0.284329
41049,0.369242
41050,0.832463
41051,0.225361
41052,0.270773
41053,0.132736
41054,0.722060
41055,0.958755
41056,0.951610
41057,0.267806
41058,0.315740
41059,0.281595
41060,0.770473
41061,0.459932
41062,0.267828
41063,0.227138
41065,0.281262
41067,0.313129
41068,0.614903
41069,0.924532
41070,0.337119
41072,0.420032
41073,0.374808
41074,0.056446
41075,0.655570
41077,0.820952
41079,0.939654
41080,0.371208
41081,0.770250
41082,0.042290
41083,0.604625
41084,0.824996
41085,0.357075
41086,0.058757
41087,0.165726
41088,0.834341
41089,0.096502
41090,0.823596
41092,0.652248
41093,0.927621
41094,0.230638
41096,0.381497
41097,0.411576
41098,0.212405
41099,0.807140
41100,0.809196
41101,0.535379
41102,0.382553
41103,0.665204
41104,0.180593
41105,0.422554
41106,0.671070
41107,0.301818
41108,0.778017
41109,0.244828
41110,0.735350
41112,0.087035
41113,0.704627
41114,0.730005
41116,0.194404
41117,0.782684
41118,0.351830
41119,0.156903
41120,0.736005
41122,0.237883
41123,0.437699
41124,0.836252
41125,0.719994
41126,0.833496
41127,0.702571
41128,0.669393
41129,0.925498
41130,0.355619
41131,0.920076
41132,0.749528
41134,0.867108
41135,0.297429
41136,0.633292
41137,0.251572
41138,0.140070
41139,0.357119
41140,0.815296
41141,0.397164
41142,0.304451
41143,0.086735
41144,0.835352
41145,0.026523
41146,0.627447
41147,0.913565
41148,0.506478
41149,0.695504
41150,0.110114
41151,0.491144
41152,0.941721
41153,0.849086
41154,0.878186
41155,0.230083
41156,0.532378
41157,0.686815
41158,0.432376
41159,0.922754
41160,0.179471
41161,0.312318
41162,0.772995
41163,0.710694
41164,0.201482
41165,0.092313
41166,0.263628
41167,0.857275
41169,0.910620
41170,0.945243
41171,0.294273
41172,0.335163
41173,0.061512
41174,0.877219
41175,0.399964
41176,0.470699
41177,0.393264
41178,0.784029
41179,0.238139
41181,0.267828
41182,0.500556
41183,0.314663
41184,0.593902
41185,0.308262
41186,0.863275
41187,0.158604
41188,0.163248
41189,0.615303
41190,0.354597
41191,0.810429
41192,0.887075
41194,0.927187
41195,0.162215
41196,0.288218
41198,0.872486
41199,0.714016
41200,0.285484
41201,0.097902
41202,0.272028
41203,0.307785
41205,0.339608
41207,0.819896
41208,0.199071
41209,0.852397
41210,0.916954
41211,0.091002
41212,0.558157
41213,0.545734
41214,0.307729
41215,0.817852
41216,0.816951
41217,0.201749
41218,0.927498
41219,0.848086
41220,0.851219
41221,0.498156
41222,0.111136
41223,0.569946
41224,0.148870
41225,0.106891
41226,0.310007
41227,0.179060
41228,0.713149
41229,0.681593
41230,0.391698
41231,0.194304
41232,0.382486
41233,0.080646
41234,0.349297
41235,0.111114
41236,0.053390
41237,0.695238
41238,0.754850
41239,0.451488
41240,0.226327
41241,0.165004
41242,0.154648
41243,0.065290
41244,0.175504
41245,0.048057
41246,0.595402
41247,0.864453
41249,0.056390
41250,0.158226
41251,0.981855
41252,0.512578
41253,0.234761
41254,0.556301
41256,0.982844
41257,0.263850
41258,0.074891
41259,0.276695
41260,0.824418
41261,0.817629
41262,0.373242
41264,0.153337
41265,0.661815
41266,0.560990
41267,0.171537
41268,0.269673
41269,0.562657
41272,0.890586
41273,0.181482
41274,0.802151
41275,0.857575
41276,0.831296
41278,0.779884
41279,0.212827
41280,0.859064
41281,0.318929
41282,0.189726
41283,0.377664
41284,0.456621
41286,0.699971
41287,0.264128
41288,0.065190
41289,0.794462
41290,0.723316
41291,0.394242
41292,0.662815
41293,0.599969
41294,0.915054
41295,0.540679
41296,0.901187
41297,0.866441
41298,0.904065
41299,0.166559
41300,0.557412
41301,0.565790
41302,0.340241
41303,0.550123
41304,0.819940
41305,0.875708
41306,0.155315
41307,0.923043
41308,0.463466
41309,0.890909
41311,0.110414
41312,0.661715
41313,0.336330
41314,0.225116
41315,0.523912
41316,0.402420
41317,0.745550
41318,0.683571
41319,0.250117
41320,0.869019
41321,0.189571
41322,0.342785
41323,0.916276
41324,0.813185
41325,0.360930
41326,0.282551
41327,0.293918
41328,0.397431
41330,0.351563
41332,0.163681
41333,0.581024
41334,0.258084
41335,0.107858
41336,0.384042
41337,0.757628
41338,0.860186
41339,0.842619
41340,0.348508
41341,0.289162
41342,0.186015
41343,0.554779
41344,0.473344
41345,0.042123
41346,0.414587
41347,0.389764
41348,0.595547
41349,0.298562
41350,0.241972
41351,0.041745
41353,0.655503
41354,0.657948
41355,0.780006
41356,0.651226
41357,0.675215
41358,0.277984
41359,0.409520
41360,0.360375
41361,0.272828
41362,0.273462
41363,0.202016
41364,0.392386
41365,0.235227
41366,0.279428
41367,0.641514
41368,0.801740
41369,0.286484
41370,0.254128
41371,0.737194
41372,0.686860
41373,0.764461
41374,0.525956
41375,0.856130
41376,0.866408
41377,0.831718
41378,0.860341
41379,0.832752
41380,0.130270
41381,0.216538
41382,0.941465
41383,0.271239
41384,0.876908
41385,0.148614
41386,0.356641
41388,0.954943
41389,0.354119
41391,0.316407
41392,0.686771
41393,0.251461
41394,0.932410
41395,0.834152
41396,0.390564
41397,0.261095
41398,0.759350
41399,0.411176
41400,0.451854
41401,0.926776
41402,0.581946
41403,0.077357
41404,0.402998
41405,0.411598
41406,0.739705
41408,0.540312
41409,0.900531
41410,0.522545
41411,0.325052
41412,0.645825
41413,0.203905
41414,0.274951
41415,0.557768
41417,0.354108
41418,0.225427
41419,0.156603
41420,0.377253
41422,0.857363
41424,0.066946
41425,0.196604
41426,0.484700
41427,0.417143
41428,0.458755
41429,0.151159
41430,0.767839
41431,0.577935
41432,0.720683
41433,0.209727
41434,0.935032
41435,0.974344
41436,0.413565
41437,0.918087
41438,0.269895
41439,0.249783
41440,0.420109
41441,0.908442
41442,0.686971
41444,0.800018
41445,0.628236
41446,0.476288
41447,0.307640
41448,0.339174
41449,0.465099
41450,0.518589
41451,0.137081
41452,0.270750
41453,0.873142
41454,0.187371
41455,0.386642
41456,0.022056
41457,0.820896
41458,0.965366
41460,0.543134
41461,0.578980
41462,0.426109
41463,0.732416
41464,0.233805
41465,0.182793
41466,0.811229
41467,0.847874
41468,0.223038
41469,0.524645
41470,0.191271
41471,0.635125
41472,0.703260
41473,0.226672
41474,0.946499
41475,0.871642
41476,0.392564
41477,0.801051
41478,0.681326
41479,0.095758
41480,0.903553
41482,0.870242
41483,0.873186
41484,0.855319
41485,0.824618
41486,0.700182
41487,0.640770
41489,0.410576
41490,0.195804
41491,0.803062
41492,0.301896
41493,0.782095
41494,0.171415
41495,0.613647
41496,0.474477
41497,0.582335
41498,0.250506
41499,0.361252
41500,0.706516
41501,0.054279
41503,0.264795
41504,0.657970
41505,0.959121
41506,0.128458
41507,0.088969
41508,0.557057
41509,0.851574
41511,0.160470
41512,0.252272
41513,0.380808
41515,0.707882
41516,0.487678
41517,0.053501
41518,0.576413
41519,0.787062
41521,0.895564
41522,0.520123
41523,0.111669
41524,0.781251
41525,0.228005
41526,0.966955
41527,0.277584
41528,0.681293
41529,0.362252
41530,0.759872
41531,0.562813
41532,0.294618
41533,0.662159
41534,0.570613
41535,0.200716
41536,0.421954
41537,0.807962
41538,0.715871
41539,0.276884
41540,0.468133
41541,0.814651
41542,0.181626
41543,0.096458
41544,0.583780
41545,0.881586
41546,0.863019
41547,0.700171
41548,0.265506
41549,0.809029
41550,0.675404
41551,0.769062
41552,0.396931
41553,0.715827
41554,0.716805
41555,0.356863
41556,0.074813
41558,0.502689
41559,0.425865
41560,0.222938
41561,0.224627
41562,0.802607
41563,0.486555
41564,0.376875
41565,0.279517
41566,0.475844
41567,0.532101
41568,0.838885
41570,0.724205
41571,0.252028
41574,0.369053
41576,0.320774
41577,0.713671
41578,0.753339
41579,0.212427
41580,0.187326
41582,0.529545
41584,0.313096
41585,0.321729
41586,0.192627
41587,0.693427
41588,0.326396
41589,0.752917
41590,0.200749
41591,0.796473
41592,0.926554
41593,0.438899
41594,0.321540
41595,0.556835
41596,0.846485
41597,0.545823
41598,0.464855
41599,0.167415
41600,0.973833
41601,0.436065
41602,0.801196
41603,0.323496
41604,0.163826
41605,0.264295
41606,0.808996
41607,0.846763
41609,0.281173
41610,0.963377
41611,0.698949
41612,0.886386
41613,0.842585
41615,0.189138
41616,0.734061
41617,0.218783
41618,0.297284
41619,0.698816
41620,0.268495
41621,0.537079
41622,0.465799
41623,0.844619
41624,0.840796
41625,0.271917
41626,0.196727
41627,0.368986
41628,0.936421
41629,0.694938
41630,0.476922
41631,0.713894
41632,0.214449
41633,0.298773
41634,0.361475
41635,0.483611
41636,0.125858
41637,0.844074
41638,0.564479
41639,0.592435
41640,0.293640
41641,0.760450
41642,0.401553
41643,0.228716
41644,0.352819
41645,0.735216
41646,0.304840
41647,0.368675
41649,0.804496
41650,0.114880
41651,0.328907
41652,0.256739
41653,0.285695
41654,0.419576
41655,0.826218
41657,0.318029
41658,0.721427
41659,0.179137
41660,0.803962
41661,0.216971
41662,0.910609
41663,0.292418
41664,0.199004
41665,0.253350
41666,0.217238
41668,0.922765
41669,0.590802
41670,0.807285
41671,0.107780
41673,0.755072
41674,0.890109
41675,0.340152
41676,0.402542
41677,0.787873
41678,0.463133
41679,0.956910
41680,0.026956
41683,0.276528
41685,0.816829
41686,0.586780
41687,0.413298
41688,0.076446
41689,0.211838
41690,0.741105
41691,0.659992
41692,0.534534
41693,0.832218
41695,0.205805
41696,0.853397
41697,0.541745
41698,0.322018
41699,0.580046
41700,0.344530
41702,0.254795
41703,0.662793
41704,0.151681
41705,0.343819
41707,0.628570
41708,0.245683
41709,0.851497
41710,0.677782
41711,0.469810
41712,0.285862
41713,0.611402
41714,0.488966
41715,0.295662
41716,0.302896
41717,0.863264
41719,0.505378
41720,0.179026
41721,0.896764
41722,0.835541
41723,0.682693
41724,0.286651
41725,0.460288
41726,0.620180
41728,0.272195
41729,0.263639
41730,0.193749
41731,0.071335
41732,0.320307
41733,0.298096
41734,0.852308
41735,0.400009
41736,0.300596
41737,0.695315
41738,0.186226
41739,0.810696
41740,0.440388
41741,0.362775
41742,0.904320
41744,0.343952
41745,0.257261
41747,0.632003
41748,0.443899
41749,0.773306
41750,0.493678
41751,0.087435
41752,0.115558
41753,0.118058
41754,0.218594
41755,0.225883
41756,0.141581
41757,0.093624
41758,0.306540
41759,0.823618
41760,0.903809
41761,0.363930
41762,0.567279
41763,0.227472
41765,0.407954
41766,0.917076
41767,0.258606
41768,0.193904
41769,0.630914
41770,0.951910
41771,0.085457
41774,0.822796
41775,0.618247
41776,0.931232
41777,0.455388
41778,0.151448
41779,0.064990
41780,0.823774
41781,0.193338
41782,0.739505
41784,0.928543
41785,0.381008
41786,0.367041
41787,0.370230
41789,0.662504
41790,0.800673
41791,0.283495
41792,0.901142
41793,0.584124
41794,0.274684
41795,0.867364
41796,0.428354
41797,0.328796
41798,0.213116
41799,0.533101
41800,0.043212
41801,0.127925
41802,0.751739
41803,0.855130
41804,0.613869
41805,0.736316
41807,0.184615
41808,0.167104
41809,0.255472
41810,0.373364
41811,0.126314
41812,0.898631
41813,0.631447
41814,0.496433
41815,0.513278
41817,0.742194
41818,0.210982
41819,0.268862
41820,0.242539
41821,0.845641
41822,0.363675
41823,0.865886
41824,0.415720
41826,0.290051
41827,0.881320
41829,0.751850
41830,0.708805
41831,0.409276
41832,0.523423
41833,0.830463
41834,0.305418
41835,0.256683
41836,0.820074
41837,0.371675
41839,0.252472
41840,0.140736
41841,0.334307
41842,0.809829
41843,0.347274
41844,0.207760
41845,0.903165
41846,0.368486
41847,0.863508
41848,0.097713
41849,0.153081
41850,0.227283
41851,0.504033
41852,0.375353
41853,0.409520
41854,0.126536
41855,0.969699
41856,0.526512
41857,0.479844
41858,0.089002
41859,0.279651
41860,0.245583
41861,0.308218
41862,0.389909
41863,0.772951
41864,0.075746
41865,0.835485
41866,0.480544
41867,0.044734
41868,0.268884
41869,0.986022
41870,0.603680
41871,0.579713
41873,0.206705
41874,0.322707
41875,0.372586
41876,0.189571
41877,0.368419
41878,0.022767
41879,0.628603
41880,0.962977
41881,0.418798
41882,0.173626
41884,0.899864
41885,0.307529
41886,0.466433
41887,0.460966
41889,0.884375
41890,0.136425
41891,0.885364
41892,0.797218
41893,0.250450
41894,0.903909
41895,0.678693
41897,0.427698
41898,0.341174
41899,0.203260
41900,0.996933
41902,0.867753
41903,0.255428
41904,0.784251
41905,0.756283
41906,0.333574
41907,0.560124
41908,0.754106
41910,0.311929
41911,0.456821
41912,0.530356
41913,0.053979
41914,0.826063
41915,0.780817
41916,0.842552
41917,0.555235
41919,0.820929
41920,0.211494
41922,0.298640
41923,0.443677
41924,0.487944
41925,0.343063
41926,0.516134
41928,0.560524
41929,0.668870
41930,0.839052
41931,0.930754
41932,0.052112
41934,0.978544
41935,0.126669
41936,0.244605
41937,0.905587
41938,0.468810
41939,0.737783
41940,0.961455
41941,0.272006
41942,0.305107
41943,0.213705
41945,0.525867
41946,0.535867
41947,0.983577
41948,0.252861
41949,0.670015
41950,0.646314
41951,0.495067
41953,0.475488
41954,0.129903
41955,0.490478
41956,0.487866
41957,0.235361
41958,0.041090
41959,0.297629
41960,0.051157
41961,0.216038
41962,0.230627
41963,0.327752
41964,0.797229
41965,0.858130
41968,0.327530
41969,0.753395
41970,0.721860
41971,0.315729
41972,0.892931
41973,0.773917
41974,0.082702
41975,0.953410
41976,0.866719
41977,0.324918
41978,0.695271
41979,0.367175
41980,0.682826
41981,0.659381
41982,0.745505
41983,0.751228
41984,0.380753
41985,0.926376
41986,0.113280
41987,0.451910
41988,0.853075
41989,0.428632
41990,0.045901
41991,0.829707
41992,0.820096
41994,0.632158
41995,0.495711
41997,0.807185
41998,0.592446
41999,0.784084
42000,0.862530
42001,0.805362
42002,0.835707
42003,0.272784
42004,0.244339
42005,0.613069
42006,0.934699
42007,0.637525
42008,0.424898
42010,0.035734
42011,0.614836
42012,0.894075
42013,0.820518
42014,0.182904
42015,0.728283
42016,0.597702
42017,0.815240
42018,0.374453
42019,0.271828
42020,0.102158
42021,0.841496
42022,0.829696
42023,0.955099
42024,0.258961
42026,0.077346
42027,0.833541
42028,0.784451
42029,0.757706
42030,0.755561
42031,0.973888
42033,0.422365
42034,0.644303
42035,0.915520
42036,0.212227
42037,0.328307
42039,0.353486
42040,0.632158
42041,0.815929
42042,0.754583
42044,0.262773
42045,0.055112
42046,0.251328
42048,0.274317
42049,0.084035
42050,0.938488
42051,0.172304
42053,0.646948
42054,0.922165
42055,0.163315
42056,0.505745
42057,0.969388
42058,0.390742
42059,0.166515
42060,0.653170
42061,0.813218
42062,0.738061
42063,0.294918
42064,0.238683
42065,0.360752
42066,0.089291
42067,0.319074
42068,0.084391
42069,0.651892
42071,0.756361
42072,0.330241
42073,0.767906
42074,0.599691
42075,0.918154
42076,0.284062
42077,0.310129
42078,0.777784
42079,0.243128
42080,0.759317
42081,0.125303
42082,0.959388
42083,0.994867
42084,0.486766
42085,0.785117
42086,0.173337
42087,0.474055
42088,0.443554
42089,0.530990
42090,0.747606
42091,0.080802
42092,0.639859
42093,0.448210
42094,0.729227
42095,0.857986
42096,0.547779
42097,0.230938
42098,0.155415
42099,0.467233
42100,0.845897
42101,0.819763
42102,0.149259
42103,0.099958
42104,0.393320
42106,0.859208
42108,0.836652
42109,0.886697
42111,0.929943
42112,0.580824
42113,0.537834
42114,0.893131
42115,0.192593
42116,0.622425
42120,0.232450
42121,0.749528
42122,0.588769
42123,0.604880
42124,0.265228
42126,0.326107
42127,0.300707
42128,0.215294
42129,0.088946
42130,0.211971
42131,0.219916
42133,0.088769
42134,0.917098
42135,0.186137
42136,0.305618
42137,0.893831
42138,0.572202
42139,0.163815
42140,0.370953
42142,0.471366
42143,0.353552
42144,0.337985
42145,0.375064
42146,0.081346
42147,0.166937
42148,0.167115
42149,0.791884
42150,0.218483
42151,0.046979
42152,0.554757
42154,0.433010
42155,0.376375
42156,0.525056
42157,0.303296
42158,0.534145
42159,0.963455
42160,0.207660
42161,0.947454
42162,0.170782
42163,0.136303
42164,0.661892
42165,0.716616
42166,0.798840
42167,0.975011
42168,0.792740
42169,0.712571
42170,0.690971
42171,0.691438
42172,0.399764
42173,0.263595
42174,0.764317
42175,0.554357
42176,0.244839
42177,0.952743
42179,0.911298
42180,0.151214
42182,0.160548
42183,0.461032
42184,0.257472
42185,0.323352
42186,0.635125
42188,0.144314
42189,0.197038
42190,0.876853
42191,0.374897
42193,0.108836
42194,0.249883
42195,0.725361
42196,0.346074
42197,0.901542
42198,0.301951
42199,0.898987
42200,0.496944
42201,0.867253
42203,0.655992
42204,0.085102
42205,0.392753
42207,0.137047
42208,0.335341
42209,0.872442
42210,0.147359
42211,0.501078
42212,0.591958
42213,0.773551
42216,0.343897
42218,0.229372
42219,0.591658
42220,0.881597
42221,0.835963
42222,0.703927
42223,0.851352
42224,0.289106
42225,0.610636
42226,0.752128
42227,0.974111
42229,0.801284
42230,0.447210
42231,0.841685
42233,0.177326
42234,0.316018
42235,0.309429
42236,0.171048
42237,0.808929
42238,0.765650
42239,0.792884
42240,0.674015
42241,0.355541
42242,0.128614
42243,0.133459
42244,0.877631
42245,0.259828
42246,0.332441
42247,0.360175
42248,0.528367
42249,0.124536
42250,0.827018
42251,0.240083
42252,0.608636
42253,0.749606
42254,0.699904
42255,0.866153
42256,0.964721
42257,0.139625
42258,0.891998
42259,0.942021
42260,0.889786
42261,0.844474
42262,0.938354
42263,0.133103
42264,0.348497
42265,0.344108
42267,0.066590
42268,0.188904
42269,0.247672
42270,0.030401
42271,0.242650
42272,0.689715
42273,0.768750
42274,0.948521
42275,0.270117
42276,0.823418
42277,0.229950
42280,0.285629
42281,0.254172
42282,0.659526
42283,0.302718
42284,0.164337
42285,0.461877
42286,0.282762
42287,0.118636
42288,0.089902
42289,0.695104
42290,0.334563
42291,0.648614
42294,0.810174
42295,0.877931
42296,0.197215
42297,0.806140
42298,0.299329
42299,0.405853
42300,0.164070
42301,0.006811
42302,0.695427
42303,0.303651
42304,0.244594
42305,0.251183
42306,0.680471
42307,0.608336
42308,0.308685
42309,0.335019
42311,0.353030
42312,0.902476
42313,0.107569
42314,0.221494
42315,0.216338
42316,0.297062
42317,0.442010
42318,0.808918
42319,0.837841
42320,0.299851
42321,0.666237
42324,0.109758
42325,0.010089
42326,0.591013
42327,0.086380
42328,0.276328
42329,0.102925
42330,0.781351
42331,0.207171
42332,0.505789
42333,0.773128
42334,0.856908
42335,0.293273
42336,0.570324
42337,0.598147
42338,0.205616
42339,0.144425
42340,0.762117
42341,0.174382
42343,0.386809
42344,0.747161
42345,0.668737
42346,0.330985
42347,0.973766
42348,0.876075
42349,0.249061
42350,0.837596
42351,0.305796
42352,0.281240
42353,0.813118
42354,0.195071
42355,0.300107
42356,0.425954
42357,0.944099
42358,0.893987
42359,0.800751
42360,0.783951
42361,0.042912
42363,0.173626
42364,0.300073
42365,0.676659
42366,0.842363
42367,0.069435
42368,0.050434
42369,0.771928
42370,0.539034
42371,0.119803
42372,0.754628
42373,0.772873
42374,0.239950
42375,0.289306
42376,0.068435
42377,0.743172
42378,0.183093
42380,0.367853
42381,0.229372
42382,0.566101
42383,0.805685
42384,0.363986
42385,0.506022
42386,0.806351
42387,0.356808
42388,0.330385
42390,0.151592
42392,0.153426
42393,0.839608
42394,0.261072
42395,0.203038
42396,0.530267
42398,0.406598
42399,0.894220
42401,0.722416
42402,0.265139
42403,0.841752
42405,0.319163
42406,0.272851
42407,0.305296
42408,0.941310
42409,0.638525
42410,0.544268
42411,0.237905
42413,0.368942
42414,0.652537
42415,0.359864
42416,0.360930
42418,0.590346
42419,0.746217
42420,0.346641
42421,0.855030
42422,0.562913
42423,0.219227
42424,0.798573
42425,0.656226
42426,0.752995
42427,0.167293
42428,0.883386
42430,0.238305
42431,0.762461
42432,0.299973
42434,0.892809
42435,0.400487
42436,0.312062
42437,0.307196
42438,0.827496
42439,0.088891
42440,0.801462
42441,0.226727
42442,0.719383
42443,0.892420
42444,0.850241
42445,0.638303
42446,0.968622
42447,0.211305
42448,0.196715
42449,0.240172
42451,0.746783
42452,0.828641
42454,0.943432
42455,0.723716
42457,0.924598
42458,0.831296
42459,0.813051
42460,0.893075
42461,0.573713
42462,0.155292
42463,0.378820
42464,0.153403
42465,0.046223
42466,0.591969
42467,0.782328
42468,0.730738
42469,0.754883
42470,0.848152
42471,0.836596
42472,0.242216
42473,0.520178
42474,0.273706
42475,0.276428
42476,0.324552
42477,0.681682
42478,0.167970
42479,0.947677
42480,0.037834
42481,0.665370
42482,0.820463
42483,0.055268
42484,0.381997
42486,0.764073
42487,0.394264
42489,0.341319
42490,0.289173
42491,0.660270
42492,0.444899
42493,0.618792
42494,0.182893
42495,0.944043
42496,0.609769
42498,0.688326
42499,0.422709
42500,0.763395
42501,0.315174
42502,0.712071
42503,0.741150
42504,0.346919
42505,0.732094
42506,0.294007
42507,0.411554
42508,0.476599
42509,0.541834
42510,0.429565
42511,0.608191
42512,0.823807
42513,0.595669
42514,0.028801
42515,0.886909
42516,0.351052
42517,0.217305
42518,0.471533
42519,0.799840
42520,0.473811
42522,0.636292
42523,0.061812
42524,0.427998
42525,0.847986
42526,0.744228
42528,0.683849
42530,0.876775
42531,0.265584
42532,0.865975
42534,0.056701
42535,0.579402
42536,0.231216
42537,0.285929
42538,0.701382
42539,0.758117
42540,0.632603
42542,0.377686
42543,0.622503
42544,0.990689
42545,0.782551
42546,0.331574
42547,0.781806
42548,0.824907
42549,0.837296
42550,0.812651
42551,0.641892
42552,0.293229
42554,0.267117
42555,0.304540
42556,0.317674
42557,0.444554
42558,0.334841
42559,0.884753
42560,0.828996
42561,0.305985
42562,0.778628
42563,0.809507
42564,0.970922
42565,0.752194
42566,0.047401
42567,0.367164
42569,0.739139
42570,0.690315
42572,0.319040
42573,0.835774
42574,0.772617
42575,0.619803
42576,0.652026
42578,0.319229
42579,0.066479
42580,0.896609
42581,0.189693
42582,0.819185
42583,0.857430
42584,0.268806
42586,0.536279
42587,0.852663
42589,0.381953
42591,0.928754
42592,0.831218
42593,0.934676
42594,0.854263
42595,0.193904
42596,0.278640
42597,0.330318
42598,0.123914
42599,0.257550
42600,0.877975
42601,0.315840
42602,0.204116
42603,0.846741
42604,0.801284
42605,0.205149
42606,0.699171
42608,0.858341
42609,0.266739
42610,0.815318
42611,0.217694
42612,0.371253
42613,0.398020
42614,0.429154
42615,0.350874
42617,0.273717
42618,0.033601
42619,0.166548
42620,0.731472
42621,0.176037
42622,0.584602
42623,0.868953
42625,0.922821
42626,0.072146
42627,0.353330
42628,0.139859
42629,0.492989
42631,0.447354
42632,0.579613
42633,0.500956
42634,0.345419
42635,0.889142
42636,0.370842
42637,0.835007
42638,0.555312
42639,0.393331
42641,0.430887
42642,0.390431
42643,0.282473
42644,0.648792
42645,0.796673
42647,0.558401
42648,0.291284
42649,0.166715
42650,0.964388
42651,0.714627
42652,0.731161
42653,0.907854
42654,0.707649
42655,0.176148
42656,0.111347
42657,0.441232
42658,0.815818
42659,0.847774
42660,0.667104
42661,0.105536
42663,0.176559
42664,0.467955
42665,0.297840
42666,0.719594
42667,0.836907
42668,0.222616
42669,0.783584
42670,0.767706
42671,0.736494
42673,0.393420
42674,0.755917
42675,0.675393
42676,0.105936
42678,0.786884
42679,0.821329
42680,0.905865
42681,0.604702
42682,0.613925
42683,0.081591
42684,0.735839
42685,0.213294
42687,0.108169
42688,0.239428
42689,0.272551
42690,0.825507
42691,0.831541
42692,0.159337
42693,0.665293
42694,0.698727
42695,0.450610
42696,0.372375
42697,0.587024
42698,0.567924
42699,0.388498
42700,0.768539
42701,0.216805
42702,0.632325
42703,0.730116
42704,0.309007
42705,0.459121
42706,0.011667
42707,0.213149
42708,0.350486
42709,0.222938
42711,0.788351
42712,0.265717
42713,0.084357
42714,0.921598
42715,0.773828
42716,0.777973
42717,0.399353
42719,0.428921
42720,0.203716
42721,0.404587
42722,0.066435
42723,0.632703
42724,0.744961
42725,0.353397
42726,0.192960
42727,0.273684
42729,0.196371
42730,0.448577
42731,0.619725
42732,0.146537
42733,0.367853
42735,0.220394
42736,0.601324
42737,0.304273
42738,0.760150
42739,0.255061
42740,0.899176
42741,0.519734
42742,0.729227
42743,0.035179
42744,0.861964
42745,0.654859
42746,0.596713
42747,0.377131
42748,0.857352
42749,0.460199
42750,0.256950
42751,0.854597
42752,0.373331
42753,0.310862
42754,0.035323
42755,0.000567
42756,0.914587
42757,0.310962
42758,0.314085
42759,0.804585
42760,0.213294
42761,0.514878
42762,0.289018
42763,0.065813
42765,0.174037
42766,0.413387
42767,0.512467
42768,0.193638
42769,0.476411
42770,0.521400
42771,0.425876
42772,0.737316
42774,0.588902
42776,0.817918
42777,0.349663
42778,0.410787
42779,0.843441
42780,0.740350
42781,0.818518
42782,0.281117
42783,0.438532
42784,0.916987
42785,0.304996
42786,0.914887
42787,0.875419
42788,0.420943
42789,0.642192
42790,0.527234
42791,0.771184
42792,0.780295
42793,0.801662
42794,0.446065
42795,0.651581
42796,0.302229
42797,0.899687
42798,0.226061
42799,0.847952
42800,0.098147
42801,0.318229
42802,0.694560
42803,0.600469
42804,0.615858
42805,0.796251
42806,0.502511
42807,0.275384
42808,0.285717
42809,0.582869
42810,0.668615
42811,0.629181
42812,0.052046
42813,0.207405
42814,0.354652
42815,0.201782
42816,0.260495
42817,0.716449
42818,0.715427
42819,0.601391
42820,0.573435
42821,0.114225
42822,0.242861
42823,0.224161
42824,0.551746
42825,0.446054
42826,0.382720
42827,0.784729
42828,0.645781
42829,0.509800
42830,0.449299
42831,0.123114
42832,0.135203
42833,0.469388
42834,0.368730
42835,0.041334
42836,0.326218
42837,0.396798
42838,0.445621
42839,0.765250
42840,0.260117
42841,0.344152
42842,0.132292
42843,0.335230
42844,0.364986
42846,0.674548
42847,0.378108
42848,0.187337
42849,0.590013
42850,0.708238
42851,0.388831
42852,0.173926
42853,0.740605
42854,0.460777
42855,0.559746
42856,0.300307
42857,0.733794
42858,0.741516
42860,0.346119
42862,0.570379
42863,0.823007
42864,0.050634
42865,0.600280
42866,0.310785
42867,0.143825
42868,0.084180
42869,0.678537
42870,0.202249
42871,0.797729
42872,0.403520
42873,0.333519
42874,0.403109
42875,0.623847
42876,0.832141
42877,0.858641
42878,0.189038
42879,0.922865
42880,0.745383
42881,0.678304
42882,0.854752
42883,0.451621
42884,0.807329
42885,0.827141
42886,0.204505
42887,0.944243
42888,0.622180
42889,0.695682
42890,0.296951
42891,0.299329
42892,0.439365
42893,0.748517
42894,0.769339
42895,0.433443
42896,0.811118
42897,0.240083
42898,0.329107
42899,0.343797
42900,0.268395
42901,0.230272
42902,0.613080
42903,0.801618
42904,0.140781
42905,0.247305
42906,0.816151
42907,0.660148
42908,0.849097
42909,0.795718
42911,0.373264
42912,0.932298
42913,0.874586
42914,0.553368
42916,0.231172
42917,0.925998
42918,0.204827
42921,0.298651
42922,0.649914
42923,0.188349
42926,0.379364
42927,0.769750
42928,0.992533
42930,0.542501
42931,0.899820
42932,0.645425
42933,0.202882
42934,0.068168
42935,0.605213
42936,0.237728
42937,0.839719
42938,0.464844
42939,0.221638
42942,0.852108
42943,0.667337
42944,0.053235
42945,0.515867
42946,0.768350
42947,0.732805
42948,0.267895
42949,0.991000
42950,0.538023
42951,0.263761
42952,0.418598
42953,0.637725
42954,0.860841
42955,0.871242
42956,0.890709
42957,0.798096
42958,0.867653
42959,0.684071
42961,0.536379
42962,0.245094
42963,0.706205
42964,0.185515
42965,0.778973
42966,0.546557
42968,0.266784
42970,0.970988
42972,0.101958
42973,0.294107
42974,0.618625
42975,0.194193
42976,0.367997
42977,0.250483
42978,0.937710
42979,0.302918
42980,0.905609
42981,0.521223
42982,0.230461
42983,0.940043
42985,0.749406
42986,0.168304
42987,0.596147
42989,0.480977
42990,0.694849
42991,0.426032
42992,0.030745
42993,0.110558
42994,0.643437
42995,0.411665
42997,0.565735
42999,0.576091
43000,0.613925
43001,0.994278
43002,0.241083
43003,0.157459
43004,0.629603
43005,0.343163
43006,0.209771
43007,0.110680
43009,0.511789
43010,0.416243
43011,0.624992
43012,0.141114
43013,0.644437
43015,0.851263
43016,0.341141
43017,0.813718
43018,0.255095
43019,0.523712
43021,0.254150
43023,0.343908
43024,0.883875
43026,0.127269
43027,0.709749
43028,0.844008
43029,0.143614
43031,0.200671
43032,0.762773
43033,0.191804
43034,0.297495
43035,0.949232
43036,0.788284
43037,0.027156
43038,0.441288
43039,0.590302
43040,0.330418
43041,0.211149
43042,0.406631
43043,0.977244
43044,0.592569
43045,0.756595
43046,0.258272
43047,0.229338
43048,0.932676
43049,0.913976
43050,0.806518
43051,0.891720
43052,0.798996
43053,0.372508
43054,0.824463
43055,0.170182
43056,0.936532
43057,0.774228
43058,0.728538
43059,0.742205
43060,0.193004
43062,0.120669
43063,0.230994
43064,0.203482
43065,0.205927
43066,0.225216
43067,0.906953
43068,0.805362
43069,0.050723
43070,0.084391
43071,0.599824
43072,0.712783
43073,0.912487
43074,0.386942
43075,0.471199
43076,0.330596
43077,0.828407
43078,0.785740
43080,0.796707
43081,0.695938
43082,0.242794
43085,0.353019
43087,0.606536
43088,0.491944
43089,0.233672
43090,0.147292
43091,0.542401
43092,0.384042
43093,0.405976
43094,0.363930
43095,0.875031
43096,0.184104
43097,0.629592
43098,0.277595
43099,0.057423
43101,0.107980
43102,0.825174
43103,0.147714
43104,0.321096
43105,0.216549
43106,0.878297
43107,0.564935
43108,0.864708
43111,0.911465
43113,0.218727
43114,0.347786
43115,0.641714
43116,0.148692
43117,0.329918
43118,0.145914
43119,0.690038
43120,0.144537
43121,0.832596
43122,0.373853
43123,0.819607
43124,0.254939
43125,0.983900
43126,0.783529
43127,0.525312
43128,0.834341
43129,0.309240
43130,0.262584
43132,0.924443
43133,0.300329
43134,0.523423
43135,0.445677
43136,0.090024
43137,0.194549
43138,0.920832
43139,0.643392
43140,0.501600
43141,0.399287
43142,0.538145
43143,0.286462
43144,0.580402
43145,0.712627
43146,0.807207
43147,0.857197
43148,0.440543
43149,0.187715
43150,0.953655
43151,0.582302
43152,0.307162
43153,0.665270
43154,0.067446
43155,0.593669
43156,0.800784
43157,0.611114
43158,0.760639
43159,0.677960
43160,0.965566
43162,0.361841
43163,0.271028
43164,0.225305
43165,0.754906
43166,0.236361
43167,0.156781
43168,0.444632
43169,0.437321
43170,0.172137
43172,0.866253
43173,0.161104
43174,0.386797
43175,0.424143
43176,0.450188
43178,0.408342
43179,0.688782
43181,0.213616
43182,0.280928
43183,0.955710
43184,0.911487
43185,0.312296
43186,0.899542
43187,0.792173
43188,0.759050
43189,0.147081
43190,0.707916
43191,0.441188
43192,0.976466
43194,0.353230
43195,0.312607
43196,0.786251
43197,0.833441
43199,0.443188
43200,0.397487
43201,0.729838
43202,0.484944
43203,0.393509
43204,0.822252
43205,0.229561
43206,0.367953
43207,0.910576
43208,0.603325
43209,0.814385
43210,0.780051
43211,0.459499
43212,0.263617
43213,0.772839
43214,0.878064
43215,0.354397
43216,0.985277
43217,0.207471
43218,0.223116
43219,0.590413
43220,0.109380
43221,0.733872
43222,0.654070
43224,0.256883
43225,0.125558
43226,0.197182
43228,0.612980
43230,0.202104
43231,0.963177
43232,0.351819
43233,0.511811
43235,0.276351
43236,0.399776
43237,0.406687
43238,0.521023
43239,0.672582
43240,0.131592
43241,0.787062
43244,0.413420
43246,0.194349
43247,0.314896
43248,0.497455
43249,0.759961
43251,0.580424
43252,0.326063
43253,0.383731
43254,0.949010
43255,0.243972
43256,0.837485
43257,0.790618
43258,0.956132
43259,0.153048
43260,0.238983
43261,0.071213
43262,0.578680
43264,0.446199
43265,0.366253
43266,0.447232
43267,0.714638
43269,0.620258
43270,0.893420
43271,0.783973
43272,0.426509
43273,0.850630
43274,0.823663
43275,0.492033
43276,0.244094
43278,0.413631
43280,0.621447
43281,0.257295
43282,0.381386
43283,0.721883
43284,0.863341
43285,0.901631
43286,0.950899
43287,0.638925
43289,0.594135
43290,0.886131
43291,0.813929
43292,0.067746
43293,0.604313
43294,0.647437
43295,0.912142
43296,0.442799
43297,0.208316
43298,0.729005
43299,0.882475
43300,0.887820
43301,0.245683
43302,0.343597
43304,0.715616
43305,0.303340
43307,0.623136
43308,0.725294
43309,0.476933
43310,0.443265
43311,0.699593
43312,0.251806
43313,0.091446
43314,0.136136
43315,0.449154
43316,0.877986
43317,0.238550
43318,0.488555
43319,0.707827
43320,0.776073
43321,0.774584
43322,0.214071
43324,0.099436
43325,0.805929
43326,0.419376
43327,0.763084
43329,0.947666
43330,0.315207
43331,0.773384
43332,0.218038
43333,0.231894
43334,0.357430
43335,0.803885
43336,0.508400
43337,0.383309
43338,0.445154
43339,0.497489
43340,0.827218
43341,0.819996
43342,0.437976
43343,0.053479
43344,0.122825
43345,0.947754
43346,0.173071
43347,0.573579
43348,0.158626
43349,0.467488
43350,0.033901
43351,0.737305
43352,0.625758
43353,0.140036
43354,0.946421
43355,0.456788
43357,0.807740
43358,0.282473
43359,0.443699
43360,0.429410
43361,0.202282
43362,0.352986
43363,0.160426
43365,0.817207
43366,0.582891
43367,0.392320
43368,0.043801
43369,0.530245
43370,0.357608
43371,0.168626
43372,0.174093
43373,0.499289
43374,0.160381
43376,0.634381
43377,0.172337
43378,0.033856
43379,0.297351
43380,0.764150
43381,0.311462
43382,0.393242
43383,0.804229
43384,0.875042
43385,0.612325
43386,0.773306
43387,0.617503
43389,0.278162
43391,0.640714
43392,0.545601
43393,0.233116
43394,0.255095
43395,0.906198
43396,0.398198
43397,0.564979
43398,0.285484
43399,0.862452
43401,0.660159
43402,0.498133
43404,0.897820
43405,0.481755
43406,0.750539
43407,0.249650
43408,0.261472
43410,0.290373
43411,0.165537
43412,0.771450
43413,0.207105
43414,0.283773
43415,0.413665
43416,0.392286
43417,0.226805
43418,0.542456
43419,0.483177
43420,0.422454
43421,0.227672
43422,0.855863
43423,0.074079
43424,0.122058
43425,0.145870
43426,0.396931
43427,0.967666
43428,0.838630
43429,0.290318
43431,0.223116
43432,0.060879
43433,0.971422
43434,0.868008
43435,0.365708
43436,0.256339
43437,0.532101
43438,0.390364
43439,0.741383
43441,0.330341
43442,0.300840
43443,0.287873
43444,0.892798
43445,0.435987
43446,0.270106
43447,0.787740
43448,0.289273
43449,0.236539
43450,0.516356
43451,0.498144
43452,0.476833
43453,0.123347
43454,0.124203
43456,0.452499
43457,0.381642
43459,0.501889
43460,0.523112
43461,0.597991
43462,0.482144
43464,0.932699
43465,0.834107
43466,0.357930
43467,0.725094
43468,0.387531
43469,0.120192
43470,0.420509
43471,0.116669
43473,0.170793
43474,0.559912
43475,0.066801
43476,0.220760
43477,0.201116
43478,0.409242
43479,0.488544
43480,0.726416
43481,0.181260
43482,0.389420
43483,0.923509
43484,0.865341
43486,0.824996
43487,0.658759
43488,0.263806
43489,0.721549
43490,0.860352
43491,0.185537
43492,0.466644
43493,0.483500
43494,0.626947
43495,0.582468
43496,0.382142
43497,0.150514
43499,0.718760
43500,0.544590
43501,0.885431
43502,0.778895
43503,0.128214
43504,0.310418
43505,0.259461
43507,0.611825
43508,0.129825
43509,0.420865
43511,0.533923
43512,0.202493
43513,0.536656
43514,0.366386
43515,0.272762
43516,0.257917
43517,0.562968
43518,0.389953
43519,0.715927
43520,0.177348
43521,0.665804
43522,0.940088
43524,0.585102
43525,0.034079
43526,0.706427
43527,0.512945
43528,0.771839
43529,0.791284
43531,0.733005
43532,0.344463
43534,0.128292
43535,0.762850
43536,0.811385
43537,0.362130
43538,0.442165
43539,0.394687
43540,0.807362
43541,0.841641
43542,0.192927
43543,0.457210
43544,0.412476
43546,0.635192
43547,0.147159
43548,0.793951
43549,0.325818
43550,0.292351
43551,0.412087
43552,0.254395
43553,0.729183
43554,0.291073
43555,0.236327
43556,0.345430
43557,0.772995
43558,0.440732
43559,0.343797
43560,0.798829
43561,0.140681
43562,0.517278
43563,0.163426
43564,0.594702
43565,0.894698
43566,0.563001
43567,0.979600
43568,0.061135
43569,0.291962
43570,0.551357
43572,0.382797
43575,0.516478
43576,0.640248
43577,0.659070
43578,0.634736
43579,0.904942
43580,0.250550
43581,0.911320
43584,0.106347
43585,0.321840
43586,0.862352
43587,0.196682
43588,0.149914
43589,0.298507
43590,0.246317
43591,0.602791
43592,0.173293
43593,0.307574
43594,0.691104
43597,0.232627
43598,0.152703
43599,0.193160
43601,0.453477
43602,0.244328
43603,0.298240
43604,0.489133
43606,0.374486
43607,0.900420
43608,0.390775
43609,0.184504
43610,0.885353
43611,0.686304
43612,0.811029
43613,0.481655
43615,0.257684
43616,0.312963
43617,0.245539
43618,0.487755
43619,0.800784
43620,0.664237
43621,0.219049
43622,0.193204
43623,0.867830
43624,0.353152
43625,0.284262
43626,0.914731
43627,0.671282
43629,0.855452
43630,0.718572
43631,0.506889
43632,0.416587
43633,0.615869
43636,0.256150
43637,0.883542
43638,0.233772
43639,0.044879
43640,0.437754
43641,0.241972
43642,0.340541
43643,0.488533
43644,0.918932
43645,0.183226
43646,0.942288
43647,0.261850
43648,0.730783
43649,0.874008
43650,0.883597
43651,0.118925
43652,0.583157
43653,0.172571
43654,0.844463
43655,0.178948
43656,0.253661
43657,0.089324
43658,0.702260
43659,0.151170
43660,0.199449
43661,0.777139
43662,0.335741
43663,0.669893
43664,0.273217
43665,0.718172
43667,0.508200
43668,0.626569
43669,0.305785
43670,0.039956
43671,0.860930
43672,0.668970
43674,0.179837
43675,0.140570
43676,0.958888
43677,0.467788
43678,0.944710
43679,0.921598
43680,0.381420
43681,0.097702
43683,0.976588
43684,0.228150
43685,0.595080
43686,0.270262
43688,0.665593
43689,0.430554
43690,0.487311
43691,0.498456
43692,0.250683
43693,0.776984
43694,0.517434
43696,0.126825
43697,0.104602
43698,0.075968
43701,0.522412
43702,0.312818
43703,0.716983
43705,0.722649
43706,0.460144
43707,0.349530
43708,0.977811
43709,0.265128
43710,0.215516
43711,0.826852
43712,0.887264
43713,0.783029
43714,0.263573
43715,0.742083
43716,0.104902
43717,0.267150
43718,0.425354
43719,0.342352
43720,0.331752
43721,0.422809
43722,0.661626
43723,0.260161
43724,0.873842
43725,0.342385
43726,0.757972
43727,0.666181
43728,0.334385
43729,0.417687
43730,0.630358
43731,0.706871
43732,0.237239
43733,0.709794
43734,0.505922
43735,0.148114
43736,0.528901
43737,0.202693
43738,0.392620
43739,0.181448
43740,0.836630
43742,0.802585
43743,0.505278
43744,0.348819
43746,0.127947
43747,0.193115
43748,0.310351
43749,0.783217
43750,0.589491
43751,0.200371
43752,0.870842
43753,0.877208
43754,0.172070
43756,0.628470
43757,0.217960
43758,0.819907
43759,0.639814
43761,0.466299
43762,0.241016
43763,0.232427
43764,0.372208
43765,0.329818
43766,0.270995
43767,0.241372
43768,0.284762
43769,0.717238
43771,0.083869
43772,0.709282
43773,0.981522
43774,0.515356
43775,0.176282
43776,0.770539
43777,0.814718
43778,0.598691
43779,0.413976
43781,0.221649
43782,0.859841
43783,0.227016
43784,0.370208
43785,0.765373
43786,0.231272
43787,0.304396
43788,0.249683
43789,0.840408
43790,0.739694
43791,0.878086
43793,0.724738
43794,0.148481
43795,0.356852
43796,0.920643
43797,0.378942
43798,0.344508
43799,0.649437
43800,0.386442
43801,0.828007
43802,0.267673
43803,0.415243
43804,0.807874
43805,0.729161
43806,0.809440
43807,0.769673
43808,0.917865
43809,0.193515
43811,0.123803
43812,0.810318
43813,0.775073
43814,0.072602
43815,0.949888
43816,0.480855
43817,0.072157
43818,0.302762
43819,0.090235
43820,0.282240
43821,0.734839
43822,0.210705
43823,0.243439
43824,0.338496
43825,0.336541
43826,0.030001
43827,0.488689
43828,0.279573
43829,0.283640
43830,0.979244
43832,0.287051
43833,0.333030
43834,0.803596
43835,0.801218
43836,0.923921
43837,0.325796
43838,0.768350
43839,0.485089
43840,0.353752
43841,0.239994
43842,0.762484
43843,0.549346
43844,0.345241
43845,0.598858
43847,0.589958
43848,0.589258
43849,0.831496
43850,0.177771
43851,0.625147
43852,0.530256
43853,0.774551
43854,0.669826
43856,0.125936
43857,0.292651
43858,0.295540
43859,0.312885
43860,0.614847
43861,0.771450
43863,0.278073
43864,0.849308
43865,0.399031
43866,0.414554
43867,0.412998
43868,0.223172
43869,0.406065
43870,0.800884
43871,0.120092
43872,0.232483
43873,0.159126
43874,0.150203
43875,0.719960
43876,0.667048
43877,0.209816
43878,0.326296
43879,0.723005
43880,0.598002
43881,0.305462
43882,0.297162
43883,0.190549
43884,0.845308
43885,0.822507
43886,0.512511
43887,0.774062
43888,0.842141
43889,0.104813
43890,0.187037
43891,0.130270
43892,0.808096
43894,0.735916
43895,0.240761
43896,0.854497
43897,0.674515
43898,0.283295
43899,0.527734
43900,0.346263
43901,0.969788
43902,0.696293
43903,0.867964
43904,0.365941
43905,0.802273
43906,0.825552
43907,0.217994
43908,0.327518
43909,0.918120
43910,0.286795
43911,0.849841
43912,0.669359
43913,0.616691
43914,0.695982
43915,0.223838
43916,0.854908
43917,0.435576
43918,0.650637
43919,0.739905
43921,0.615247
43922,0.609158
43923,0.177804
43924,0.150681
43925,0.863130
43926,0.614403
43927,0.970277
43928,0.870419
43929,0.439843
43930,0.778462
43931,0.329685
43932,0.797151
43933,0.719483
43934,0.757117
43935,0.661437
43936,0.323241
43937,0.464810
43938,0.449310
43939,0.410109
43940,0.094202
43941,0.467377
43942,0.432832
43943,0.727294
43944,0.307262
43946,0.923565
43947,0.890520
43948,0.349386
43949,0.231027
43950,0.223561
43951,0.821896
43952,0.082313
43954,0.434821
43955,0.333385
43956,0.385709
43957,0.096235
43959,0.285906
43960,0.338130
43961,0.279662
43962,0.850430
43963,0.027923
43964,0.275451
43965,0.949454
43967,0.783706
43968,0.842652
43969,0.340430
43970,0.500578
43971,0.809329
43972,0.794407
43973,0.759584
43974,0.846363
43976,0.820807
43977,0.476199
43978,0.266250
43979,0.920320
43980,0.904920
43982,0.840219
43983,0.807996
43984,0.350974
43985,0.157515
43986,0.456632
43987,0.078824
43988,0.303662
43989,0.321029
43990,0.222738
43991,0.913887
43992,0.480744
43993,0.124681
43994,0.560512
43995,0.843930
43996,0.087846
43997,0.086591
43998,0.926832
43999,0.876042
44000,0.265661
44001,0.661604
44002,0.368197
44003,0.244872
44004,0.898953
44005,0.215071
44006,0.273051
44007,0.397742
44008,0.254472
44009,0.268784
44010,0.313151
44011,0.749706
44012,0.819529
44013,0.277195
44014,0.134925
44016,0.519245
44017,0.179537
44018,0.252217
44019,0.792818
44021,0.520723
44022,0.859686
44025,0.917743
44026,0.167848
44027,0.376864
44028,0.863508
44029,0.736372
44030,0.698238
44031,0.380920
44032,0.090691
44033,0.392653
44034,0.326107
44035,0.108302
44036,0.798340
44037,0.136147
44038,0.452955
44039,0.411454
44040,0.803540
44041,0.385220
44042,0.717183
44044,0.107914
44045,0.884409
44046,0.875686
44048,0.130014
44049,0.264284
44050,0.669304
44051,0.897487
44052,0.482411
44053,0.868408
44054,0.169515
44055,0.683682
44056,0.801540
44057,0.170537
44058,0.365464
44059,0.196482
44061,0.894020
44062,0.118669
44063,0.251972
44064,0.285062
44065,0.797362
44066,0.484166
44067,0.152503
44068,0.860930
44069,0.821518
44070,0.364219
44071,0.809307
44072,0.840319
44073,0.657859
44074,0.916743
44075,0.465966
44076,0.151381
44077,0.169815
44078,0.880031
44079,0.413809
44080,0.423743
44081,0.239361
44082,0.237250
44083,0.281262
44084,0.952899
44085,0.477299
44086,0.895798
44087,0.658381
44089,0.600347
44090,0.783151
44091,0.704160
44092,0.904798
44094,0.652926
44095,0.515611
44096,0.458010
44097,0.214171
44099,0.824596
44100,0.606791
44101,0.358419
44102,0.341063
44103,0.716916
44104,0.368597
44105,0.291362
44106,0.327585
44107,0.222894
44108,0.510234
44109,0.798696
44110,0.652981
44111,0.861419
44112,0.472655
44113,0.753861
44114,0.231272
44115,0.497155
44117,0.420276
44118,0.852797
44119,0.484389
44120,0.577002
44121,0.869042
44122,0.828318
44123,0.623381
44124,0.509711
44125,0.570557
44126,0.854941
44127,0.371508
44128,0.656048
44129,0.335063
44130,0.321685
44131,0.499222
44132,0.484611
44133,0.883009
44134,0.214338
44135,0.947143
44137,0.170159
44138,0.763128
44139,0.414176
44141,0.948366
44142,0.719816
44143,0.301040
44144,0.864741
44145,0.096680
44146,0.375686
44147,0.882720
44148,0.188693
44150,0.253228
44151,0.292807
44152,0.580835
44153,0.878253
44154,0.193815
44155,0.349241
44156,0.936799
44157,0.820629
44158,0.772551
44159,0.753295
44160,0.771817
44161,0.818040
44162,0.465755
44163,0.234627
44165,0.548368
44166,0.231294
44169,0.259595
44170,0.808662
44171,0.294107
44172,0.285373
44173,0.877720
44174,0.282328
44176,0.104802
44177,0.812729
44178,0.111858
44179,0.421554
44180,0.147348
44181,0.793262
44182,0.750650
44183,0.282451
44184,0.850774
44185,0.623714
44186,0.208771
44187,0.309796
44188,0.549123
44189,0.852419
44190,0.517678
44191,0.261295
44192,0.199349
44193,0.256361
44194,0.883253
44195,0.391309
44196,0.685615
44197,0.247794
44198,0.150403
44200,0.796595
44201,0.547301
44202,0.759717
44203,0.859630
44204,0.883420
44205,0.162793
44206,0.355063
44207,0.108436
44208,0.175504
44210,0.227516
44211,0.172771
44212,0.874475
44213,0.590535
44214,0.604102
44215,0.510889
44216,0.753939
44217,0.155859
44218,0.742339
44219,0.622358
44220,0.244450
44221,0.773362
44222,0.268450
44223,0.428198
44224,0.859619
44225,0.741305
44226,0.944054
44227,0.344285
44228,0.229327
44229,0.201416
44230,0.167882
44232,0.183837
44233,0.769973
44234,0.127792
44235,0.169259
44236,0.216549
44237,0.242339
44238,0.935621
44239,0.352630
44240,0.227316
44241,0.906020
44242,0.320152
44244,0.492567
44245,0.639148
44246,0.707549
44249,0.263273
44250,0.667926
44251,0.315896
44252,0.094335
44253,0.720116
44254,0.311751
44255,0.905331
44257,0.753939
44258,0.267450
44259,0.250772
44260,0.784895
44261,0.754439
44262,0.354875
44263,0.966988
44264,0.249250
44266,0.359641
44267,0.918320
44268,0.333852
44269,0.742394
44270,0.863497
44272,0.891475
44273,0.826741
44275,0.663581
44277,0.524901
44278,0.731472
44279,0.093380
44280,0.212438
44281,0.219605
44282,0.401942
44283,0.472188
44284,0.268762
44285,0.714016
44286,0.863419
44287,0.779962
44288,0.306451
44289,0.281251
44290,0.392931
44292,0.865975
44293,0.137948
44294,0.200427
44295,0.483255
44296,0.032923
44299,0.553501
44300,0.400787
44301,0.531690
44302,0.105769
44303,0.241450
44304,0.800362
44306,0.592402
44307,0.202271
44308,0.149826
44309,0.729438
44310,0.574591
44311,0.200604
44312,0.628136
44314,0.455521
44315,0.300273
44316,0.895964
44317,0.423843
44318,0.787073
44319,0.141136
44321,0.330441
44322,0.749094
44323,0.317051
44324,0.544957
44325,0.973177
44326,0.905131
44327,0.290118
44328,0.585902
44329,0.191271
44330,0.652626
44331,0.795784
44332,0.102469
44333,0.290673
44334,0.453943
44335,0.281917
44336,0.702271
44338,0.661015
44340,0.808862
44341,0.871253
44342,0.309396
44344,0.259239
44345,0.196093
44347,0.298851
44348,0.103147
44349,0.419776
44351,0.466766
44352,0.878808
44353,0.343252
44354,0.891198
44355,0.920865
44356,0.284673
44357,0.907231
44358,0.501267
44359,0.787329
44360,0.606825
44361,0.766539
44362,0.849374
44363,0.321340
44365,0.415854
44366,0.537645
44367,0.234950
44368,0.380731
44369,0.307318
44370,0.223483
44371,0.412131
44372,0.759606
44373,0.590246
44374,0.327152
44375,0.108547
44376,0.578768
44377,0.707749
44378,0.246761
44379,0.695327
44380,0.495800
44381,0.799029
44382,0.289962
44383,0.694749
44384,0.792562
44385,0.377508
44386,0.158337
44387,0.467177
44388,0.684849
44390,0.774273
44391,0.300440
44393,0.426543
44394,0.404187
44395,0.166726
44396,0.511811
44397,0.138714
44399,0.134803
44400,0.796407
44401,0.795229
44404,0.596313
44405,0.418720
44406,0.117325
44407,0.838763
44408,0.655548
44409,0.575702
44410,0.203705
44413,0.195438
44414,0.289295
44415,0.296618
44416,0.285917
44417,0.774651
44418,0.331430
44419,0.512278
44420,0.110958
44421,0.743705
44422,0.283240
44423,0.404865
44424,0.202893
44425,0.312685
44426,0.929143
44427,0.812351
44428,0.187026
44430,0.201460
44431,0.883864
44432,0.661981
44433,0.229405
44434,0.823207
44435,0.845608
44436,0.797107
44437,0.548034
44438,0.147370
44439,0.860375
44440,0.240861
44441,0.228838
44442,0.866253
44443,0.510156
44444,0.214427
44445,0.795995
44446,0.744428
44447,0.118769
44448,0.217460
44449,0.737339
44451,0.677893
44452,0.543390
44453,0.772328
44454,0.869042
44455,0.482766
44456,0.346785
44457,0.115236
44458,0.159215
44459,0.306140
44460,0.788751
44461,0.043668
44462,0.590124
44463,0.545045
44464,0.896275
44465,0.444988
44466,0.337007
44468,0.997378
44469,0.524245
44470,0.727105
44471,0.561979
44473,0.586191
44474,0.614391
44475,0.252417
44477,0.139914
44478,0.258161
44480,0.792840
44481,0.673571
44482,0.676359
44483,0.275228
44484,0.047968
44485,0.832052
44486,0.835074
44487,0.337463
44488,0.172626
44489,0.258395
44490,0.123225
44491,0.977422
44492,0.244117
44493,0.159859
44495,0.313674
44496,0.695360
44497,0.723083
44498,0.270339
44499,0.313385
44500,0.512145
44501,0.842541
44502,0.590024
44503,0.750006
44504,0.365464
44505,0.574657
44506,0.938054
44507,0.419154
44508,0.647726
44509,0.337219
44510,0.567101
44511,0.690682
44513,0.385797
44514,0.345008
44515,0.800107
44516,0.605069
44517,0.931421
44518,0.292918
44519,0.378097
44520,0.208860
44521,0.407065
44522,0.553512
44524,0.574879
44525,0.976788
44526,0.224561
44527,0.251161
44528,0.183260
44529,0.307874
44530,0.507511
44531,0.281706
44532,0.794340
44533,0.855586
44534,0.352297
44535,0.936265
44536,0.248250
44537,0.213471
44538,0.677860
44539,0.712894
44540,0.113880
44542,0.934854
44543,0.207649
44544,0.797896
44546,0.429887
44547,0.408087
44548,0.850052
44549,0.800951
44550,0.694782
44551,0.373831
44552,0.289673
44553,0.896420
44554,0.204893
44555,0.720938
44556,0.173848
44557,0.544745
44558,0.688638
44559,0.273262
44560,0.227383
44561,0.712671
44562,0.406576
44563,0.575591
44564,0.228105
44566,0.271339
44567,0.364819
44568,0.583369
44569,0.338696
44570,0.526178
44571,0.171470
44572,0.765184
44573,0.289606
44574,0.697138
44576,0.379486
44577,0.116214
44578,0.846174
44579,0.398620
44580,0.078202
44582,0.858319
44583,0.443099
44584,0.062713
44585,0.827796
44586,0.675882
44587,0.266106
44588,0.402309
44589,0.911320
44590,0.472544
44591,0.429832
44592,0.195460
44593,0.139003
44595,0.676582
44596,0.222272
44598,0.757850
44599,0.221749
44600,0.333674
44602,0.417876
44603,0.433887
44604,0.367653
44605,0.466577
44607,0.252261
44608,0.410854
44609,0.202616
44610,0.288951
44611,0.472611
44612,0.842019
44613,0.685060
44614,0.942932
44615,0.826841
44616,0.833563
44617,0.337919
44618,0.948588
44619,0.399164
44620,0.914576
44621,0.654415
44622,0.956910
44623,0.621636
44624,0.866975
44625,0.326807
44626,0.882564
44627,0.216394
44628,0.398542
44630,0.631736
44631,0.834641
44632,0.272606
44633,0.407453
44634,0.438654
44635,0.556446
44636,0.810762
44637,0.387342
44638,0.817363
44639,0.299607
44640,0.443354
44641,0.524656
44643,0.344863
44644,0.834430
44645,0.063890
44646,0.235194
44647,0.271962
44648,0.249828
44649,0.849263
44651,0.358108
44652,0.087135
44653,0.656159
44654,0.429521
44655,0.888398
44656,0.687926
44657,0.694938
44658,0.206449
44659,0.532679
44660,0.095947
44661,0.859664
44662,0.117547
44663,0.408187
44664,0.107491
44665,0.714405
44667,0.260206
44668,0.598747
44669,0.944821
44670,0.046857
44671,0.960121
44672,0.200138
44673,0.634925
44675,0.974677
44676,0.469999
44677,0.655192
44678,0.347030
44679,0.909998
44680,0.396087
44681,0.265506
44683,0.470244
44684,0.147237
44685,0.255750
44686,0.715849
44687,0.355730
44688,0.576191
44689,0.820307
44690,0.216027
44691,0.948566
44692,0.847586
44693,0.275017
44694,0.205438
44695,0.763839
44696,0.347385
44697,0.929476
44698,0.306651
44699,0.052901
44700,0.851886
44701,0.119258
44702,0.146425
44703,0.790362
44704,0.325707
44705,0.810896
44706,0.554323
44707,0.171404
44708,0.236227
44711,0.973922
44712,0.782251
44713,0.231472
44714,0.171537
44715,0.981466
44716,0.781873
44717,0.543612
44718,0.911087
44719,0.032523
44720,0.224127
44723,0.297996
44725,0.834907
44726,0.662515
44727,0.185426
44728,0.155803
44729,0.561290
44730,0.424376
44732,0.841274
44733,0.407253
44734,0.185304
44735,0.947288
44736,0.152426
44737,0.607891
44738,0.372286
44739,0.285084
44740,0.396431
44741,0.047623
44744,0.856719
44745,0.918676
44746,0.227894
44747,0.650114
44748,0.739950
44749,0.360452
44750,0.238283
44751,0.283362
44752,0.306885
44753,0.344374
44754,0.190204
44755,0.667682
44756,0.732383
44757,0.223194
44758,0.623769
44759,0.506011
44760,0.200971
44761,0.165481
44762,0.177515
44764,0.438699
44765,0.546801
44766,0.529512
44767,0.423765
44768,0.959288
44769,0.777462
44770,0.874597
44771,0.769673
44773,0.074624
44774,0.135670
44775,0.615636
44776,0.142537
44778,0.211194
44779,0.755272
44781,0.957077
44782,0.178915
44783,0.284573
44784,0.079891
44786,0.248150
44787,0.993144
44788,0.589891
44790,0.328118
44791,0.601280
44792,0.596024
44793,0.613925
44795,0.521556
44796,0.230372
44797,0.113725
44798,0.218805
44800,0.899242
44801,0.979755
44802,0.591391
44803,0.693415
44804,0.316563
44807,0.143825
44808,0.634192
44809,0.912887
44811,0.204805
44813,0.752150
44814,0.200693
44815,0.595602
44816,0.650037
44817,0.273317
44818,0.428121
44819,0.911331
44820,0.351819
44822,0.287706
44823,0.772206
44824,0.366641
44825,0.757861
44827,0.262084
44828,0.318740
44829,0.452599
44830,0.184104
44831,0.287273
44832,0.548379
44833,0.614047
44834,0.462644
44835,0.642937
44836,0.104536
44837,0.669559
44838,0.293462
44839,0.828063
44840,0.592480
44841,0.134759
44842,0.933087
44843,0.050479
44844,0.486255
44845,0.231294
44846,0.398964
44847,0.326074
44848,0.077068
44849,0.280895
44850,0.527001
44852,0.760672
44853,0.319407
44854,0.323241
44855,0.432154
44856,0.275939
44857,0.610102
44858,0.261828
44861,0.297584
44862,0.866086
44863,0.129470
44864,0.693693
44865,0.311485
44866,0.033879
44867,0.619592
44868,0.159992
44869,0.620192
44870,0.257939
44871,0.277628
44872,0.801584
44873,0.232227
44874,0.555501
44875,0.323441
44876,0.236461
44877,0.188793
44878,0.233216
44879,0.378653
44880,0.808451
44882,0.287184
44883,0.582902
44884,0.054223
44885,0.189404
44887,0.785095
44888,0.728083
44889,0.340641
44890,0.593013
44891,0.930887
44892,0.682615
44893,0.729572
44894,0.285906
44895,0.373053
44896,0.743050
44897,0.286951
44898,0.357141
44899,0.903187
44900,0.424076
44901,0.249272
44902,0.282184
44903,0.258461
44904,0.851463
44905,0.542857
44906,0.004445
44907,0.136792
44909,0.560090
44910,0.198916
44911,0.833563
44912,0.555235
44914,0.496922
44915,0.149770
44916,0.509411
44917,0.184293
44918,0.222172
44919,0.292251
44920,0.230272
44921,0.824229
44922,0.338863
44923,0.167070
44924,0.166126
44925,0.910454
44926,0.143148
44927,0.213260
44928,0.709927
44929,0.355197
44930,0.177560
44931,0.610225
44932,0.179248
44933,0.134070
44934,0.755339
44935,0.211905
44936,0.172170
44937,0.040034
44938,0.392864
44939,0.267984
44940,0.672282
44941,0.308474
44943,0.857297
44944,0.872819
44946,0.077257
44947,0.848452
44948,0.293051
44949,0.897787
44951,0.075246
44952,0.515011
44953,0.272506
44954,0.242250
44955,0.662681
44956,0.703393
44958,0.536823
44959,0.273806
44960,0.894564
44961,0.115891
44962,0.212349
44963,0.655903
44964,0.306485
44965,0.455943
44966,0.262795
44967,0.507489
44968,0.477811
44969,0.288162
44970,0.108514
44971,0.319152
44972,0.051534
44973,0.724938
44974,0.359630
44975,0.142425
44976,0.709460
44978,0.634592
44979,0.525378
44980,0.780217
44981,0.823007
44982,0.336607
44983,0.613369
44985,0.332963
44986,0.831496
44987,0.673593
44988,0.834707
44989,0.844919
44990,0.719205
44991,0.401909
44992,0.906376
44993,0.277651
44994,0.169193
44996,0.261172
44997,0.198793
44998,0.674037
44999,0.230894
45000,0.167770
45001,0.199760
45002,0.514167
45003,0.955955
45004,0.863386
45005,0.206693
45007,0.661204
45008,0.428921
45009,0.126814
45010,0.835719
45011,0.170293
45012,0.647014
45013,0.152881
45015,0.165104
45016,0.216860
45017,0.490644
45018,0.669170
45019,0.268884
45020,0.242728
45021,0.331852
45022,0.830330
45023,0.217538
45024,0.169393
45025,0.240028
45026,0.555579
45027,0.456888
45028,0.206127
45029,0.216594
45030,0.367630
45031,0.402076
45032,0.510134
45033,0.951054
45034,0.099958
45035,0.034079
45036,0.600747
45037,0.076091
45038,0.610047
45039,0.194460
45040,0.795084
45041,0.352919
45043,0.822985
45044,0.530656
45046,0.106369
45047,0.527156
45048,0.426898
45049,0.833085
45050,0.741161
45052,0.708338
45053,0.512589
45054,0.044345
45055,0.217138
45056,0.248328
45057,0.763284
45058,0.753972
45059,0.267495
45060,0.080080
45062,0.885497
45063,0.620480
45065,0.222272
45066,0.145348
45068,0.258906
45069,0.267728
45070,0.778373
45071,0.076679
45072,0.441965
45073,0.246083
45074,0.232939
45075,0.565857
45076,0.755417
45077,0.118925
45078,0.205871
45079,0.507600
45080,0.610647
45081,0.763095
45082,0.762228
45083,0.158948
45084,0.188049
45085,0.685315
45086,0.452254
45087,0.181215
45088,0.439232
45089,0.183282
45090,0.671448
45091,0.751772
45092,0.822996
45093,0.286640
45095,0.150070
45096,0.800829
45097,0.156092
45098,0.644770
45099,0.855652
45100,0.498544
45101,0.368597
45102,0.655581
45103,0.847774
45104,0.927265
45105,0.946010
45106,0.140914
45107,0.507478
45108,0.898120
45109,0.444199
45110,0.686060
45111,0.526023
45113,0.335874
45114,0.053090
45115,0.928865
45116,0.259628
45117,0.513956
45118,0.580591
45119,0.716238
45120,0.788973
45121,0.226361
45122,0.846697
45123,0.179048
45124,0.315407
45125,0.138659
45126,0.671604
45127,0.762484
45129,0.282829
45131,0.200349
45132,0.571502
45133,0.060890
45134,0.242739
45135,0.845363
45136,0.801907
45137,0.685582
45138,0.092535
45139,0.634703
45140,0.840952
45141,0.208427
45144,0.694249
45146,0.606947
45147,0.349952
45148,0.167015
45149,0.418843
45150,0.578657
45151,0.647103
45152,0.536312
45154,0.229661
45155,0.862708
45156,0.005256
45157,0.661704
45158,0.857875
45159,0.182482
45160,0.399609
45161,0.308674
45162,0.897887
45163,0.205482
45164,0.256983
45165,0.144714
45166,0.021445
45167,0.767584
45168,0.203093
45169,0.239483
45170,0.863175
45171,0.306362
45172,0.180560
45173,0.404576
45174,0.788829
45175,0.788540
45176,0.725727
45177,0.371164
45178,0.822085
45179,0.685360
45180,0.574624
45181,0.328852
45182,0.929598
45183,0.669126
45185,0.854063
45186,0.364808
45187,0.870408
45188,0.182637
45189,0.558357
45190,0.389309
45191,0.505089
45192,0.775584
45193,0.794307
45194,0.729083
45195,0.220216
45196,0.017612
45197,0.247417
45198,0.831718
45199,0.929076
45200,0.419632
45201,0.314451
45202,0.953055
45203,0.345630
45204,0.290451
45205,0.033679
45207,0.819440
45208,0.719649
45209,0.583391
45210,0.182193
45211,0.601358
45212,0.175593
45213,0.229627
45214,0.896853
45215,0.201538
45216,0.584324
45217,0.437221
45218,0.261684
45219,0.759139
45220,0.331863
45221,0.816851
45222,0.463866
45223,0.442188
45224,0.743861
45225,0.895320
45227,0.319118
45228,0.777217
45229,0.846963
45231,0.875142
45232,0.618114
45233,0.780473
45234,0.884831
45235,0.701304
45236,0.259239
45238,0.277873
45239,0.806040
45240,0.235072
45241,0.692660
45242,0.122092
45243,0.216871
45244,0.121703
45245,0.268362
45246,0.355697
45247,0.314985
45248,0.791673
45249,0.387575
45250,0.510656
45251,0.487289
45253,0.205482
45254,0.586902
45256,0.255272
45257,0.619403
45258,0.298396
45259,0.674915
45260,0.853663
45261,0.286106
45262,0.375986
45263,0.293862
45265,0.809051
45267,0.377931
45268,0.674059
45269,0.890864
45270,0.045457
45271,0.742650
45272,0.343230
45273,0.971899
45274,0.529478
45275,0.518189
45276,0.527834
45277,0.029023
45278,0.855663
45279,0.899976
45280,0.532334
45281,0.295884
45283,0.178182
45284,0.808796
45286,0.167604
45287,0.333330
45288,0.632303
45289,0.200193
45290,0.813707
45292,0.344652
45293,0.514111
45294,0.146181
45295,0.582091
45296,0.798129
45297,0.932110
45298,0.836941
45299,0.067424
45300,0.796951
45301,0.814963
45303,0.853441
45304,0.276906
45306,0.155926
45307,0.317907
45309,0.615858
45310,0.528845
45311,0.864508
45312,0.581524
45313,0.855075
45314,0.324185
45315,0.401576
45316,0.550401
45318,0.231405
45319,0.638925
45320,0.181148
45321,0.721205
45323,0.521834
45324,0.885109
45325,0.846552
45326,0.474288
45327,0.228927
45328,0.799996
45329,0.781873
45330,0.895320
45331,0.304862
45332,0.247694
45333,0.487900
45334,0.704249
45335,0.398087
45336,0.292473
45337,0.806240
45338,0.711516
45339,0.164181
45340,0.929810
45341,0.051868
45342,0.130803
45343,0.265184
45344,0.075924
45345,0.405487
45346,0.049612
45347,0.047345
45348,0.328018
45349,0.022667
45350,0.428898
45352,0.245539
45353,0.783362
45355,0.401053
45357,0.535934
45358,0.038812
45360,0.892664
45361,0.041501
45362,0.313985
45363,0.816174
45364,0.477499
45365,0.759895
45366,0.848986
45367,0.049946
45368,0.395187
45369,0.393831
45370,0.439010
45371,0.728205
45372,0.237683
45373,0.989822
45374,0.947788
45375,0.859330
45376,0.201171
45377,0.909787
45378,0.456655
45380,0.554957
45381,0.911476
45382,0.548979
45383,0.888975
45384,0.291173
45385,0.659792
45386,0.254317
45387,0.111758
45388,0.245317
45389,0.913765
45390,0.816240
45391,0.836252
45392,0.744350
45393,0.041579
45394,0.265484
45395,0.592558
45396,0.122903
45397,0.632892
45400,0.816085
45401,0.889864
45402,0.855652
45404,0.270750
45405,0.203682
45406,0.882920
45407,0.195715
45409,0.872464
45410,0.335019
45411,0.681671
45412,0.245583
45413,0.040701
45415,0.614258
45416,0.320396
45417,0.415976
45418,0.206393
45419,0.087435
45420,0.856541
45421,0.294862
45422,0.650170
45423,0.899353
45424,0.185982
45425,0.819852
45426,0.254250
45427,0.275262
45428,0.189460
45429,0.245128
45430,0.220316
45431,0.534756
45432,0.338830
45433,0.711694
45434,0.306229
45435,0.863708
45436,0.809296
45437,0.228683
45438,0.719127
45439,0.306107
45440,0.111136
45441,0.916354
45442,0.504878
45443,0.431565
45444,0.515000
45445,0.144259
45447,0.849586
45448,0.268517
45449,0.285084
45450,0.382475
45451,0.044701
45452,0.466544
45453,0.454455
45454,0.513456
45455,0.385575
45456,0.645325
45457,0.108925
45458,0.489255
45459,0.360141
45460,0.683349
45461,0.131836
45462,0.775095
45463,0.558812
45464,0.585735
45465,0.605058
45467,0.700960
45468,0.907687
45470,0.220149
45471,0.757028
45472,0.340230
45474,0.731538
45475,0.204827
45476,0.208038
45477,0.799540
45478,0.313829
45479,0.630803
45480,0.489433
45481,0.883331
45482,0.372542
45483,0.277439
45484,0.652192
45485,0.327574
45486,0.906898
45487,0.448854
45488,0.916787
45489,0.460244
45490,0.420609
45491,0.457199
45492,0.677693
45493,0.469910
45494,0.190904
45495,0.583702
45496,0.699804
45497,0.157570
45498,0.200471
45499,0.425698
45500,0.263839
45501,0.159392
45502,0.507100
45503,0.518289
45504,0.626481
45505,0.258872
45506,0.896142
45507,0.400831
45508,0.557168
45509,0.848563
45510,0.819952
45511,0.831785
45512,0.287284
45513,0.021889
45515,0.835707
45516,0.787873
45517,0.811185
45518,0.787862
45519,0.355419
45520,0.251350
45521,0.183337
45523,0.394698
45524,0.567902
45525,0.041990
45526,0.306707
45527,0.724916
45528,0.868842
45530,0.136136
45531,0.845941
45532,0.282851
45533,0.760072
45534,0.737528
45535,0.342052
45536,0.432243
45537,0.885475
45538,0.655926
45539,0.632092
45540,0.224272
45541,0.685560
45542,0.587402
45543,0.442076
45544,0.827396
45545,0.271617
45546,0.819907
45547,0.137025
45548,0.232361
45549,0.909331
45550,0.197760
45551,0.146359
45552,0.619469
45553,0.521989
45554,0.343485
45555,0.247894
45556,0.020045
45557,0.218305
45558,0.727083
45559,0.410965
45560,0.746528
45561,0.089402
45562,0.965044
45563,0.273095
45564,0.103802
45565,0.950910
45566,0.610669
45567,0.907465
45570,0.146314
45572,0.153748
45573,0.793662
45574,0.152481
45575,0.338496
45576,0.242539
45577,0.496422
45578,0.085191
45579,0.788673
45580,0.184249
45581,0.271028
45582,0.835674
45583,0.355619
45585,0.817940
45586,0.859919
45587,0.631714
45588,0.952666
45589,0.224627
45590,0.138225
45591,0.625825
45592,0.442510
45594,0.207193
45595,0.818774
45596,0.390175
45597,0.460044
45598,0.603580
45599,0.097902
45600,0.745561
45601,0.456688
45602,0.803540
45603,0.917276
45604,0.628203
45605,0.638159
45606,0.917865
45607,0.288084
45608,0.866197
45609,0.722049
45610,0.720494
45611,0.912643
45612,0.939376
45613,0.856108
45614,0.182115
45615,0.311762
45616,0.254061
45617,0.562890
45618,0.933110
45619,0.235183
45620,0.067668
45621,0.857475
45623,0.152414
45624,0.869719
45625,0.747339
45626,0.794962
45628,0.508122
45629,0.773362
45630,0.166148
45631,0.138414
45632,0.725727
45633,0.766517
45634,0.879053
45635,0.126092
45636,0.372408
45637,0.840085
45639,0.822296
45640,0.182782
45642,0.237850
45643,0.224105
45644,0.343485
45645,0.546345
45646,0.644914
45647,0.404265
45648,0.324385
45649,0.194982
45650,0.103513
45651,0.832841
45653,0.562079
45654,0.394720
45655,0.836463
45656,0.759061
45657,0.589602
45658,0.419376
45659,0.860719
45661,0.537723
45662,0.817763
45663,0.770150
45664,0.650303
45665,0.709260
45666,0.052068
45667,0.759439
45668,0.593035
45669,0.403465
45670,0.835041
45671,0.791706
45672,0.602213
45674,0.585024
45675,0.750606
45677,0.758217
45678,0.338874
45679,0.074291
45680,0.309707
45681,0.667470
45682,0.532345
45683,0.696082
45684,0.519200
45685,0.197004
45686,0.350730
45687,0.263073
45688,0.802662
45689,0.460344
45690,0.824529
45691,0.727216
45692,0.558179
45693,0.336330
45694,0.697827
45695,0.957332
45696,0.673971
45697,0.748283
45699,0.357341
45700,0.826252
45701,0.499356
45702,0.688538
45703,0.230150
45704,0.343519
45705,0.293295
45707,0.282762
45708,0.259939
45709,0.687926
45710,0.492300
45711,0.866564
45712,0.087513
45713,0.989689
45714,0.890698
45716,0.070079
45717,0.232305
45718,0.245305
45719,0.732094
45720,0.850163
45721,0.740016
45722,0.309251
45723,0.651614
45724,0.326552
45725,0.902953
45726,0.564379
45727,0.349308
45728,0.762961
45729,0.454655
45730,0.933343
45731,0.754017
45732,0.518689
45733,0.241283
45734,0.365330
45736,0.876275
45737,0.520034
45738,0.812318
45740,0.243639
45741,0.869330
45742,0.914665
45743,0.970433
45744,0.913487
45745,0.379542
45746,0.651481
45747,0.420354
45748,0.754295
45749,0.469055
45751,0.235727
45752,0.519200
45753,0.883742
45754,0.718283
45755,0.881864
45756,0.763873
45757,0.403576
45758,0.495178
45759,0.204282
45760,0.241239
45761,0.952277
45762,0.425509
45763,0.688471
45764,0.263617
45765,0.571402
45766,0.498289
45767,0.795640
45768,0.237494
45769,0.227605
45770,0.347663
45771,0.960410
45772,0.923976
45774,0.349274
45776,0.624869
45777,0.037901
45779,0.655403
45780,0.952077
45781,0.403542
45782,0.135614
45783,0.390086
45786,0.471577
45787,0.101669
45788,0.170237
45789,0.736272
45790,0.370708
45791,0.633636
45792,0.249239
45793,0.768473
45794,0.812162
45795,0.441599
45796,0.217949
45797,0.829330
45798,0.568724
45799,0.172848
45800,0.156181
45801,0.891353
45802,0.260361
45804,0.307562
45805,0.478388
45806,0.939099
45807,0.832430
45808,0.153281
45809,0.839663
45810,0.636192
45811,0.523478
45812,0.493444
45813,0.726083
45814,0.836507
45815,0.243750
45816,0.509822
45817,0.478766
45818,0.044979
45819,0.709216
45821,0.352486
45823,0.456266
45824,0.680360
45825,0.874753
45826,0.436787
45827,0.837263
45828,0.293629
45829,0.793251
45830,0.069035
45831,0.184504
45832,0.252272
45834,0.803362
45835,0.663437
45836,0.843430
45837,0.929487
45838,0.189082
45839,0.905231
45840,0.550946
45841,0.655048
45842,0.275228
45843,0.405398
45844,0.345319
45847,0.943221
45848,0.735616
45849,0.157059
45850,0.105991
45851,0.522300
45852,0.089435
45853,0.279817
45854,0.839441
45855,0.710527
45856,0.179682
45857,0.788573
45858,0.438465
45859,0.289173
45860,0.738894
45861,0.371630
45862,0.813351
45863,0.236461
45867,0.718216
45868,0.858808
45869,0.638770
45870,0.378020
45871,0.499044
45872,0.280840
45873,0.532423
45874,0.284717
45876,0.539023
45877,0.331352
45878,0.203938
45879,0.814807
45880,0.489533
45881,0.954132
45882,0.806762
45883,0.544401
45884,0.345185
45885,0.242994
45886,0.044968
45887,0.574257
45888,0.206216
45891,0.562857
45892,0.553001
45893,0.455210
45894,0.247217
45895,0.088369
45896,0.287140
45897,0.668593
45898,0.983655
45899,0.217894
45900,0.499544
45902,0.786617
45903,0.833107
45904,0.126569
45905,0.673559
45906,0.854941
45907,0.190593
45908,0.506911
45909,0.284017
45910,0.771728
45912,0.103169
45913,0.648037
45914,0.380575
45915,0.608925
45916,0.508134
45917,0.251606
45918,0.183871
45919,0.299473
45920,0.813485
45921,0.946899
45922,0.654448
45923,0.386664
45924,0.108602
45925,0.419132
45926,0.833107
45927,0.196260
45928,0.657559
45929,0.945410
45931,0.679060
45932,0.308518
45933,0.507333
45934,0.170559
45935,0.789540
45936,0.846485
45937,0.241261
45939,0.228905
45940,0.550679
45941,0.655081
45942,0.655581
45944,0.351463
45945,0.318396
45946,0.255917
45947,0.721283
45948,0.843674
45950,0.862653
45951,0.761750
45952,0.565257
45953,0.800429
45954,0.227972
45955,0.720960
45956,0.144637
45957,0.173237
45958,0.318129
45959,0.303473
45960,0.900398
45962,0.607258
45963,0.283473
45964,0.343119
45965,0.112291
45966,0.099947
45967,0.126581
45968,0.684593
45969,0.330096
45970,0.409698
45971,0.711071
45972,0.134014
45973,0.693815
45974,0.262250
45975,0.888286
45977,0.315740
45978,0.452621
45979,0.808174
45981,0.770762
45983,0.466366
45984,0.752206
45985,0.302362
45986,0.292873
45987,0.887875
45988,0.529178
45989,0.772928
45990,0.064368
45991,0.935332
45992,0.867153
45993,0.247894
45994,0.224961
45995,0.255883
45996,0.898009
45997,0.305451
45998,0.809962
45999,0.178993
46000,0.977666
46001,0.727294
46002,0.582869
46003,0.187560
46004,0.831663
46006,0.227461
46007,0.484577
46008,0.369242
46009,0.284984
46010,0.705927
46012,0.175571
46013,0.243361
46014,0.042034
46015,0.505833
46016,0.556346
46017,0.851619
46018,0.092424
46019,0.782173
46020,0.247728
46022,0.179615
46023,0.404653
46024,0.197904
46025,0.801173
46027,0.763195
46028,0.197571
46029,0.900964
46030,0.795973
46031,0.115903
46032,0.294073
46033,0.120914
46034,0.258184
46035,0.672715
46036,0.514967
46037,0.326863
46038,0.833652
46039,0.453143
46040,0.692249
46041,0.862553
46042,0.799629
46044,0.863186
46045,0.529101
46047,0.573113
46048,0.929710
46049,0.848686
46050,0.330141
46051,0.772106
46052,0.198171
46053,0.205649
46054,0.169493
46056,0.622592
46057,0.664537
46059,0.650426
46060,0.758017
46061,0.949877
46062,0.504100
46063,0.638348
46064,0.754028
46065,0.622269
46066,0.842119
46067,0.211482
46068,0.362997
46069,0.870142
46070,0.987411
46071,0.430487
46072,0.335219
46073,0.759139
46074,0.540301
46076,0.158259
46079,0.325974
46080,0.404065
46081,0.130781
46082,0.196993
46083,0.760450
46084,0.544468
46085,0.792629
46086,0.675137
46087,0.641481
46088,0.104825
46089,0.726738
46090,0.135659
46091,0.998200
46092,0.208082
46093,0.264239
46094,0.741172
46095,0.220605
46097,0.337685
46098,0.158804
46099,0.410320
46100,0.180371
46101,0.225205
46102,0.262806
46103,0.095513
46104,0.932443
46106,0.671104
46107,0.586224
46108,0.701549
46109,0.556712
46110,0.247272
46111,0.181871
46112,0.439254
46113,0.134659
46114,0.346063
46115,0.794773
46117,0.284873
46118,0.617225
46119,0.719794
46120,0.047168
46121,0.428865
46122,0.750450
46123,0.677048
46124,0.825618
46125,0.090669
46126,0.741594
46127,0.771717
46128,0.427387
46129,0.864930
46130,0.507067
46131,0.073068
46132,0.090702
46133,0.181348
46134,0.349563
46135,0.746139
46136,0.618203
46137,0.105325
46138,0.067757
46140,0.483277
46141,0.769495
46142,0.170426
46143,0.163826
46144,0.760439
46145,0.896453
46146,0.590458
46147,0.793907
46148,0.817807
46150,0.635447
46151,0.212838
46152,0.238916
46153,0.183271
46155,0.151659
46156,0.455877
46158,0.118358
46159,0.286073
46160,0.230572
46161,0.325696
46162,0.943110
46163,0.721127
46164,0.622047
46165,0.203382
46166,0.189626
46167,0.871364
46168,0.298984
46169,0.639248
46170,0.943665
46171,0.368019
46172,0.204271
46173,0.404776
46174,0.440565
46175,0.152281
46176,0.829618
46177,0.395598
46178,0.682626
46179,0.045290
46180,0.851097
46181,0.348486
46182,0.795518
46183,0.364164
46184,0.345697
46185,0.225383
46186,0.728550
46187,0.339530
46188,0.800040
46190,0.889664
46191,0.157737
46192,0.057112
46193,0.254095
46194,0.451477
46195,0.916654
46196,0.175548
46197,0.197693
46198,0.438321
46199,0.555290
46200,0.658781
46201,0.927032
46202,0.976444
46203,0.298973
46204,0.198016
46205,0.210727
46206,0.222538
46207,0.738361
46208,0.721483
46209,0.638325
46210,0.132025
46211,0.156215
46212,0.188082
46213,0.914843
46214,0.704793
46215,0.212871
46216,0.176682
46217,0.386309
46218,0.951266
46219,0.436032
46220,0.091869
46221,0.292940
46222,0.786551
46223,0.795251
46225,0.223005
46226,0.619014
46227,0.309096
46228,0.299684
46229,0.416743
46230,0.368586
46231,0.482300
46232,0.753572
46233,0.306407
46234,0.661381
46235,0.102391
46236,0.547157
46239,0.862886
46240,0.287551
46241,0.779017
46242,0.102491
46243,0.669237
46244,0.268306
46245,0.787051
46246,0.324318
46247,0.604125
46248,0.703871
46249,0.368497
46250,0.684682
46251,0.536801
46252,0.627981
46253,0.625958
46254,0.072568
46255,0.544557
46256,0.767495
46257,0.705871
46258,0.385231
46259,0.929221
46260,0.290184
46262,0.717138
46264,0.746072
46265,0.419965
46266,0.901742
46267,0.515845
46268,0.898464
46270,0.812818
46271,0.946821
46272,0.123247
46274,0.539156
46275,0.401231
46276,0.814785
46277,0.479166
46278,0.212705
46279,0.756661
46280,0.671759
46281,0.332807
46282,0.102424
46283,0.311174
46284,0.506100
46285,0.839696
46286,0.631247
46288,0.914976
46289,0.934376
46290,0.505045
46291,0.502111
46292,0.988222
46293,0.305862
46294,0.159470
46295,0.186493
46296,0.555379
46297,0.238272
46298,0.424309
46299,0.480622
46300,0.866986
46301,0.210382
46302,0.702116
46303,0.922876
46304,0.303107
46305,0.269006
46306,0.174748
46307,0.319263
46308,0.619414
46309,0.189971
46310,0.530478
46311,0.293451
46312,0.082869
46313,0.060257
46314,0.289551
46315,0.862541
46316,0.189304
46317,0.155870
46318,0.498800
46320,0.881331
46321,0.586757
46322,0.467166
46323,0.857708
46324,0.400264
46325,0.425443
46326,0.058212
46327,0.284551
46328,0.802940
46329,0.498844
46330,0.216083
46331,0.739428
46333,0.105813
46334,0.632659
46335,0.580113
46336,0.805173
46337,0.100402
46338,0.803462
46339,0.522378
46340,0.190893
46341,0.697904
46342,0.962866
46343,0.338163
46345,0.670526
46346,0.395564
46347,0.595435
46348,0.875319
46349,0.567157
46350,0.407509
46351,0.475433
46352,0.930632
46353,0.818652
46355,0.336696
46356,0.443043
46357,0.393487
46358,0.161970
46359,0.238283
46360,0.736261
46361,0.815896
46363,0.807818
46364,0.325718
46365,0.278617
46366,0.014967
46368,0.831918
46369,0.709216
46370,0.210627
46374,0.671426
46375,0.875419
46376,0.600880
46377,0.862919
46378,0.356619
46379,0.271984
46380,0.314163
46381,0.148126
46382,0.177982
46383,0.716783
46384,0.117136
46386,0.408242
46387,0.821552
46388,0.291629
46389,0.349752
46390,0.346230
46392,0.118936
46393,0.277173
46394,0.497378
46395,0.780140
46396,0.579657
46397,0.451477
46398,0.934999
46400,0.598602
46401,0.217549
46403,0.953221
46404,0.288873
46405,0.885864
46406,0.152781
46407,0.840419
46408,0.232450
46409,0.796073
46410,0.966577
46411,0.624869
46412,0.321807
46413,0.926776
46414,0.854552
46415,0.742161
46416,0.198460
46417,0.486433
46418,0.271628
46419,0.146581
46420,0.057123
46421,0.780606
46422,0.415154
46423,0.853886
46424,0.279928
46426,0.658448
46427,0.273962
46428,0.597702
46429,0.342430
46430,0.430610
46431,0.140470
46432,0.916243
46433,0.462788
46434,0.487833
46435,0.097724
46436,0.514167
46437,0.411298
46438,0.624981
46440,0.239239
46441,0.505478
46442,0.223505
46443,0.424165
46446,0.470755
46447,0.927565
46449,0.547423
46450,0.252239
46451,0.916276
46452,0.768339
46453,0.329796
46455,0.286573
46456,0.270450
46457,0.213616
46458,0.282751
46459,0.757417
46460,0.530245
46461,0.279073
46462,0.217016
46463,0.310407
46464,0.105058
46466,0.764784
46467,0.627425
46468,0.572290
46469,0.834196
46470,0.725927
46471,0.717694
46472,0.921798
46473,0.063424
46474,0.334852
46475,0.641825
46476,0.130958
46477,0.431832
46478,0.823885
46479,0.490266
46480,0.079613
46482,0.292529
46483,0.227094
46484,0.066990
46485,0.436965
46486,0.292495
46487,0.462455
46488,0.912442
46490,0.754461
46491,0.123158
46492,0.213305
46493,0.638892
46495,0.328141
46496,0.658704
46497,0.647626
46498,0.720305
46499,0.620814
46500,0.473811
46501,0.296195
46502,0.522989
46503,0.628781
46504,0.375342
46505,0.177104
46506,0.721094
46507,0.832607
46510,0.592035
46511,0.534212
46512,0.843608
46513,0.430321
46514,0.277273
46515,0.244872
46516,0.347041
46517,0.575079
46518,0.211616
46519,0.408198
46520,0.376886
46521,0.908009
46522,0.267606
46523,0.067979
46524,0.944365
46525,0.305651
46526,0.874053
46527,0.075824
46528,0.846463
46529,0.689826
46530,0.107558
46531,0.307329
46532,0.335563
46533,0.883409
46534,0.680071
46535,0.861675
46536,0.470966
46537,0.308796
46538,0.972855
46539,0.857686
46540,0.294507
46542,0.530290
46543,0.497444
46544,0.286362
46546,0.557279
46547,0.786173
46548,0.056601
46549,0.796818
46550,0.242472
46551,0.334074
46552,0.727794
46553,0.531801
46554,0.725572
46555,0.318118
46556,0.258728
46557,0.188382
46558,0.665581
46559,0.308785
46560,0.430387
46561,0.434999
46562,0.863619
46563,0.089502
46564,0.504522
46565,0.960655
46566,0.323163
46567,0.512167
46568,0.894342
46569,0.819052
46570,0.669415
46572,0.690782
46573,0.223894
46574,0.181682
46575,0.978133
46577,0.778440
46579,0.381431
46580,0.890175
46581,0.896620
46582,0.349874
46584,0.879420
46585,0.752306
46586,0.845641
46587,0.382308
46588,0.392409
46589,0.809362
46591,0.476433
46592,0.316707
46593,0.466455
46594,0.754139
46595,0.134181
46596,0.597180
46597,0.829152
46598,0.168682
46599,0.428932
46600,0.817085
46601,0.825952
46602,0.181282
46605,0.480444
46606,0.290951
46607,0.117547
46608,0.658581
46609,0.501989
46610,0.878164
46611,0.920732
46612,0.245228
46613,0.348752
46614,0.685771
46615,0.282251
46616,0.125281
46617,0.838630
46618,0.426032
46621,0.760417
46622,0.748350
46623,0.443821
46624,0.243105
46626,0.851219
46627,0.679326
46628,0.670793
46629,0.358897
46630,0.975522
46631,0.463488
46632,0.414231
46633,0.956788
46634,0.761939
46635,0.917398
46636,0.881186
46637,0.124558
46638,0.347908
46639,0.294207
46640,0.253772
46641,0.305640
46642,0.543901
46643,0.725438
46644,0.848208
46645,0.835630
46646,0.571024
46647,0.101091
46648,0.435999
46649,0.299662
46650,0.742817
46651,0.868253
46652,0.965688
46653,0.171704
46654,0.377708
46655,0.549646
46657,0.853419
46658,0.843541
46659,0.213060
46660,0.671493
46661,0.412109
46662,0.504400
46663,0.680371
46664,0.566601
46665,0.972399
46666,0.584813
46667,0.263695
46668,0.245139
46669,0.836530
46670,0.044434
46672,0.336385
46673,0.653615
46675,0.673548
46676,0.296229
46677,0.708327
46678,0.765606
46680,0.826841
46681,0.144681
46682,0.653803
46683,0.090724
46684,0.234783
46685,0.336207
46686,0.312285
46687,0.950821
46688,0.498011
46689,0.940110
46690,0.682982
46691,0.264628
46692,0.426509
46693,0.876464
46694,0.352374
46695,0.627092
46696,0.249194
46697,0.575113
46698,0.776784
46699,0.866364
46701,0.370175
46702,0.318596
46703,0.474533
46704,0.499267
46706,0.651514
46707,0.728438
46708,0.786473
46709,0.668482
46710,0.208449
46711,0.922687
46712,0.570535
46713,0.766761
46714,0.266984
46715,0.560757
46716,0.251850
46717,0.848152
46718,0.247794
46720,0.688615
46721,0.382086
46722,0.830385
46723,0.930454
46724,0.112402
46725,0.155781
46726,0.904709
46727,0.190449
46728,0.253350
46729,0.544445
46730,0.370119
46731,0.390209
46732,0.505445
46733,0.888453
46734,0.701916
46735,0.232250
46736,0.640103
46737,0.366864
46738,0.223205
46739,0.214871
46740,0.134203
46741,0.398242
46742,0.197038
46743,0.192204
46744,0.596358
46745,0.273517
46746,0.813274
46747,0.209138
46748,0.210194
46749,0.262995
46750,0.203038
46751,0.748550
46752,0.258228
46753,0.367864
46755,0.130714
46757,0.457266
46758,0.243917
46760,0.148881
46761,0.208382
46762,0.415376
46763,0.912065
46764,0.027401
46765,0.821607
46766,0.376419
46767,0.125781
46768,0.397720
46769,0.551546
46770,0.164470
46771,0.139225
46772,0.352797
46773,0.277895
46774,0.158648
46775,0.257684
46776,0.505367
46777,0.276739
46778,0.696060
46779,0.480622
46780,0.860619
46781,0.293029
46782,0.259339
46783,0.238228
46784,0.326363
46785,0.083946
46786,0.793673
46788,0.420232
46789,0.819918
46790,0.501878
46791,0.381042
46792,0.247750
46793,0.543290
46794,0.221049
46795,0.026089
46796,0.803585
46797,0.558112
46799,0.644681
46800,0.312663
46801,0.679048
46804,0.309418
46805,0.766228
46806,0.095991
46807,0.901987
46809,0.490544
46810,0.712560
46811,0.640592
46814,0.509267
46815,0.685293
46816,0.366330
46817,0.663059
46820,0.221983
46822,0.293707
46824,0.638681
46825,0.628503
46826,0.503011
46827,0.773284
46828,0.322485
46829,0.459044
46832,0.953010
46833,0.407376
46834,0.278128
46835,0.194527
46836,0.236961
46837,0.792518
46838,0.813585
46839,0.116525
46840,0.639759
46841,0.234872
46842,0.191204
46843,0.894342
46844,0.271250
46845,0.592435
46846,0.935154
46847,0.578124
46848,0.126858
46849,0.483489
46851,0.771206
46853,0.889186
46854,0.193782
46855,0.639336
46856,0.787351
46857,0.379131
46858,0.290073
46859,0.344430
46860,0.886453
46861,0.930232
46862,0.361875
46863,0.205493
46864,0.779862
46865,0.762873
46866,0.423543
46867,0.440576
46868,0.107580
46869,0.558724
46870,0.379364
46871,0.772450
46873,0.263717
46874,0.830018
46875,0.376375
46876,0.806207
46877,0.781106
46879,0.140014
46880,0.693549
46881,0.965021
46882,0.267606
46883,0.390442
46884,0.181071
46887,0.327596
46888,0.246572
46889,0.351019
46890,0.756139
46891,0.230038
46892,0.925887
46894,0.689449
46896,0.419754
46897,0.119436
46898,0.177560
46899,0.915276
46900,0.242139
46901,0.263717
46902,0.995289
46903,0.937010
46904,0.369564
46905,0.188626
46906,0.809385
46907,0.935887
46908,0.272273
46909,0.208894
46910,0.086735
46911,0.160548
46912,0.553735
46913,0.159359
46914,0.211482
46915,0.284329
46916,0.261906
46917,0.167037
46918,0.317552
46919,0.921587
46920,0.897387
46921,0.236872
46922,0.283140
46923,0.665904
46924,0.827930
46925,0.572591
46926,0.212382
46927,0.701149
46928,0.771217
46929,0.542912
46930,0.705060
46931,0.415098
46932,0.619525
46933,0.413531
46934,0.672037
46935,0.578246
46936,0.003189
46937,0.168215
46938,0.206771
46939,0.744405
46940,0.748728
46941,0.098980
46942,0.856541
46943,0.634914
46944,0.304618
46945,0.884797
46946,0.152359
46947,0.734572
46948,0.789473
46949,0.961566
46951,0.845641
46953,0.101024
46954,0.126125
46955,0.186760
46956,0.359564
46957,0.759984
46958,0.119003
46959,0.292451
46960,0.433410
46961,0.284117
46962,0.530023
46964,0.941243
46965,0.515600
46967,0.437732
46969,0.417054
46970,0.822285
46971,0.446021
46972,0.493467
46973,0.615614
46974,0.823363
46975,0.975444
46976,0.830585
46977,0.173371
46978,0.177937
46979,0.825063
46980,0.293395
46981,0.319663
46982,0.227961
46984,0.191204
46985,0.400098
46986,0.639814
46988,0.309351
46989,0.913365
46990,0.642259
46991,0.717583
46993,0.221260
46994,0.713194
46996,0.296307
46997,0.662848
46998,0.439299
46999,0.327107
47000,0.109491
47001,0.732361
47002,0.874575
47003,0.190160
47004,0.162092
47005,0.756839
47006,0.405887
47007,0.293307
47008,0.344608
47009,0.679826
47010,0.279395
47011,0.482122
47014,0.279951
47015,0.462355
47016,0.576135
47017,0.654892
47018,0.563735
47019,0.942165
47020,0.172293
47021,0.717471
47022,0.279940
47023,0.295729
47024,0.320574
47025,0.928332
47026,0.316585
47027,0.219438
47028,0.900653
47029,0.789084
47030,0.231083
47031,0.350997
47032,0.216083
47033,0.233827
47034,0.674193
47035,0.417787
47036,0.463633
47037,0.536467
47038,0.825863
47039,0.221338
47041,0.165537
47042,0.062446
47043,0.807407
47044,0.239916
47045,0.482222
47047,0.462221
47049,0.804140
47050,0.644192
47051,0.248794
47052,0.169470
47053,0.552368
47055,0.950943
47056,0.827263
47059,0.617636
47060,0.265939
47061,0.109258
47062,0.661081
47063,0.764984
47064,0.550423
47065,0.295595
47066,0.723549
47067,0.276273
47068,0.210449
47069,0.337130
47070,0.635470
47071,0.451710
47072,0.727138
47073,0.739828
47074,0.741828
47075,0.640270
47076,0.460532
47077,0.129392
47078,0.653992
47080,0.235950
47081,0.695749
47082,0.057401
47083,0.504245
47084,0.751961
47085,0.599713
47086,0.166093
47087,0.199682
47088,0.799751
47089,0.245728
47090,0.945021
47091,0.669426
47092,0.414054
47093,0.058801
47094,0.474166
47096,0.688071
47097,0.086657
47098,0.432810
47099,0.286284
47100,0.664104
47101,0.597780
47102,0.224061
47103,0.587991
47104,0.139081
47105,0.122392
47106,0.165159
47107,0.132325
47108,0.413476
47109,0.894531
47110,0.686226
47111,0.599458
47112,0.732450
47113,0.268484
47115,0.369730
47116,0.232639
47117,0.882653
47118,0.196071
47120,0.736783
47121,0.716938
47122,0.750750
47123,0.388909
47125,0.272317
47126,0.785217
47127,0.206505
47128,0.699082
47129,0.257495
47131,0.676459
47132,0.371653
47133,0.829630
47134,0.223572
47135,0.825952
47137,0.240716
47138,0.638770
47140,0.413954
47141,0.332652
47143,0.025589
47144,0.137136
47145,0.354241
47146,0.879664
47147,0.849852
47148,0.538879
47149,0.472677
47150,0.751639
47151,0.785440
47152,0.904187
47153,0.056046
47154,0.161192
47155,0.130670
47156,0.939976
47157,0.872153
47158,0.281151
47159,0.288340
47160,0.224672
47161,0.290351
47162,0.219205
47163,0.102925
47164,0.755917
47165,0.812851
47166,0.671126
47167,0.281440
47168,0.169448
47169,0.847363
47170,0.428598
47171,0.028245
47173,0.910187
47174,0.558235
47175,0.283929
47176,0.789973
47177,0.703038
47178,0.781773
47180,0.034056
47181,0.089758
47182,0.412931
47183,0.318585
47184,0.813451
47185,0.763528
47186,0.130692
47187,0.362597
47188,0.882486
47189,0.307785
47190,0.668826
47192,0.322296
47193,0.281540
47194,0.452099
47195,0.771839
47198,0.593058
47199,0.779328
47200,0.460588
47201,0.240494
47202,0.420487
47203,0.438410
47204,0.445132
47206,0.297462
47207,0.285629
47209,0.187993
47210,0.827318
47211,0.980611
47212,0.157981
47213,0.118636
47214,0.483833
47215,0.966677
47216,0.914520
47217,0.699827
47218,0.282640
47219,0.178537
47220,0.245217
47221,0.665470
47224,0.272462
47225,0.716238
47226,0.854708
47227,0.010056
47228,0.902787
47229,0.608136
47230,0.580946
47231,0.392198
47232,0.628370
47233,0.250783
47234,0.442421
47235,0.437543
47236,0.100236
47237,0.660815
47238,0.485644
47239,0.262728
47240,0.628158
47241,0.845030
47242,0.382742
47244,0.893753
47245,0.082035
47246,0.304318
47247,0.893187
47248,0.882931
47249,0.342630
47250,0.223616
47251,0.107136
47252,0.474577
47253,0.968866
47254,0.284995
47255,0.890075
47256,0.698004
47257,0.120803
47258,0.462666
47259,0.825985
47260,0.100291
47261,0.568090
47262,0.113225
47263,0.100769
47264,0.786306
47265,0.899287
47266,0.684771
47268,0.359164
47269,0.447032
47270,0.293040
47271,0.550368
47272,0.331341
47273,0.208105
47275,0.881531
47276,0.647403
47277,0.391709
47278,0.876231
47279,0.764884
47280,0.281506
47281,0.724316
47283,0.822363
47284,0.763884
47285,0.378053
47286,0.304273
47287,0.846363
47290,0.416220
47291,0.111391
47292,0.516011
47293,0.447343
47294,0.103013
47295,0.266128
47296,0.427232
47297,0.887620
47298,0.559301
47299,0.909798
47300,0.606147
47301,0.879297
47302,0.804418
47304,0.062190
47305,0.827207
47306,0.621380
47307,0.143537
47308,0.850752
47309,0.525245
47310,0.286629
47311,0.584580
47312,0.313085
47313,0.338041
47315,0.365930
47316,0.803173
47317,0.265706
47319,0.477133
47322,0.671637
47324,0.372464
47325,0.504333
47326,0.849763
47327,0.612125
47328,0.659615
47329,0.308296
47331,0.202971
47332,0.320829
47333,0.796584
47334,0.768417
47335,0.257784
47336,0.069924
47338,0.819896
47339,0.965777
47340,0.351741
47341,0.891242
47342,0.900931
47343,0.437832
47344,0.801962
47345,0.250506
47346,0.788718
47347,0.177515
47349,0.315574
47350,0.150503
47351,0.944443
47352,0.275873
47353,0.530378
47354,0.594002
47355,0.718560
47356,0.041801
47357,0.151448
47358,0.285206
47359,0.714505
47360,0.140214
47361,0.431287
47362,0.814829
47363,0.870742
47364,0.590802
47365,0.300984
47366,0.419309
47367,0.431632
47368,0.039756
47369,0.719349
47370,0.549912
47372,0.298396
47373,0.794407
47374,0.752361
47375,0.234561
47376,0.778873
47377,0.264817
47378,0.292973
47379,0.093102
47380,0.742005
47381,0.840863
47382,0.351841
47383,0.328485
47384,0.741183
47385,0.726494
47386,0.789573
47387,0.357664
47388,0.253817
47389,0.079913
47390,0.217283
47391,0.258517
47392,0.892798
47393,0.255506
47394,0.467466
47396,0.178404
47397,0.444410
47399,0.788340
47400,0.086202
47401,0.856686
47402,0.066490
47403,0.658426
47404,0.361175
47405,0.352819
47406,0.632581
47407,0.286229
47408,0.737661
47409,0.049357
47411,0.306929
47414,0.015934
47415,0.505067
47416,0.618580
47417,0.562679
47418,0.929454
47419,0.390509
47420,0.528201
47422,0.448588
47423,0.723527
47424,0.745350
47425,0.113914
47427,0.286251
47428,0.840574
47429,0.293595
47430,0.283329
47431,0.085891
47432,0.620158
47433,0.721872
47435,0.932287
47437,0.325485
47438,0.359797
47439,0.604669
47440,0.258250
47441,0.721827
47442,0.342163
47444,0.953466
47445,0.084902
47447,0.753917
47448,0.768262
47449,0.892164
47450,0.131625
47451,0.137392
47452,0.877308
47453,0.208249
47454,0.764095
47455,0.838374
47456,0.349852
47457,0.278028
47458,0.397053
47459,0.098813
47460,0.085413
47461,0.315963
47462,0.824418
47463,0.829385
47464,0.209960
47465,0.629081
47466,0.224127
47467,0.312174
47468,0.843519
47469,0.845330
47470,0.306162
47471,0.759050
47472,0.586324
47473,0.712527
47474,0.735072
47475,0.665815
47476,0.179982
47477,0.399276
47478,0.663659
47479,0.367797
47480,0.225861
47481,0.689738
47482,0.663615
47483,0.165048
47484,0.739028
47485,0.917098
47486,0.820763
47487,0.855575
47489,0.510867
47490,0.917387
47491,0.668282
47492,0.843952
47493,0.360797
47494,0.197282
47496,0.714338
47497,0.711171
47498,0.260450
47499,0.106013
47500,0.691126
47501,0.811162
47502,0.711871
47503,0.507578
47504,0.478233
47505,0.215205
47506,0.835685
47507,0.497489
47508,0.846330
47509,0.947532
47510,0.784906
47511,0.248350
47512,0.187226
47513,0.245261
47514,0.554912
47515,0.074746
47516,0.244139
47517,0.591658
47518,0.227683
47519,0.210638
47520,0.800596
47521,0.438676
47522,0.425232
47523,0.820329
47524,0.255528
47525,0.464077
47526,0.817129
47527,0.155615
47528,0.779773
47529,0.295984
47531,0.781284
47532,0.908654
47533,0.791395
47534,0.671315
47535,0.862197
47536,0.261617
47537,0.748617
47538,0.174626
47539,0.800251
47540,0.702793
47541,0.292818
47542,0.955977
47543,0.159070
47544,0.725261
47545,0.441810
47546,0.318963
47547,0.309762
47548,0.077479
47549,0.339741
47550,0.170359
47551,0.581224
47552,0.185726
47553,0.455655
47554,0.646503
47555,0.443810
47556,0.420220
47557,0.647603
47558,0.272739
47559,0.548523
47560,0.162648
47561,0.072235
47562,0.342897
47563,0.905365
47564,0.326885
47565,0.679448
47566,0.216394
47567,0.336152
47568,0.191471
47569,0.249672
47570,0.590758
47571,0.913020
47572,0.327007
47573,0.314340
47574,0.440910
47575,0.306829
47576,0.261484
47577,0.324018
47578,0.315029
47579,0.895764
47580,0.323385
47581,0.037945
47582,0.927721
47583,0.917165
47584,0.614714
47585,0.164993
47586,0.918809
47588,0.263550
47589,0.343863
47590,0.666526
47591,0.737816
47592,0.553601
47593,0.211782
47594,0.226994
47595,0.304829
47596,0.185326
47597,0.162881
47598,0.845985
47599,0.286895
47601,0.432032
47602,0.350386
47603,0.897075
47604,0.486622
47606,0.358975
47607,0.194393
47608,0.055490
47610,0.247061
47611,0.311929
47612,0.238228
47613,0.606113
47614,0.526167
47615,0.179760
47616,0.294362
47617,0.265150
47618,0.925254
47619,0.675259
47620,0.143770
47622,0.823552
47623,0.355608
47624,0.629503
47625,0.445088
47626,0.300207
47627,0.319285
47628,0.227961
47629,0.735672
47630,0.114891
47631,0.528501
47632,0.349874
47633,0.176915
47634,0.737394
47635,0.075735
47636,0.638870
47637,0.328763
47638,0.175515
47639,0.384875
47640,0.336430
47641,0.623892
47642,0.355919
47643,0.668737
47644,0.674759
47645,0.422443
47646,0.495578
47647,0.420709
47649,0.838163
47650,0.902765
47651,0.176648
47652,0.432187
47653,0.342130
47655,0.088658
47656,0.300584
47657,0.293762
47658,0.048179
47659,0.666581
47660,0.850830
47661,0.359652
47662,0.214283
47664,0.631158
47665,0.258550
47666,0.779940
47668,0.736994
47669,0.413387
47670,0.711616
47671,0.442999
47672,0.668126
47673,0.657137
47674,0.745817
47675,0.050979
47676,0.047101
47677,0.258550
47678,0.422721
47679,0.136459
47680,0.371730
47681,0.553112
47683,0.435254
47684,0.527012
47685,0.808896
47686,0.582924
47687,0.293729
47688,0.802696
47689,0.079402
47690,0.739750
47691,0.088413
47692,0.566190
47693,0.832096
47694,0.857130
47696,0.717594
47697,0.358319
47698,0.912743
47700,0.499378
47701,0.247672
47702,0.274573
47703,0.790040
47704,0.148459
47705,0.726683
47706,0.308096
47707,0.895453
47709,0.753606
47711,0.229238
47712,0.476666
47713,0.486344
47714,0.284762
47715,0.370875
47716,0.222527
47717,0.841830
47719,0.066268
47720,0.277151
47721,0.418198
47722,0.464477
47723,0.504133
47724,0.841952
47725,0.738461
47726,0.711338
47727,0.790606
47728,0.851786
47729,0.613191
47730,0.146203
47731,0.036612
47732,0.789062
47733,0.758295
47734,0.742594
47735,0.704705
47736,0.524578
47737,0.261950
47738,0.169937
47739,0.871097
47740,0.097647
47741,0.894164
47743,0.293173
47744,0.045501
47745,0.852274
47747,0.932354
47748,0.443610
47749,0.853497
47750,0.132781
47751,0.678260
47752,0.760528
47753,0.612369
47754,0.111958
47755,0.682637
47756,0.693260
47757,0.906253
47758,0.253283
47759,0.808351
47760,0.561879
47761,0.147792
47762,0.786940
47763,0.351163
47764,0.848563
47765,0.151937
47766,0.234039
47767,0.373819
47768,0.549179
47769,0.809629
47770,0.139781
47771,0.878375
47772,0.223083
47774,0.232161
47775,0.682826
47777,0.327463
47778,0.416409
47779,0.313663
47780,0.766684
47781,0.651226
47782,0.543434
47783,0.958321
47784,0.925509
47785,0.413376
47786,0.833385
47787,0.742283
47789,0.807473
47790,0.307951
47791,0.246728
47792,0.529601
47793,0.924676
47794,0.234983
47796,0.405987
47798,0.118525
47799,0.597258
47800,0.408709
47801,0.707827
47802,0.905820
47803,0.126981
47804,0.091180
47805,0.673526
47806,0.739950
47807,0.173471
47808,0.785929
47809,0.728483
47810,0.243105
47811,0.418120
47812,0.620114
47813,0.811818
47814,0.820907
47815,0.102058
47816,0.923965
47817,0.407565
47818,0.407187
47819,0.615614
47820,0.700904
47821,0.970988
47822,0.862575
47823,0.919832
47824,0.325974
47825,0.738294
47827,0.270928
47828,0.263884
47829,0.191904
47830,0.914876
47831,0.225372
47832,0.249450
47833,0.650637
47834,0.835930
47835,0.516300
47836,0.528512
47837,0.365530
47838,0.219383
47840,0.384009
47841,0.856830
47842,0.486777
47843,0.115291
47844,0.331796
47845,0.437254
47846,0.293195
47847,0.556123
47848,0.898309
47849,0.542579
47851,0.516478
47852,0.272595
47853,0.898064
47854,0.096335
47855,0.673682
47856,0.287206
47857,0.329985
47859,0.845885
47860,0.541245
47861,0.681571
47862,0.522412
47863,0.522356
47864,0.763528
47866,0.361408
47867,0.172937
47869,0.109080
47870,0.503389
47871,0.010334
47872,0.061490
47873,0.221394
47874,0.787906
47875,0.800029
47876,0.858864
47877,0.176304
47878,0.370719
47879,0.736961
47881,0.887275
47882,0.294495
47883,0.799007
47884,0.487111
47886,0.089969
47887,0.348130
47888,0.563813
47889,0.651503
47890,0.883509
47891,0.309929
47892,0.585402
47893,0.704593
47894,0.728094
47895,0.812107
47898,0.090202
47899,0.454955
47900,0.801996
47901,0.765639
47902,0.439843
47903,0.902720
47904,0.089413
47905,0.802240
47906,0.071924
47907,0.703916
47908,0.810529
47909,0.900420
47910,0.786340
47912,0.141281
47913,0.798540
47914,0.525223
47915,0.508034
47916,0.614869
47917,0.802318
47918,0.289284
47919,0.308040
47920,0.117514
47921,0.521112
47922,0.837552
47923,0.589035
47924,0.304762
47925,0.085846
47926,0.717427
47928,0.881275
47929,0.291662
47930,0.352508
47931,0.022745
47932,0.258950
47933,0.836919
47934,0.719638
47935,0.121925
47936,0.695960
47937,0.782262
47938,0.478511
47939,0.273617
47940,0.945321
47942,0.786140
47943,0.800718
47944,0.240483
47947,0.321085
47948,0.308751
47949,0.758717
47950,0.674393
47951,0.806473
47952,0.309496
47953,0.134025
47955,0.716083
47956,0.411642
47957,0.115280
47958,0.897009
47959,0.284017
47960,0.889209
47961,0.813029
47962,0.563190
47963,0.219183
47964,0.418454
47965,0.209905
47967,0.716416
47968,0.193638
47969,0.842352
47970,0.757228
47971,0.287473
47972,0.925432
47973,0.640625
47974,0.128103
47975,0.823741
47976,0.879408
47978,0.937065
47979,0.230138
47980,0.787784
47981,0.693927
47982,0.162759
47983,0.203116
47984,0.869475
47985,0.554968
47986,0.266817
47987,0.826907
47989,0.752339
47990,0.342030
47991,0.412831
47992,0.820152
47993,0.828796
47995,0.593991
47997,0.644103
47998,0.843274
47999,0.828063
48001,0.973588
48002,0.592647
48003,0.321552
48004,0.244405
48005,0.190304
48006,0.461777
48007,0.673593
48008,0.273284
48009,0.806685
48011,0.253295
48012,0.345341
48013,0.858552
48014,0.799051
48015,0.701182
48016,0.722961
48017,0.543245
48018,0.842108
48019,0.943021
48020,0.116303
48021,0.258839
48022,0.868830
48023,0.903031
48024,0.760550
48025,0.539001
48026,0.422220
48027,0.169893
48028,0.502533
48029,0.235705
48030,0.317563
48031,0.396609
48032,0.439999
48033,0.785351
48034,0.702993
48035,0.209782
48036,0.976244
48037,0.841641
48038,0.620714
48039,0.559468
48040,0.564824
48041,0.329574
48042,0.811196
48043,0.824785
48044,0.332018
48046,0.226772
48047,0.697671
48048,0.806573
48049,0.305018
48050,0.495200
48051,0.658204
48052,0.435310
48053,0.367975
48054,0.085391
48055,0.234594
48056,0.766750
48057,0.726294
48058,0.482122
48059,0.444910
48060,0.580813
48061,0.184104
48062,0.517189
48063,0.934376
48064,0.225427
48066,0.928787
48067,0.293540
48068,0.274762
48069,0.346163
48070,0.395798
48071,0.377531
48072,0.849274
48073,0.713227
48074,0.734872
48075,0.768962
48076,0.959399
48077,0.762706
48078,0.603369
48079,0.316151
48080,0.869564
48081,0.047179
48082,0.144081
48083,0.705627
48085,0.505445
48086,0.203105
48087,0.521145
48089,0.878864
48090,0.131870
48091,0.480655
48092,0.072035
48093,0.668115
48094,0.671637
48095,0.063201
48096,0.945999
48097,0.404831
48098,0.951366
48099,0.240283
48100,0.298840
48101,0.068279
48102,0.805707
48103,0.316063
48104,0.342785
48105,0.606391
48106,0.662715
48107,0.299884
48108,0.252972
48110,0.394709
48111,0.958466
48112,0.175359
48113,0.783729
48114,0.509167
48115,0.205938
48117,0.174071
48118,0.739850
48119,0.130725
48120,0.776006
48121,0.866997
48122,0.306240
48123,0.107369
48124,0.871619
48126,0.718683
48127,0.867053
48129,0.248828
48130,0.096747
48131,0.864541
48133,0.341752
48134,0.356075
48135,0.832685
48136,0.095413
48137,0.506633
48138,0.862164
48139,0.566313
48140,0.955766
48141,0.610036
48142,0.843908
48143,0.916898
48144,0.769706
48146,0.912054
48147,0.283917
48148,0.059668
48149,0.070046
48150,0.375342
48152,0.291006
48153,0.298896
48154,0.711127
48155,0.761984
48156,0.886042
48157,0.825129
48158,0.871608
48159,0.643670
48160,0.800573
48161,0.558657
48162,0.802529
48163,0.183549
48165,0.669648
48166,0.881031
48167,0.315874
48168,0.492255
48169,0.746350
48170,0.291795
48171,0.187538
48172,0.864753
48173,0.534145
48174,0.079368
48175,0.703116
48176,0.328552
48177,0.753572
48178,0.397020
48179,0.714260
48180,0.410920
48181,0.275139
48182,0.752228
48183,0.559757
48185,0.839974
48186,0.559079
48187,0.331196
48188,0.501767
48189,0.238061
48190,0.634247
48191,0.326885
48192,0.862964
48195,0.695815
48196,0.933010
48197,0.385142
48198,0.213405
48199,0.226916
48201,0.361775
48202,0.737916
48203,0.281628
48204,0.359252
48205,0.097080
48206,0.801284
48207,0.362219
48208,0.374186
48209,0.128258
48210,0.195438
48211,0.668482
48212,0.091169
48213,0.094869
48214,0.403876
48215,0.679282
48216,0.214660
48217,0.956977
48218,0.338663
48219,0.484122
48220,0.719894
48222,0.279340
48224,0.815396
48225,0.696382
48226,0.672015
48227,0.396287
48228,0.780117
48229,0.338963
48230,0.388609
48232,0.705627
48233,0.287317
48234,0.967488
48236,0.173093
48238,0.356986
48240,0.418265
48243,0.557123
48244,0.089602
48245,0.727105
48246,0.723894
48247,0.886709
48249,0.538479
48250,0.863475
48251,0.819040
48252,0.526523
48253,0.251294
48254,0.399298
48255,0.264817
48256,0.320052
48257,0.795362
48258,0.035234
48259,0.009267
48260,0.443588
48261,0.765684
48262,0.921476
48263,0.639092
48265,0.402653
48266,0.762861
48267,0.478922
48268,0.207249
48270,0.354752
48271,0.122425
48272,0.226638
48273,0.450766
48274,0.948010
48275,0.814540
48277,0.714527
48278,0.567890
48280,0.129325
48281,0.902409
48282,0.168182
48283,0.318696
48284,0.459110
48285,0.661348
48287,0.615336
48288,0.134847
48289,0.329507
48290,0.751417
48291,0.043612
48292,0.305507
48293,0.791506
48294,0.820974
48295,0.070724
48296,0.447032
48297,0.223772
48298,0.771950
48299,0.284084
48300,0.825096
48301,0.389620
48303,0.521278
48304,0.858430
48305,0.736027
48306,0.923554
48307,0.643114
48308,0.964810
48309,0.754306
48310,0.263195
48311,0.114191
48312,0.839741
48313,0.365108
48315,0.599158
48316,0.912987
48317,0.444232
48318,0.769050
48319,0.284140
48320,0.329252
48321,0.643592
48322,0.895042
48323,0.698982
48324,0.241005
48325,0.256695
48326,0.245439
48327,0.455332
48328,0.534223
48329,0.868430
48330,0.336452
48331,0.447843
48332,0.187604
48333,0.273517
48334,0.549012
48335,0.838930
48336,0.184204
48337,0.377331
48338,0.880964
48339,0.294173
48340,0.223227
48341,0.288618
48342,0.145681
48344,0.433710
48345,0.503111
48346,0.884664
48347,0.239383
48348,0.873075
48349,0.383675
48350,0.213394
48352,0.342119
48353,0.351397
48355,0.703038
48357,0.267528
48358,0.293607
48359,0.099558
48360,0.240128
48361,0.233872
48362,0.224083
48363,0.898798
48364,0.806840
48365,0.955077
48366,0.951910
48367,0.711882
48369,0.702771
48370,0.944843
48371,0.364308
48372,0.912287
48373,0.406865
48374,0.354541
48375,0.839952
48376,0.900809
48377,0.225127
48378,0.244483
48379,0.948088
48380,0.176082
48381,0.899709
48382,0.152870
48383,0.194604
48384,0.214027
48385,0.714038
48386,0.136670
48387,0.567590
48388,0.546223
48389,0.089591
48390,0.700216
48391,0.515289
48392,0.902442
48393,0.961699
48394,0.249506
48395,0.334552
48396,0.849497
48397,0.714783
48398,0.389220
48399,0.498244
48400,0.749294
48401,0.863219
48404,0.808462
48405,0.246039
48407,0.097802
48408,0.496600
48409,0.864475
48410,0.523289
48411,0.740650
48412,0.846341
48413,0.558235
48414,0.171915
48415,0.172259
48416,0.250206
48417,0.646048
48418,0.761628
48420,0.236905
48421,0.357130
48422,0.384520
48423,0.262595
48424,0.161892
48425,0.361652
48426,0.982344
48427,0.062801
48428,0.051668
48429,0.713227
48430,0.809462
48432,0.832474
48433,0.806040
48435,0.507022
48437,0.243517
48438,0.647614
48439,0.340796
48440,0.730616
48441,0.285284
48442,0.673204
48443,0.802318
48444,0.227861
48445,0.882231
48446,0.840363
48447,0.867019
48448,0.369953
48450,0.504145
48451,0.856897
48452,0.182626
48453,0.556912
48454,0.831363
48455,0.750017
48456,0.379320
48457,0.034590
48458,0.729072
48459,0.359030
48460,0.794940
48461,0.125825
48462,0.276428
48463,0.155681
48464,0.261772
48465,0.410642
48466,0.253739
48467,0.319263
48468,0.256583
48469,0.408820
48470,0.316674
48471,0.437121
48472,0.223738
48473,0.416498
48474,0.498044
48475,0.897242
48476,0.031301
48477,0.423798
48478,0.692738
48479,0.816107
48480,0.098313
48482,0.263617
48483,0.063235
48484,0.412998
48485,0.151659
48486,0.188315
48487,0.188760
48488,0.769750
48489,0.059479
48490,0.228094
48491,0.217994
48492,0.537801
48493,0.069190
48494,0.134181
48495,0.398553
48496,0.374453
48497,0.850652
48498,0.798807
48499,0.313107
48500,0.037968
48501,0.633759
48502,0.518545
48503,0.842330
48504,0.264817
48505,0.224338
48506,0.350886
48508,0.177971
48509,0.699427
48510,0.030467
48511,0.388486
48512,0.627114
48513,0.252539
48514,0.161337
48515,0.412120
48516,0.158281
48517,0.310918
48520,0.027978
48521,0.529401
48522,0.184337
48523,0.251061
48524,0.662593
48526,0.800173
48527,0.855297
48528,0.728461
48529,0.788718
48530,0.919220
48531,0.771050
48532,0.919632
48534,0.221783
48535,0.908865
48536,0.664581
48537,0.567535
48538,0.811740
48540,0.408965
48541,0.665459
48542,0.369919
48543,0.654759
48544,0.177248
48545,0.577235
48546,0.750528
48547,0.148948
48548,0.281617
48549,0.567924
48550,0.474411
48551,0.358052
48552,0.587435
48553,0.799240
48555,0.729861
48556,0.083935
48557,0.089113
48558,0.078491
48559,0.292584
48561,0.593958
48562,0.789129
48563,0.141336
48564,0.344919
48565,0.236561
48566,0.372908
48567,0.333252
48568,0.750694
48570,0.405042
48571,0.567879
48572,0.244339
48573,0.950710
48574,0.963299
48575,0.375064
48576,0.264984
48577,0.569990
48578,0.080835
48579,0.768528
48580,0.069357
48581,0.876297
48582,0.427887
48583,0.309585
48584,0.237928
48585,0.385609
48586,0.912442
48587,0.121469
48588,0.058190
48589,0.687960
48591,0.427932
48592,0.677171
48593,0.348919
48594,0.400020
48596,0.890820
48597,0.080191
48598,0.943432
48599,0.731238
48601,0.058457
48602,0.884664
48603,0.414109
48604,0.102113
48605,0.513400
48606,0.628503
48609,0.729916
48610,0.718605
48611,0.324229
48613,0.639714
48614,0.662781
48615,0.591269
48616,0.155292
48617,0.677826
48618,0.072246
48619,0.410742
48620,0.490544
48621,0.854941
48622,0.764139
48624,0.193404
48625,0.280240
48626,0.277339
48627,0.378486
48628,0.749617
48629,0.368786
48630,0.795629
48631,0.305051
48632,0.690893
48633,0.882775
48634,0.760650
48635,0.629403
48636,0.328407
48638,0.718972
48639,0.244617
48640,0.434332
48641,0.216271
48642,0.845519
48644,0.769117
48645,0.860986
48646,0.110102
48648,0.400609
48649,0.297507
48650,0.460277
48651,0.201316
48652,0.896553
48653,0.140692
48654,0.931365
48655,0.595569
48656,0.221527
48657,0.290740
48658,0.825896
48659,0.330518
48661,0.785006
48662,0.249917
48663,0.410342
48664,0.748806
48665,0.811307
48666,0.272039
48667,0.753483
48668,0.223816
48669,0.210238
48671,0.506811
48672,0.269084
48675,0.224583
48676,0.289118
48677,0.234783
48678,0.185026
48679,0.824452
48680,0.796495
48682,0.447843
48683,0.674648
48684,0.162426
48686,0.184337
48687,0.923121
48689,0.734227
48690,0.075479
48691,0.017512
48692,0.958432
48693,0.658226
48694,0.477533
48695,0.863164
48696,0.472266
48697,0.281095
48698,0.257028
48700,0.253772
48702,0.650348
48703,0.946665
48704,0.947632
48705,0.929076
48706,0.634270
48707,0.646603
48708,0.496833
48709,0.462421
48710,0.692882
48711,0.679348
48712,0.376131
48713,0.468433
48714,0.278140
48715,0.932576
48716,0.861275
48717,0.422843
48718,0.638859
48719,0.806162
48720,0.474677
48721,0.612269
48722,0.451588
48723,0.281751
48724,0.258772
48725,0.945988
48726,0.340674
48727,0.317763
48728,0.240683
48729,0.274495
48730,0.724861
48731,0.775951
48732,0.260361
48733,0.505811
48734,0.244017
48735,0.091258
48736,0.623169
48737,0.353897
48738,0.089269
48739,0.575068
48740,0.846997
48741,0.916554
48742,0.467244
48743,0.476499
48744,0.918243
48745,0.954955
48746,0.321874
48747,0.832774
48748,0.574357
48749,0.200827
48750,0.865908
48751,0.324152
48752,0.156881
48753,0.780240
48754,0.821818
48756,0.066079
48757,0.299873
48758,0.890231
48759,0.664659
48760,0.957088
48762,0.422854
48765,0.352274
48767,0.781762
48768,0.566313
48769,0.763073
48770,0.820629
48771,0.352863
48772,0.260006
48773,0.340685
48774,0.093335
48776,0.294507
48777,0.076513
48778,0.278495
48779,0.285929
48780,0.308596
48781,0.889986
48782,0.203227
48783,0.092213
48784,0.910342
48785,0.556623
48786,0.577591
48787,0.961644
48788,0.040156
48789,0.198949
48790,0.482277
48791,0.250172
48792,0.921487
48793,0.437410
48794,0.123381
48795,0.233861
48796,0.669737
48797,0.263350
48798,0.620880
48799,0.759439
48800,0.778217
48801,0.259984
48802,0.160281
48803,0.807562
48804,0.835152
48805,0.298551
48806,0.192115
48807,0.331063
48808,0.128981
48809,0.272406
48811,0.265450
48812,0.860819
48814,0.805696
48815,0.368675
48817,0.934799
48818,0.770928
48819,0.373397
48820,0.144670
48821,0.770350
48822,0.298496
48823,0.771528
48824,0.869953
48825,0.912920
48826,0.800862
48827,0.172815
48828,0.248139
48829,0.354486
48830,0.689971
48833,0.173437
48834,0.810729
48835,0.007522
48836,0.076502
48837,0.266873
48838,0.268839
48839,0.469199
48840,0.659659
48841,0.832596
48842,0.274751
48843,0.332985
48844,0.161492
48845,0.355452
48846,0.847463
48847,0.583624
48849,0.572635
48850,0.918054
48851,0.235950
48852,0.282695
48853,0.303996
48854,0.965633
48855,0.868319
48857,0.829163
48858,0.306985
48859,0.622569
48860,0.808074
48861,0.130736
48862,0.793795
48863,0.862930
48864,0.402609
48865,0.247928
48866,0.185049
48867,0.241316
48868,0.454321
48869,0.766350
48870,0.642503
48871,0.904298
48872,0.227172
48873,0.277584
48874,0.128858
48875,0.632725
48878,0.609925
48880,0.322018
48881,0.728327
48882,0.724183
48883,0.566746
48884,0.929154
48885,0.113647
48886,0.130925
48887,0.146103
48888,0.359597
48889,0.972177
48890,0.213838
48891,0.808051
48892,0.249317
48893,0.458277
48894,0.950577
48895,0.381197
48896,0.821140
48898,0.330941
48899,0.185949
48900,0.331130
48901,0.942188
48902,0.767528
48903,0.115869
48904,0.233305
48905,0.792662
48906,0.235372
48907,0.764217
48908,0.835963
48909,0.241705
48910,0.444488
48911,0.652226
48912,0.190182
48913,0.344063
48914,0.333141
48915,0.339385
48916,0.235994
48917,0.924721
48918,0.618180
48919,0.170915
48920,0.699060
48921,0.255239
48922,0.671704
48923,0.916609
48924,0.806262
48926,0.167870
48927,0.934243
48929,0.373497
48930,0.379508
48931,0.531045
48932,0.214460
48933,0.748017
48934,0.592813
48935,0.350152
48936,0.250183
48937,0.766328
48938,0.256539
48940,0.766628
48941,0.197927
48942,0.360097
48943,0.517878
48944,0.203638
48945,0.298418
48946,0.484422
48948,0.848763
48949,0.615447
48950,0.195549
48951,0.885609
48952,0.331152
48953,0.582335
48954,0.704805
48955,0.434010
48956,0.243694
48957,0.139936
48958,0.037467
48959,0.107080
48960,0.831763
48961,0.730750
48962,0.386786
48963,0.153248
48964,0.313974
48965,0.147837
48966,0.071390
48967,0.599147
48968,0.450610
48969,0.483189
48970,0.853375
48971,0.287340
48972,0.819274
48973,0.599002
48974,0.251783
48975,0.878286
48976,0.460910
48977,0.363719
48978,0.424354
48979,0.136725
48980,0.502967
48981,0.292106
48983,0.170204
48984,0.877831
48985,0.236016
48986,0.756883
48987,0.304040
48988,0.314063
48989,0.419620
48990,0.475777
48992,0.945210
48993,0.928465
48994,0.403242
48995,0.526056
48997,0.877731
48999,0.683882
49000,0.863853
49001,0.252383
49002,0.634747
49003,0.657137
49004,0.989389
49005,0.470577
49007,0.706738
49008,0.242305
49010,0.263950
49011,0.448554
49012,0.311896
49014,0.787329
49015,0.318729
49016,0.813274
49017,0.296307
49019,0.056579
49020,0.281984
49021,0.851452
49022,0.839530
49023,0.539856
49024,0.299384
49025,0.089669
49026,0.354863
49027,0.628970
49028,0.403320
49029,0.339030
49030,0.101591
49031,0.451732
49032,0.904698
49033,0.314107
49034,0.784473
49035,0.814174
49036,0.516911
49037,0.225272
49038,0.277540
49039,0.536023
49040,0.308685
49041,0.392787
49043,0.303729
49045,0.309551
49046,0.345163
49047,0.366586
49048,0.201371
49049,0.309251
49050,0.936965
49051,0.552857
49052,0.407231
49053,0.164093
49054,0.704993
49056,0.503833
49057,0.352575
49058,0.191138
49060,0.650537
49061,0.283840
49062,0.260139
49063,0.837441
49064,0.308529
49065,0.225261
49066,0.145403
49067,0.178882
49068,0.761172
49069,0.306751
49070,0.304651
49071,0.192571
49072,0.978188
49073,0.186860
49074,0.691882
49075,0.234494
49076,0.219872
49077,0.512067
49078,0.586402
49079,0.761184
49081,0.193927
49082,0.610714
49085,0.194249
49086,0.295284
49087,0.720716
49088,0.569168
49090,0.064879
49091,0.094169
49092,0.318696
49093,0.542645
49094,0.254861
49095,0.277328
49096,0.249650
49097,0.203671
49098,0.581491
49099,0.080891
49100,0.856197
49101,0.900531
49102,0.846874
49103,0.847430
49104,0.059057
49105,0.229316
49106,0.168604
49107,0.025789
49108,0.212994
49109,0.799118
49110,0.750717
49111,0.476033
49112,0.230916
49114,0.767828
49115,0.260872
49116,0.237861
49117,0.508700
49118,0.871942
49119,0.447532
49121,0.838552
49122,0.787062
49123,0.489278
49124,0.403976
49125,0.169415
49126,0.179937
49127,0.352997
49129,0.428954
49130,0.905687
49131,0.704849
49132,0.774295
49133,0.352697
49135,0.451832
49136,0.859375
49137,0.382264
49138,0.729672
49139,0.178237
49140,0.660137
49141,0.252428
49142,0.863197
49143,0.656481
49144,0.810951
49145,0.753861
49146,0.768706
49147,0.702271
49148,0.305940
49149,0.498589
49150,0.944877
49151,0.496211
49152,0.864219
49153,0.916065
49154,0.300429
49155,0.115703
49156,0.045179
49157,0.945443
49159,0.079946
49161,0.263561
49162,0.223449
49163,0.424854
49164,0.122603
49165,0.370075
49166,0.410487
49167,0.317607
49168,0.255606
49169,0.035901
49170,0.373142
49171,0.463455
49172,0.236683
49173,0.384742
49175,0.374319
49176,0.783540
49178,0.534745
49180,0.215038
49182,0.216971
49183,0.856197
49184,0.858308
49185,0.321529
49186,0.293707
49187,0.764228
49188,0.501700
49189,0.860452
49190,0.578135
49191,0.136403
49192,0.341119
49193,0.659081
49194,0.306296
49195,0.082613
49196,0.784451
49198,0.240728
49199,0.888886
49200,0.758461
49202,0.769062
49203,0.989333
49204,0.682026
49206,0.620503
49207,0.775251
49208,0.323207
49209,0.569790
49211,0.762272
49212,0.800907
49213,0.474699
49214,0.246461
49215,0.821863
49216,0.248994
49217,0.358352
49218,0.813174
49219,0.744950
49220,0.352919
49221,0.837285
49222,0.439510
49223,0.863097
49224,0.213505
49225,0.177582
49228,0.685604
49229,0.242539
49230,0.319040
49231,0.788540
49232,0.762428
49233,0.924576
49234,0.746239
49235,0.853441
49237,0.494311
49238,0.841352
49239,0.202204
49240,0.490422
49241,0.878597
49242,0.775362
49243,0.099936
49244,0.317707
49245,0.805918
49246,0.253017
49248,0.281017
49249,0.581613
49250,0.054890
49251,0.728583
49252,0.735661
49253,0.129792
49255,0.996689
49256,0.125192
49257,0.235783
49258,0.403331
49259,0.227972
49260,0.158570
49261,0.160692
49262,0.829752
49264,0.221727
49265,0.230938
49266,0.324718
49267,0.809518
49268,0.492733
49269,0.399698
49270,0.318174
49271,0.327718
49272,0.882042
49273,0.214327
49274,0.809851
49275,0.134192
49276,0.653703
49277,0.869142
49278,0.387331
49279,0.704605
49280,0.893931
49281,0.289973
49282,0.317929
49283,0.356952
49284,0.801496
49285,0.689271
49286,0.082524
49288,0.300562
49289,0.814196
49290,0.217594
49291,0.275439
49292,0.210471
49293,0.546857
49294,0.613203
49295,0.240561
49296,0.717883
49297,0.841319
49298,0.655992
49299,0.079691
49300,0.378653
49301,0.511722
49302,0.850886
49303,0.045334
49304,0.079524
49305,0.785206
49306,0.222249
49307,0.766106
49309,0.222049
49310,0.705605
49311,0.470099
49312,0.936143
49313,0.741083
49314,0.866053
49315,0.448799
49316,0.874519
49317,0.280584
49318,0.201793
49319,0.572568
49320,0.729127
49321,0.815018
49322,0.744050
49323,0.274928
49324,0.444988
49325,0.609802
49326,0.273051
49327,0.249872
49328,0.583780
49329,0.502767
49330,0.728883
49331,0.616736
49332,0.219994
49333,0.375064
49334,0.311251
49335,0.739928
49336,0.863186
49337,0.186660
49338,0.764573
49339,0.982833
49340,0.854052
49341,0.148537
49342,0.691593
49343,0.807562
49344,0.765661
49345,0.221138
49346,0.410420
49347,0.654481
49348,0.268417
49349,0.370297
49350,0.866264
49351,0.383342
49352,0.490100
49353,0.784773
49354,0.401664
49355,0.853586
49356,0.915787
49357,0.419265
49358,0.064979
49359,0.285729
49360,0.473222
49361,0.595880
49362,0.795818
49363,0.292673
49364,0.747472
49365,0.565379
49366,0.675582
49367,0.930632
49368,0.241161
49369,0.830152
49370,0.764728
49371,0.738816
49372,0.338596
49374,0.132270
49375,0.624147
49376,0.643625
49377,0.779006
49378,0.398764
49379,0.055101
49380,0.214783
49381,0.832585
49382,0.770606
49383,0.411776
49384,0.408987
49386,0.643259
49387,0.134736
49388,0.319585
49390,0.568957
49391,0.924398
49392,0.991389
49393,0.347730
49395,0.799629
49396,0.103469
49397,0.373697
49398,0.206138
49399,0.421932
49400,0.913809
49401,0.821907
49402,0.843041
49403,0.564946
49404,0.625681
49406,0.441021
49407,0.405565
49408,0.355908
49409,0.165248
49410,0.262784
49411,0.586035
49413,0.810429
49414,0.181115
49416,0.929310
49417,0.164326
49419,0.752394
49421,0.784184
49422,0.234883
49423,0.007756
49424,0.283806
49425,0.809307
49426,0.151192
49427,0.624714
49429,0.303607
49430,0.445999
49431,0.654826
49432,0.745750
49433,0.742761
49434,0.257061
49435,0.803862
49436,0.200482
49437,0.784040
49438,0.807062
49439,0.440643
49440,0.595202
49441,0.285451
49442,0.841252
49443,0.611036
49444,0.664437
49445,0.301251
49446,0.948521
49448,0.181782
49449,0.942865
49450,0.682493
49451,0.833941
49452,0.501811
49453,0.456210
49454,0.373764
49455,0.227827
49456,0.420920
49457,0.177571
49458,0.603569
49459,0.835741
49460,0.742350
49461,0.230072
49462,0.332230
49464,0.446254
49465,0.832296
49466,0.767384
49467,0.506656
49468,0.608069
49470,0.536112
49471,0.145681
49472,0.693027
49473,0.267006
49474,0.805662
49475,0.119003
49476,0.293518
49477,0.671937
49478,0.854852
49479,0.166793
49480,0.472044
49481,0.144614
49482,0.426709
49483,0.236750
49484,0.916109
49485,0.923221
49486,0.652792
49487,0.272062
49488,0.854263
49489,0.686404
49490,0.092880
49491,0.786695
49492,0.585080
49493,0.190460
49494,0.877053
49495,0.357852
49496,0.801896
49497,0.155803
49498,0.495655
49499,0.123981
49500,0.665659
49502,0.674248
49503,0.281273
49504,0.249972
49505,0.197960
49506,0.772306
49507,0.183749
49508,0.259039
49509,0.206471
49510,0.379942
49511,0.457232
49512,0.835963
49513,0.384397
49514,0.651537
49515,0.626569
49516,0.340396
49517,0.150703
49518,0.611347
49519,0.925309
49520,0.776639
49521,0.524889
49522,0.372764
49523,0.466455
49524,0.128636
49525,0.038968
49526,0.879108
49527,0.863997
49528,0.611514
49529,0.391786
49531,0.635759
49532,0.105702
49533,0.306618
49534,0.303873
49535,0.879931
49536,0.656970
49537,0.200949
49538,0.845841
49539,0.790906
49540,0.647470
49541,0.326674
49542,0.815507
49543,0.226905
49544,0.763295
49545,0.267795
49546,0.094169
49547,0.744661
49548,0.597802
49549,0.384420
49550,0.596147
49551,0.906353
49552,0.808485
49553,0.871497
49554,0.310529
49555,0.563535
49556,0.422698
49557,0.423665
49558,0.060390
49559,0.078124
49560,0.156115
49562,0.705571
49563,0.435576
49565,0.543034
49566,0.328263
49567,0.807762
49568,0.241261
49569,0.293507
49571,0.578135
49572,0.741683
49573,0.844419
49574,0.787940
49575,0.875486
49576,0.670826
49577,0.628425
49578,0.011489
49579,0.198538
49580,0.247428
49581,0.138092
49582,0.102313
49583,0.423098
49584,0.214938
49585,0.173537
49586,0.260028
49587,0.794273
49588,0.658904
49589,0.846474
49590,0.435354
49591,0.529667
49593,0.451943
49594,0.519378
49595,0.668026
49596,0.333196
49597,0.942310
49598,0.737483
49599,0.330318
49601,0.187215
49602,0.239761
49603,0.959010
49604,0.626081
49605,0.906353
49607,0.396120
49609,0.767750
49610,0.527167
49611,0.164537
49612,0.437010
49613,0.281928
49614,0.630925
49615,0.195760
49616,0.838963
49617,0.177415
49619,0.786517
49620,0.249039
49621,0.813618
49622,0.332585
49623,0.225283
49624,0.396275
49625,0.327652
49626,0.172482
49627,0.188793
49628,0.366164
49629,0.830074
49630,0.259284
49631,0.145670
49632,0.549434
49633,0.056557
49635,0.859064
49637,0.692860
49638,0.812685
49639,0.277673
49642,0.103036
49643,0.951954
49644,0.220016
49645,0.583035
49646,0.378808
49647,0.427198
49648,0.272362
49649,0.693704
49650,0.421243
49651,0.691682
49652,0.330730
49653,0.238772
49654,0.655848
49655,0.906476
49656,0.373331
49657,0.147248
49658,0.879531
49659,0.186404
49660,0.018089
49661,0.726794
49662,0.900320
49663,0.356686
49664,0.321196
49665,0.630770
49666,0.497878
49667,0.478688
49668,0.556057
49670,0.331385
49671,0.203827
49673,0.134892
49674,0.408820
49675,0.411165
49676,0.343963
49677,0.081502
49678,0.215205
49679,0.888075
49680,0.527678
49682,0.290484
49683,0.090002
49684,0.368253
49685,0.545601
49686,0.177826
49687,0.596135
49688,0.720860
49689,0.874764
49690,0.141425
49691,0.573124
49692,0.953421
49693,0.566168
49694,0.727550
49695,0.500111
49697,0.318329
49698,0.329630
49699,0.637203
49700,0.649526
49701,0.585469
49702,0.167582
49703,0.511622
49704,0.996144
49705,0.366908
49706,0.699771
49707,0.459510
49708,0.790140
49709,0.994267
49710,0.261206
49711,0.871430
49712,0.269073
49713,0.577835
49714,0.719127
49715,0.433076
49716,0.224927
49717,0.478500
49718,0.697927
49719,0.222249
49720,0.538490
49721,0.754639
49723,0.660348
49724,0.348219
49725,0.396220
49726,0.842463
49727,0.276151
49728,0.358764
49729,0.761550
49731,0.878120
49732,0.122558
49733,0.686404
49734,0.351052
49735,0.475999
49736,0.691715
49737,0.265906
49739,0.858041
49740,0.186960
49741,0.823552
49742,0.146025
49743,0.320985
49744,0.953110
49745,0.750850
49746,0.194215
49747,0.636570
49749,0.550834
49750,0.956243
49751,0.390420
49752,0.165093
49753,0.261984
49754,0.548123
49756,0.411431
49757,0.512756
49758,0.365808
49759,0.325507
49760,0.848730
49761,0.956021
49762,0.316874
49763,0.341152
49764,0.367542
49766,0.161726
49767,0.961532
49768,0.920920
49769,0.291806
49770,0.777528
49771,0.322952
49772,0.213716
49773,0.693927
49774,0.140414
49775,0.120914
49777,0.839085
49778,0.016645
49779,0.769739
49780,0.834719
49781,0.338974
49782,0.191149
49783,0.816718
49784,0.553601
49785,0.929632
49786,0.555379
49787,0.237094
49788,0.261506
49789,0.675859
49790,0.786240
49791,0.173137
49792,0.326618
49793,0.214805
49794,0.762895
49795,0.309529
49796,0.691126
49797,0.824663
49798,0.395631
49799,0.191815
49800,0.109069
49801,0.150026
49802,0.625958
49803,0.395231
49804,0.271573
49805,0.894420
49806,0.559257
49807,0.413698
49808,0.620680
49809,0.188649
49810,0.254550
49811,0.650114
49812,0.605380
49813,0.318140
49814,0.228938
49815,0.531923
49816,0.622992
49817,0.480755
49818,0.382553
49819,0.393031
49820,0.677926
49821,0.143970
49822,0.711927
49823,0.242628
49825,0.314851
49827,0.193293
49828,0.421709
49829,0.714016
49830,0.051234
49831,0.861630
49833,0.871430
49834,0.257383
49835,0.564635
49836,0.257772
49837,0.156370
49838,0.271806
49839,0.588846
49840,0.845174
49841,0.245239
49842,0.790162
49843,0.170893
49844,0.321618
49845,0.461588
49846,0.274462
49847,0.636836
49848,0.548801
49849,0.286151
49850,0.125947
49851,0.299507
49852,0.045690
49853,0.225938
49854,0.198660
49855,0.324307
49856,0.054423
49857,0.212971
49858,0.568790
49859,0.246717
49860,0.797940
49861,0.250472
49862,0.740561
49863,0.110969
49864,0.816707
49866,0.400531
49869,0.774151
49870,0.932732
49871,0.925754
49872,0.879708
49873,0.285140
49874,0.461399
49875,0.327307
49876,0.466788
49878,0.616436
49879,0.177637
49881,0.777895
49882,0.980955
49883,0.620869
49884,0.055035
49885,0.182749
49886,0.802184
49887,0.868419
49888,0.342974
49890,0.313585
49892,0.228183
49893,0.834652
49894,0.317707
49895,0.403420
49896,0.717649
49897,0.097702
49898,0.472344
49899,0.296907
49900,0.927087
49901,0.719594
49902,0.198871
49903,0.750828
49904,0.524456
49905,0.695404
49906,0.475166
49907,0.793229
49908,0.212538
49909,0.116847
49910,0.343319
49911,0.681448
49912,0.435899
49913,0.750006
49914,0.048223
49915,0.348774
49916,0.900876
49917,0.410142
49918,0.140936
49919,0.277562
49920,0.458221
49921,0.835585
49922,0.560912
49923,0.328496
49924,0.093224
49925,0.604058
49926,0.319518
49927,0.757561
49929,0.023767
49930,0.879642
49931,0.167381
49932,0.341774
49933,0.663370
49934,0.129814
49935,0.255195
49936,0.221094
49937,0.256372
49938,0.925921
49939,0.395953
49940,0.528167
49941,0.263017
49942,0.828618
49943,0.307962
49944,0.423598
49945,0.149159
49946,0.866208
49947,0.709482
49948,0.231027
49949,0.276517
49950,0.806529
49951,0.971810
49952,0.379631
49954,0.522534
49955,0.750261
49958,0.730127
49959,0.367475
49960,0.181237
49961,0.468022
49962,0.845752
49963,0.408820
49964,0.285017
49965,0.304440
49966,0.318196
49967,0.423387
49968,0.147037
49970,0.061857
49971,0.222816
49972,0.513156
49973,0.737272
49974,0.830230
49975,0.640348
49976,0.823107
49977,0.274239
49978,0.367408
49980,0.487455
49982,0.212560
49983,0.616458
49984,0.696838
49986,0.315263
49987,0.371819
49988,0.506789
49989,0.307051
49990,0.700682
49991,0.057501
49992,0.047323
49993,0.744583
49994,0.945488
49995,0.755417
49996,0.819363
49997,0.442476
49998,0.206027
49999,0.393253
